// Copyright 2026 QMK -- generated source code only, image retains original copyright
// SPDX-License-Identifier: GPL-2.0-or-later

// This file was auto-generated by `painter_convert_graphics` with arguments:
//    format | rgb565
//    output | graphics
//    input  | sayaka.png

// Image's metadata
// ----------------
// Width: 135
// Height: 240
// Single frame

#include <qp.h>

const uint32_t gfx_sayaka_length = 64848;

// clang-format off
const uint8_t gfx_sayaka[64848] = {
    0x00, 0xFF, 0x12, 0x00, 0x00, 0x51, 0x47, 0x46, 0x01, 0x50, 0xFD, 0x00, 0x00, 0xAF, 0x02, 0xFF,
    0xFF, 0x87, 0x00, 0xF0, 0x00, 0x01, 0x00, 0x01, 0xFE, 0x04, 0x00, 0x00, 0x20, 0x00, 0x00, 0x00,
    0x02, 0xFD, 0x06, 0x00, 0x00, 0x08, 0x00, 0x00, 0xFF, 0xE8, 0x03, 0x05, 0xFA, 0x20, 0xFD, 0x00,
    0x65, 0xDD, 0x65, 0xDD, 0x65, 0xDD, 0x65, 0xDD, 0x5D, 0xDD, 0x5D, 0xDD, 0x5D, 0xDD, 0x5D, 0xDD,
    0x65, 0xDD, 0x65, 0xFD, 0x65, 0xFD, 0x65, 0xDD, 0x65, 0xDD, 0x65, 0xDD, 0x65, 0xDD, 0x5D, 0xDD,
    0x5D, 0xDD, 0x5D, 0xDD, 0x5D, 0xBC, 0x5D, 0xDD, 0x5D, 0xDD, 0x5D, 0xDD, 0x65, 0xDD, 0x5D, 0xDC,
    0x65, 0xDD, 0x65, 0xDD, 0x5D, 0xDD, 0x65, 0xDD, 0x65, 0xDD, 0x65, 0xDD, 0x65, 0xDD, 0x65, 0xDD,
    0x65, 0xDD, 0x65, 0xDD, 0x5D, 0xDC, 0x5D, 0xDC, 0x65, 0xDD, 0x65, 0xDD, 0x65, 0xBC, 0x65, 0xDC,
    0x65, 0xDD, 0x65, 0xDD, 0x65, 0xDD, 0x65, 0xDC, 0x65, 0xDD, 0x65, 0xDD, 0x6D, 0xDD, 0x6D, 0xDD,
    0x6D, 0xFD, 0x6D, 0xDD, 0x6D, 0xDD, 0x6D, 0xDD, 0x65, 0xDD, 0x6D, 0xFD, 0x6D, 0xFD, 0x6D, 0xFD,
    0x6D, 0xFD, 0x65, 0xDC, 0x6D, 0xFD, 0x6D, 0xFD, 0x65, 0xDC, 0x6D, 0xFD, 0x6D, 0xFC, 0x6D, 0xDD,
    0x6D, 0xFD, 0x6D, 0xDD, 0x6D, 0xFD, 0x6D, 0xDC, 0x6D, 0xDC, 0x65, 0x7A, 0x54, 0x76, 0x22, 0xF0,
    0x09, 0xED, 0x01, 0xAC, 0x01, 0xAB, 0x09, 0xAB, 0x11, 0xCB, 0x09, 0x8B, 0x09, 0x8B, 0x09, 0x8B,
    0x09, 0x8B, 0x11, 0xAB, 0x09, 0x8B, 0x09, 0x8B, 0x09, 0x8B, 0x01, 0x8B, 0x09, 0xAB, 0x19, 0xEC,
    0x19, 0xEC, 0x09, 0x8A, 0x11, 0xAB, 0x11, 0xCB, 0x09, 0x8A, 0x09, 0x8B, 0x09, 0xAB, 0x09, 0xAB,
    0x09, 0xAB, 0x01, 0x6A, 0x01, 0x8A, 0x01, 0x8A, 0x09, 0xAB, 0x11, 0xEC, 0x11, 0xEC, 0x11, 0xCB,
    0x09, 0xAB, 0x09, 0xAB, 0x09, 0xAB, 0x09, 0x8B, 0x01, 0x6A, 0x09, 0x8B, 0x09, 0xAB, 0x09, 0xAB,
    0x11, 0xAB, 0x11, 0xAB, 0x11, 0xAB, 0x11, 0xCC, 0x11, 0xCC, 0x09, 0xCB, 0x09, 0xAB, 0x09, 0xAB,
    0x09, 0xCB, 0x09, 0xAB, 0x09, 0xAB, 0x11, 0xCC, 0x11, 0xCB, 0x11, 0xAB, 0x11, 0xAB, 0x09, 0x8B,
    0x11, 0x8B, 0x11, 0x8B, 0x11, 0xAB, 0x19, 0xAB, 0x21, 0xCC, 0x19, 0xCB, 0x29, 0xAB, 0x5D, 0xDD,
    0x5D, 0xDD, 0x55, 0xDD, 0x55, 0xDD, 0x55, 0xDD, 0x55, 0xDD, 0x55, 0xDD, 0x55, 0xDD, 0x55, 0xDD,
    0x55, 0xDD, 0x55, 0xFD, 0x55, 0xDD, 0x55, 0xDD, 0x55, 0xDD, 0x55, 0xDD, 0x55, 0xDD, 0x55, 0xDD,
    0x55, 0xDD, 0x55, 0xDD, 0x55, 0xDD, 0x55, 0xDD, 0x55, 0xDD, 0x55, 0xDD, 0x55, 0xDD, 0x55, 0xDD,
    0x55, 0xDD, 0x55, 0xDD, 0x55, 0xDD, 0x55, 0xDD, 0x55, 0xDD, 0x55, 0xDD, 0x55, 0xDD, 0x55, 0xDD,
    0x55, 0xDD, 0x55, 0xDD, 0x55, 0xDD, 0x55, 0xDD, 0x55, 0xDD, 0x55, 0xDD, 0x55, 0xDD, 0x55, 0xDD,
    0x55, 0xDD, 0x55, 0xDD, 0x55, 0xDD, 0x55, 0xDD, 0x55, 0xDD, 0x55, 0xDD, 0x5D, 0xFD, 0x5D, 0xFD,
    0x5D, 0xDD, 0x5D, 0xFD, 0x5D, 0xFD, 0x5D, 0xFD, 0x5D, 0xFD, 0x5D, 0xFD, 0x55, 0xDD, 0x55, 0xDD,
    0x5D, 0xFD, 0x5D, 0xFD, 0x5D, 0xFD, 0x5D, 0xFD, 0x5D, 0xFD, 0x5D, 0xDD, 0x55, 0x9C, 0x55, 0x9B,
    0x5D, 0x9C, 0x65, 0xBC, 0x6D, 0xDC, 0x65, 0x7B, 0x23, 0x31, 0x01, 0xCC, 0x01, 0xCC, 0x01, 0xCC,
    0x01, 0xAC, 0x01, 0xCC, 0x01, 0xAC, 0x01, 0x8B, 0x01, 0x6B, 0x01, 0x4B, 0x01, 0x4B, 0x01, 0x6B,
    0x01, 0x6B, 0x01, 0x6B, 0x01, 0x8B, 0x01, 0x8B, 0x01, 0xAC, 0x01, 0xAC, 0x01, 0xAC, 0x01, 0x8B,
    0x01, 0x6B, 0x01, 0x8B, 0x01, 0x8C, 0x01, 0x8C, 0x01, 0x8C, 0x01, 0x8B, 0x01, 0xAC, 0x01, 0xAC,
    0x01, 0xAC, 0x01, 0xCC, 0x01, 0xCD, 0x01, 0xCD, 0x01, 0xED, 0x01, 0xED, 0x01, 0xED, 0x01, 0xED,
    0x01, 0xED, 0x01, 0xED, 0x01, 0xCD, 0x01, 0xCC, 0x01, 0xCD, 0x01, 0xED, 0x01, 0xED, 0x0A, 0x0D,
    0x09, 0xED, 0x01, 0xED, 0x01, 0xED, 0x01, 0xED, 0x01, 0xED, 0x01, 0xED, 0x01, 0xED, 0x01, 0xED,
    0x01, 0xCC, 0x01, 0xCC, 0x01, 0xCC, 0x01, 0xED, 0x01, 0xED, 0x09, 0xED, 0x09, 0xED, 0x09, 0xED,
    0x09, 0xCD, 0x09, 0xCC, 0x09, 0xCC, 0x11, 0xED, 0x11, 0xEC, 0x19, 0xCC, 0x5D, 0xDD, 0x55, 0xDD,
    0x55, 0xDD, 0x55, 0xDD, 0x55, 0xDD, 0x55, 0xDD, 0x55, 0xDD, 0x55, 0xDD, 0x55, 0xDD, 0x55, 0xDD,
    0x55, 0xDD, 0x55, 0xDD, 0x55, 0xDD, 0x55, 0xDD, 0x55, 0xDD, 0x55, 0xDD, 0x55, 0xDD, 0x55, 0xDD,
    0x55, 0xDD, 0x55, 0xDD, 0x55, 0xDD, 0x55, 0xDD, 0x55, 0xDD, 0x55, 0xDD, 0x55, 0xDD, 0x55, 0xDD,
    0x55, 0xDD, 0x55, 0xDD, 0x55, 0xDD, 0x55, 0xDD, 0x55, 0xDD, 0x55, 0xDD, 0x55, 0xDD, 0x55, 0xDD,
    0x55, 0xDD, 0x55, 0xDD, 0x55, 0xDD, 0x55, 0xDD, 0x55, 0xDD, 0x5D, 0xDD, 0x55, 0xDD, 0x55, 0xDD,
    0x55, 0xDD, 0x55, 0xDD, 0x55, 0xDD, 0x55, 0xDD, 0x55, 0xFD, 0x55, 0xFD, 0x55, 0xFD, 0x55, 0xFD,
    0x55, 0xFD, 0x55, 0xFD, 0x55, 0xFD, 0x55, 0xFD, 0x55, 0xFD, 0x55, 0xFD, 0x5D, 0xFD, 0x5D, 0xFD,
    0x5D, 0xFD, 0x5D, 0xDD, 0x5D, 0xBD, 0x5D, 0xBC, 0x5D, 0x9B, 0x55, 0x19, 0x44, 0x98, 0x4C, 0x98,
    0x54, 0xB8, 0x4C, 0x77, 0x3B, 0xD4, 0x09, 0xAC, 0x01, 0x6A, 0x01, 0x4A, 0x01, 0x4A, 0x01, 0x4A,
    0x01, 0x4A, 0x01, 0x29, 0x01, 0x09, 0x00, 0xC8, 0x00, 0xA8, 0x00, 0xA8, 0x00, 0xE9, 0x01, 0x0A,
    0x01, 0x2A, 0x01, 0x2A, 0x01, 0x4A, 0x01, 0x8B, 0x01, 0x8B, 0x01, 0x8B, 0x01, 0x6B, 0x01, 0x4A,
    0x01, 0x4A, 0x01, 0x6A, 0x01, 0x6A, 0x01, 0x29, 0x01, 0x29, 0x01, 0x4A, 0x01, 0x6A, 0x01, 0x6B,
    0x01, 0x6B, 0x01, 0xAC, 0x01, 0xAC, 0x01, 0xCC, 0x01, 0xED, 0x02, 0x0D, 0x0A, 0x0D, 0x0A, 0x0D,
    0x02, 0x0D, 0x01, 0xED, 0x01, 0xED, 0x01, 0xED, 0x01, 0xED, 0x0A, 0x0D, 0x0A, 0x0D, 0x12, 0x2E,
    0x0A, 0x0D, 0x0A, 0x0D, 0x02, 0x0D, 0x02, 0x0D, 0x01, 0xED, 0x01, 0xED, 0x01, 0xED, 0x01, 0xED,
    0x01, 0xED, 0x01, 0xED, 0x09, 0xED, 0x09, 0xED, 0x0A, 0x0D, 0x09, 0xED, 0x09, 0xED, 0x09, 0xED,
    0x09, 0xCD, 0x09, 0xCD, 0x11, 0xED, 0x11, 0xED, 0x19, 0xCC, 0x55, 0xDD, 0x55, 0xDD, 0x55, 0xDD,
    0x4D, 0xDD, 0x4D, 0xDD, 0x4D, 0xDD, 0x55, 0xDD, 0x55, 0xDD, 0x55, 0xDD, 0x4D, 0xDD, 0x55, 0xDD,
    0x55, 0xDD, 0x4D, 0xDD, 0x4D, 0xDD, 0x4D, 0xDD, 0x4D, 0xDD, 0x55, 0xDD, 0x55, 0xDD, 0x55, 0xDD,
    0x55, 0xDD, 0x55, 0xDD, 0x55, 0xDD, 0x55, 0xDD, 0x55, 0xDD, 0x55, 0xDD, 0x55, 0xDD, 0x55, 0xDD,
    0x55, 0xDD, 0x55, 0xDD, 0x55, 0xDD, 0x55, 0xDD, 0x55, 0xDD, 0x55, 0xDD, 0x55, 0xDD, 0x4D, 0xDD,
    0x55, 0xDD, 0x55, 0xDD, 0x55, 0xDD, 0x55, 0xDD, 0x55, 0xDD, 0x55, 0xDD, 0x55, 0xDD, 0x55, 0xDD,
    0x55, 0xDD, 0x55, 0xDD, 0x55, 0xDD, 0x55, 0xFD, 0x55, 0xFD, 0x55, 0xFD, 0x55, 0xFD, 0x55, 0xFD,
    0x55, 0xDD, 0x55, 0xFD, 0x55, 0xFD, 0x55, 0xFD, 0x5D, 0xFD, 0x5D, 0xFD, 0x5D, 0xFD, 0x65, 0xDD,
    0x5D, 0x9C, 0x4C, 0xF9, 0x3C, 0x77, 0x3C, 0x56, 0x1B, 0x32, 0x1B, 0x12, 0x1A, 0xD1, 0x22, 0xF1,
    0x2B, 0x11, 0x43, 0xF5, 0x4C, 0x76, 0x5C, 0xD8, 0x5C, 0xD8, 0x5C, 0xD8, 0x5C, 0xF8, 0x5C, 0xD8,
    0x54, 0x97, 0x54, 0x56, 0x4C, 0x35, 0x4B, 0xF4, 0x4B, 0xF4, 0x43, 0xB3, 0x3B, 0x72, 0x2A, 0xCF,
    0x22, 0x8E, 0x22, 0x4E, 0x01, 0x8B, 0x01, 0x6A, 0x01, 0x6B, 0x01, 0x8B, 0x01, 0x8B, 0x01, 0x8C,
    0x01, 0xAC, 0x01, 0x8B, 0x01, 0x8B, 0x01, 0xAB, 0x01, 0x8B, 0x01, 0x8B, 0x01, 0x6B, 0x01, 0x2A,
    0x01, 0x0A, 0x01, 0x4A, 0x01, 0x6B, 0x01, 0x8B, 0x01, 0xAC, 0x09, 0xEC, 0x09, 0xED, 0x09, 0xED,
    0x0A, 0x0D, 0x09, 0xED, 0x09, 0xED, 0x09, 0xED, 0x0A, 0x0D, 0x12, 0x0D, 0x12, 0x2E, 0x12, 0x2E,
    0x0A, 0x0D, 0x02, 0x0D, 0x02, 0x0D, 0x01, 0xED, 0x01, 0xED, 0x01, 0xED, 0x01, 0xED, 0x01, 0xED,
    0x01, 0xED, 0x0A, 0x0D, 0x0A, 0x0D, 0x0A, 0x0D, 0x0A, 0x0D, 0x09, 0xED, 0x09, 0xED, 0x09, 0xCD,
    0x09, 0xED, 0x11, 0xED, 0x19, 0xED, 0x21, 0xCD, 0x55, 0xDD, 0x55, 0xDD, 0x4D, 0xDD, 0x55, 0xDD,
    0x4D, 0xDD, 0x4D, 0xDD, 0x55, 0xDD, 0x55, 0xDD, 0x55, 0xDD, 0x4D, 0xDD, 0x55, 0xDD, 0x55, 0xDD,
    0x4D, 0xDD, 0x4D, 0xDD, 0x4D, 0xDD, 0x4D, 0xDD, 0x4D, 0xDD, 0x55, 0xDD, 0x55, 0xDD, 0x4D, 0xDD,
    0x55, 0xDD, 0x55, 0xDD, 0x55, 0xDD, 0x4D, 0xDD, 0x4D, 0xDD, 0x4D, 0xDD, 0x4D, 0xDD, 0x55, 0xDD,
    0x55, 0xDD, 0x4D, 0xDD, 0x4D, 0xDD, 0x55, 0xDD, 0x55, 0xDD, 0x55, 0xDD, 0x55, 0xDD, 0x55, 0xDD,
    0x55, 0xDD, 0x55, 0xDD, 0x55, 0xDD, 0x55, 0xDD, 0x55, 0xDD, 0x55, 0xDD, 0x55, 0xDD, 0x55, 0xDD,
    0x55, 0xDD, 0x55, 0xDD, 0x55, 0xFD, 0x55, 0xDD, 0x55, 0xFD, 0x55, 0xFD, 0x55, 0xFD, 0x55, 0xDD,
    0x55, 0xDD, 0x55, 0xDD, 0x5D, 0xFD, 0x5D, 0xDD, 0x5D, 0x9C, 0x5D, 0x5B, 0x4C, 0xD9, 0x3C, 0x36,
    0x2B, 0xD5, 0x2B, 0xD5, 0x3C, 0x77, 0x4C, 0xD9, 0x5D, 0x7B, 0x65, 0x9C, 0x65, 0xBC, 0x6D, 0xDD,
    0x65, 0xDD, 0x65, 0xDD, 0x65, 0xDD, 0x65, 0xFD, 0x65, 0xFD, 0x65, 0xFD, 0x65, 0xFD, 0x65, 0xFD,
    0x65, 0xFD, 0x65, 0xFD, 0x65, 0xFD, 0x65, 0xFD, 0x65, 0xDD, 0x65, 0xDC, 0x65, 0xDC, 0x6D, 0xBC,
    0x6D, 0xBC, 0x65, 0x7B, 0x65, 0x3A, 0x5C, 0xD8, 0x54, 0x76, 0x4C, 0x15, 0x33, 0x11, 0x22, 0xAF,
    0x12, 0x2E, 0x01, 0xAC, 0x01, 0x8B, 0x01, 0xAB, 0x01, 0xAC, 0x01, 0xAC, 0x09, 0xCC, 0x11, 0xCC,
    0x11, 0xCC, 0x09, 0x8C, 0x01, 0x6B, 0x01, 0x4A, 0x01, 0x2A, 0x01, 0x2A, 0x01, 0x6B, 0x01, 0xAC,
    0x09, 0xCC, 0x09, 0xEC, 0x11, 0xED, 0x12, 0x0D, 0x12, 0x0D, 0x12, 0x2D, 0x0A, 0x0D, 0x0A, 0x0D,
    0x01, 0xED, 0x02, 0x0D, 0x01, 0xED, 0x01, 0xED, 0x01, 0xED, 0x01, 0xED, 0x01, 0xED, 0x0A, 0x0D,
    0x0A, 0x0D, 0x0A, 0x0E, 0x0A, 0x0E, 0x0A, 0x0D, 0x09, 0xED, 0x09, 0xED, 0x09, 0xED, 0x09, 0xED,
    0x12, 0x0D, 0x1A, 0x0D, 0x21, 0xED, 0x55, 0xDD, 0x4D, 0xDD, 0x4D, 0xDD, 0x55, 0xDD, 0x55, 0xDD,
    0x4D, 0xDD, 0x4D, 0xDD, 0x4D, 0xDD, 0x4D, 0xDD, 0x4D, 0xDD, 0x55, 0xDD, 0x4D, 0xDD, 0x4D, 0xDD,
    0x4D, 0xDD, 0x4D, 0xDD, 0x4D, 0xDD, 0x4D, 0xDD, 0x4D, 0xDD, 0x4D, 0xDD, 0x4D, 0xDD, 0x4D, 0xDD,
    0x4D, 0xDD, 0x4D, 0xDD, 0x4D, 0xDD, 0x4D, 0xDD, 0x4D, 0xDD, 0x4D, 0xDD, 0x55, 0xDD, 0x55, 0xDD,
    0x4D, 0xDD, 0x4D, 0xDD, 0x4D, 0xDD, 0x55, 0xDD, 0x55, 0xDD, 0x55, 0xDD, 0x55, 0xDD, 0x55, 0xDD,
    0x4D, 0xDD, 0x4D, 0xDD, 0x4D, 0xDD, 0x4D, 0xDD, 0x4D, 0xDD, 0x4D, 0xDD, 0x55, 0xDD, 0x55, 0xDD,
    0x55, 0xFD, 0x55, 0xDD, 0x55, 0xDD, 0x5D, 0xFD, 0x5D, 0xFD, 0x55, 0xDD, 0x55, 0xBD, 0x55, 0x9C,
    0x4D, 0x3B, 0x3C, 0x98, 0x34, 0x16, 0x2B, 0xD5, 0x34, 0x16, 0x4C, 0xB9, 0x5D, 0x3B, 0x5D, 0x9C,
    0x5D, 0xDD, 0x5D, 0xFD, 0x5D, 0xDD, 0x5D, 0xDD, 0x5D, 0xFD, 0x5D, 0xFE, 0x5D, 0xFE, 0x5D, 0xFE,
    0x5D, 0xFD, 0x5D, 0xFD, 0x5D, 0xFD, 0x5D, 0xFD, 0x5D, 0xFD, 0x5D, 0xFD, 0x66, 0x1E, 0x66, 0x1E,
    0x66, 0x1E, 0x66, 0x1E, 0x65, 0xFD, 0x65, 0xFD, 0x65, 0xFD, 0x65, 0xFD, 0x66, 0x1D, 0x6E, 0x1D,
    0x6E, 0x1D, 0x6E, 0x1D, 0x6D, 0xFD, 0x6D, 0xFD, 0x6D, 0xFC, 0x75, 0xDC, 0x6D, 0xDC, 0x6D, 0x9B,
    0x65, 0x39, 0x54, 0x97, 0x43, 0xF4, 0x1A, 0x4E, 0x09, 0x8B, 0x01, 0x8B, 0x01, 0xAB, 0x11, 0xCC,
    0x11, 0xED, 0x11, 0xED, 0x09, 0xCC, 0x01, 0x4A, 0x01, 0x09, 0x01, 0x4A, 0x01, 0x8B, 0x01, 0x6A,
    0x01, 0x4A, 0x09, 0x8B, 0x11, 0xCC, 0x11, 0xCC, 0x11, 0xED, 0x11, 0xED, 0x09, 0xCC, 0x09, 0xED,
    0x01, 0xED, 0x01, 0xED, 0x01, 0xED, 0x01, 0xED, 0x01, 0xED, 0x0A, 0x0D, 0x0A, 0x0E, 0x0A, 0x0D,
    0x0A, 0x0D, 0x0A, 0x0D, 0x09, 0xED, 0x09, 0xED, 0x09, 0xED, 0x09, 0xED, 0x11, 0xED, 0x11, 0xED,
    0x19, 0xED, 0x21, 0xCD, 0x4D, 0xDD, 0x4D, 0xDD, 0x4D, 0xDD, 0x4D, 0xDD, 0x4D, 0xDD, 0x4D, 0xDD,
    0x4D, 0xDD, 0x4D, 0xDD, 0x4D, 0xDD, 0x4D, 0xDD, 0x4D, 0xDD, 0x4D, 0xDD, 0x4D, 0xDD, 0x4D, 0xDD,
    0x4D, 0xDD, 0x55, 0xDD, 0x4D, 0xDD, 0x4D, 0xDD, 0x4D, 0xDD, 0x4D, 0xDD, 0x4D, 0xDD, 0x4D, 0xDD,
    0x4D, 0xDD, 0x4D, 0xDD, 0x4D, 0xDD, 0x4D, 0xDD, 0x4D, 0xDD, 0x55, 0xDD, 0x4D, 0xDD, 0x4D, 0xDD,
    0x4D, 0xDD, 0x4D, 0xDD, 0x55, 0xDD, 0x55, 0xDD, 0x55, 0xDD, 0x4D, 0xDD, 0x4D, 0xDD, 0x4D, 0xDD,
    0x4D, 0xDD, 0x4D, 0xDD, 0x4D, 0xDD, 0x4D, 0xDD, 0x4D, 0xDD, 0x55, 0xDD, 0x55, 0xFD, 0x55, 0xDD,
    0x55, 0xDD, 0x55, 0xDD, 0x55, 0xDD, 0x55, 0x9C, 0x45, 0x3B, 0x3C, 0xB8, 0x2C, 0x37, 0x3C, 0x98,
    0x4D, 0x1A, 0x5D, 0x7C, 0x65, 0xBC, 0x5D, 0xBD, 0x65, 0xFD, 0x65, 0xFD, 0x5D, 0xFD, 0x5D, 0xFD,
    0x55, 0xFE, 0x55, 0xFD, 0x55, 0xFE, 0x5D, 0xFE, 0x5D, 0xFD, 0x55, 0xFD, 0x5D, 0xFD, 0x5D, 0xFD,
    0x5E, 0x1E, 0x66, 0x1D, 0x65, 0xFD, 0x65, 0xFD, 0x65, 0xFD, 0x6D, 0xFC, 0x65, 0xDC, 0x65, 0xBC,
    0x6D, 0xBC, 0x6D, 0xBB, 0x6D, 0x9B, 0x6D, 0x9B, 0x65, 0x7A, 0x6D, 0x7A, 0x6D, 0x7A, 0x6D, 0x7A,
    0x65, 0x7A, 0x65, 0x39, 0x65, 0x39, 0x65, 0x39, 0x6D, 0x59, 0x6D, 0x59, 0x6D, 0x59, 0x6D, 0x59,
    0x6D, 0x79, 0x6D, 0x39, 0x6D, 0x18, 0x64, 0x96, 0x53, 0xB3, 0x43, 0x11, 0x2A, 0x6E, 0x11, 0x8B,
    0x09, 0x6B, 0x09, 0x8B, 0x09, 0xAB, 0x09, 0x8B, 0x09, 0xAB, 0x11, 0xEC, 0x11, 0xCC, 0x09, 0x8B,
    0x01, 0x2A, 0x01, 0x29, 0x01, 0x29, 0x01, 0x4A, 0x01, 0x6B, 0x09, 0xAC, 0x09, 0xED, 0x09, 0xED,
    0x09, 0xED, 0x01, 0xED, 0x01, 0xED, 0x02, 0x0D, 0x0A, 0x0D, 0x0A, 0x0D, 0x0A, 0x0D, 0x0A, 0x0D,
    0x0A, 0x0D, 0x09, 0xED, 0x09, 0xED, 0x09, 0xED, 0x09, 0xCD, 0x11, 0xED, 0x11, 0xED, 0x11, 0xED,
    0x21, 0xCC, 0x55, 0xDD, 0x4D, 0xDD, 0x4D, 0xDD, 0x55, 0xDD, 0x55, 0xDD, 0x4D, 0xDD, 0x4D, 0xDD,
    0x4D, 0xDD, 0x4D, 0xDD, 0x4D, 0xDD, 0x55, 0xDD, 0x4D, 0xDD, 0x4D, 0xDD, 0x4D, 0xDD, 0x55, 0xDD,
    0x55, 0xDD, 0x55, 0xDD, 0x55, 0xDD, 0x4D, 0xDD, 0x4D, 0xDD, 0x4D, 0xDD, 0x4D, 0xDD, 0x4D, 0xDD,
    0x4D, 0xDD, 0x4D, 0xDD, 0x4D, 0xDD, 0x4D, 0xDD, 0x55, 0xDD, 0x55, 0xDD, 0x4D, 0xDD, 0x4D, 0xDD,
    0x4D, 0xDD, 0x55, 0xDD, 0x55, 0xDD, 0x4D, 0xDD, 0x4D, 0xDD, 0x4D, 0xDD, 0x4D, 0xDD, 0x4D, 0xDD,
    0x4D, 0xDD, 0x4D, 0xDD, 0x55, 0xDD, 0x55, 0xDD, 0x55, 0xDD, 0x55, 0xFD, 0x55, 0xDD, 0x4D, 0xBC,
    0x45, 0x5B, 0x34, 0xB8, 0x2C, 0x57, 0x3C, 0xB9, 0x55, 0x5B, 0x5D, 0xDD, 0x5D, 0xDD, 0x5D, 0xFD,
    0x5D, 0xFE, 0x5D, 0xFE, 0x5D, 0xFE, 0x5D, 0xFE, 0x5E, 0x1E, 0x5D, 0xFE, 0x5D, 0xFD, 0x5D, 0xFD,
    0x5D, 0xFD, 0x5D, 0xFD, 0x5D, 0xFD, 0x5D, 0xDD, 0x65, 0xDC, 0x65, 0xDC, 0x65, 0xBC, 0x6D, 0xDC,
    0x6D, 0x9B, 0x6D, 0x5A, 0x65, 0x39, 0x64, 0xF8, 0x4C, 0x14, 0x3B, 0x51, 0x33, 0x10, 0x2A, 0x6E,
    0x2A, 0x4D, 0x19, 0xAB, 0x19, 0xAB, 0x11, 0x69, 0x11, 0x49, 0x11, 0x4A, 0x09, 0x29, 0x09, 0x29,
    0x09, 0x08, 0x08, 0xE8, 0x09, 0x08, 0x09, 0x08, 0x09, 0x28, 0x09, 0x28, 0x09, 0x08, 0x09, 0x29,
    0x11, 0x49, 0x19, 0xAB, 0x21, 0xCB, 0x21, 0xCB, 0x21, 0xEC, 0x2A, 0x4E, 0x09, 0x8B, 0x01, 0x09,
    0x00, 0xE9, 0x01, 0x4A, 0x01, 0x6B, 0x09, 0x6B, 0x11, 0xAC, 0x19, 0xCC, 0x11, 0xCC, 0x11, 0xCC,
    0x11, 0xCC, 0x11, 0x6B, 0x01, 0x29, 0x00, 0xE9, 0x00, 0xE9, 0x09, 0x4B, 0x11, 0xAC, 0x09, 0xAC,
    0x09, 0xCD, 0x0A, 0x0D, 0x09, 0xED, 0x09, 0xED, 0x09, 0xED, 0x09, 0xED, 0x0A, 0x0D, 0x0A, 0x0D,
    0x09, 0xED, 0x09, 0xED, 0x09, 0xCD, 0x09, 0xCD, 0x11, 0xCD, 0x11, 0xCC, 0x19, 0xCC, 0x21, 0xCD,
    0x4D, 0xDD, 0x4D, 0xDD, 0x4D, 0xDD, 0x4D, 0xDD, 0x4D, 0xDD, 0x4D, 0xDD, 0x4D, 0xDD, 0x4D, 0xDD,
    0x55, 0xDD, 0x55, 0xDD, 0x55, 0xDD, 0x4D, 0xDD, 0x4D, 0xDD, 0x55, 0xDD, 0x55, 0xDD, 0x55, 0xDD,
    0x55, 0xDD, 0x55, 0xDD, 0x55, 0xDD, 0x4D, 0xDD, 0x4D, 0xDD, 0x4D, 0xDD, 0x4D, 0xDD, 0x4D, 0xDD,
    0x4D, 0xDD, 0x4D, 0xDD, 0x4D, 0xDD, 0x55, 0xDD, 0x55, 0xDD, 0x55, 0xDD, 0x55, 0xDD, 0x55, 0xDD,
    0x55, 0xDD, 0x55, 0xDD, 0x4D, 0xDD, 0x4D, 0xDD, 0x4D, 0xDD, 0x4D, 0xDD, 0x4D, 0xDD, 0x4D, 0xDD,
    0x4D, 0xDD, 0x55, 0xDD, 0x55, 0xDD, 0x4D, 0xDD, 0x45, 0x9C, 0x34, 0xD9, 0x24, 0x37, 0x3C, 0xB9,
    0x4D, 0x5B, 0x55, 0xBD, 0x5D, 0xDD, 0x5D, 0xFD, 0x5D, 0xFD, 0x5D, 0xFD, 0x5E, 0x1E, 0x5E, 0x1E,
    0x5E, 0x1E, 0x66, 0x1E, 0x65, 0xFD, 0x65, 0xFD, 0x65, 0xDC, 0x65, 0xBC, 0x6D, 0xBC, 0x65, 0x7B,
    0x5D, 0x3A, 0x54, 0xD8, 0x4C, 0x35, 0x43, 0xD4, 0x33, 0x72, 0x2A, 0xF0, 0x2A, 0x8F, 0x1A, 0x0D,
    0x11, 0xAB, 0x09, 0x6A, 0x01, 0x4A, 0x01, 0x6A, 0x09, 0x4A, 0x09, 0x4A, 0x09, 0x4A, 0x09, 0x4A,
    0x11, 0x4A, 0x09, 0x29, 0x09, 0x09, 0x09, 0x09, 0x11, 0x4A, 0x11, 0x4A, 0x09, 0x29, 0x09, 0x2A,
    0x09, 0x2A, 0x09, 0x4A, 0x11, 0x6A, 0x11, 0x6A, 0x11, 0x8B, 0x11, 0x8B, 0x11, 0x8B, 0x11, 0xAC,
    0x11, 0xAB, 0x11, 0xAB, 0x09, 0x8B, 0x09, 0x8B, 0x09, 0xAC, 0x09, 0xAC, 0x09, 0xAC, 0x09, 0xAC,
    0x01, 0x8B, 0x01, 0x6B, 0x01, 0x2A, 0x01, 0x2A, 0x01, 0x4A, 0x01, 0x6B, 0x01, 0x6B, 0x11, 0xAB,
    0x11, 0x8B, 0x11, 0x8B, 0x09, 0x6B, 0x09, 0x4A, 0x01, 0x0A, 0x00, 0xE9, 0x01, 0x09, 0x01, 0x4B,
    0x09, 0xAC, 0x01, 0xCC, 0x01, 0xCC, 0x09, 0xED, 0x09, 0xED, 0x09, 0xED, 0x09, 0xED, 0x09, 0xED,
    0x09, 0xED, 0x09, 0xCD, 0x11, 0xCD, 0x11, 0xCC, 0x11, 0xCC, 0x19, 0xCC, 0x21, 0xCD, 0x55, 0xDD,
    0x55, 0xDD, 0x4D, 0xDD, 0x4D, 0xDD, 0x4D, 0xDD, 0x55, 0xDD, 0x4D, 0xDD, 0x4D, 0xDD, 0x55, 0xDD,
    0x55, 0xDD, 0x4D, 0xDD, 0x4D, 0xDD, 0x55, 0xDD, 0x55, 0xDD, 0x4D, 0xDD, 0x55, 0xDD, 0x55, 0xDD,
    0x55, 0xDD, 0x55, 0xDD, 0x4D, 0xDD, 0x4D, 0xDD, 0x4D, 0xDD, 0x4D, 0xDD, 0x4D, 0xDD, 0x4D, 0xDD,
    0x4D, 0xDD, 0x4D, 0xDD, 0x4D, 0xDD, 0x4D, 0xDD, 0x55, 0xDD, 0x55, 0xDD, 0x55, 0xDD, 0x55, 0xDD,
    0x55, 0xDD, 0x55, 0xDD, 0x55, 0xDD, 0x4D, 0xDD, 0x4D, 0xDD, 0x4D, 0xDD, 0x4D, 0xDD, 0x55, 0xDD,
    0x55, 0xDD, 0x55, 0xDD, 0x55, 0xDD, 0x3D, 0x3A, 0x45, 0x5B, 0x55, 0xDD, 0x5D, 0xFD, 0x5D, 0xFE,
    0x56, 0x1E, 0x5D, 0xFD, 0x5D, 0xFE, 0x5D, 0xFD, 0x5D, 0xFD, 0x65, 0xFD, 0x65, 0xDD, 0x65, 0xDC,
    0x65, 0x9B, 0x5D, 0x19, 0x54, 0xB7, 0x43, 0xF4, 0x3B, 0x31, 0x22, 0x6E, 0x11, 0xEC, 0x01, 0x4A,
    0x00, 0xE9, 0x01, 0x09, 0x01, 0x29, 0x01, 0x2A, 0x01, 0x4A, 0x01, 0x6B, 0x01, 0x8B, 0x09, 0x8B,
    0x09, 0x8B, 0x09, 0x8B, 0x09, 0x8B, 0x09, 0x6B, 0x11, 0x8B, 0x11, 0x8B, 0x11, 0x8B, 0x11, 0x6A,
    0x09, 0x2A, 0x09, 0x09, 0x00, 0xE9, 0x09, 0x2A, 0x09, 0x4A, 0x01, 0x4A, 0x01, 0x2A, 0x01, 0x2A,
    0x09, 0x6B, 0x09, 0x8B, 0x09, 0x8B, 0x09, 0xAC, 0x09, 0xEC, 0x0A, 0x0D, 0x0A, 0x0D, 0x01, 0xED,
    0x01, 0xEC, 0x01, 0xED, 0x01, 0xCC, 0x01, 0xED, 0x01, 0xEC, 0x09, 0xCC, 0x09, 0xED, 0x01, 0xED,
    0x01, 0xCC, 0x01, 0xCC, 0x09, 0xCC, 0x11, 0xED, 0x09, 0xEC, 0x09, 0xCC, 0x09, 0xAB, 0x09, 0x6B,
    0x01, 0x2A, 0x01, 0x4A, 0x09, 0x8B, 0x09, 0xAC, 0x01, 0x2A, 0x01, 0x09, 0x00, 0xA8, 0x00, 0xC9,
    0x01, 0x4A, 0x01, 0x8B, 0x09, 0xCC, 0x09, 0xED, 0x09, 0xED, 0x09, 0xED, 0x09, 0xED, 0x11, 0xCD,
    0x11, 0xAC, 0x11, 0xAC, 0x11, 0xAC, 0x11, 0xAC, 0x19, 0xAC, 0x21, 0x8C, 0x55, 0xDD, 0x55, 0xDD,
    0x55, 0xDD, 0x4D, 0xDD, 0x4D, 0xDD, 0x55, 0xDD, 0x4D, 0xDD, 0x4D, 0xDD, 0x4D, 0xDD, 0x4D, 0xDD,
    0x4D, 0xDD, 0x4D, 0xDD, 0x55, 0xDD, 0x55, 0xDD, 0x55, 0xDD, 0x4D, 0xDD, 0x55, 0xDD, 0x55, 0xDD,
    0x55, 0xDD, 0x4D, 0xDD, 0x4D, 0xDD, 0x4D, 0xDD, 0x45, 0xDD, 0x4D, 0xDD, 0x4D, 0xDD, 0x4D, 0xDD,
    0x4D, 0xDD, 0x4D, 0xDD, 0x4D, 0xDD, 0x4D, 0xDD, 0x55, 0xDD, 0x55, 0xDD, 0x55, 0xDD, 0x55, 0xDD,
    0x55, 0xDD, 0x55, 0xDD, 0x4D, 0xDD, 0x4D, 0xDD, 0x4D, 0xDD, 0x4D, 0xFD, 0x55, 0xFD, 0x55, 0xFD,
    0x55, 0xFD, 0x55, 0xFD, 0x5D, 0xFD, 0x55, 0xDD, 0x5D, 0xFD, 0x55, 0xFD, 0x5D, 0xFD, 0x5D, 0xFD,
    0x65, 0xDD, 0x65, 0xDD, 0x65, 0x9C, 0x5D, 0x3A, 0x4C, 0x77, 0x3B, 0x73, 0x1A, 0x8F, 0x01, 0xAB,
    0x01, 0x4A, 0x01, 0x09, 0x01, 0x09, 0x01, 0x09, 0x01, 0x09, 0x00, 0xE9, 0x01, 0x0A, 0x01, 0x4B,
    0x11, 0xED, 0x1A, 0x0D, 0x22, 0x4E, 0x2A, 0xAF, 0x2A, 0xAF, 0x2A, 0xAF, 0x3B, 0x31, 0x3B, 0x11,
    0x2A, 0x8F, 0x11, 0xCC, 0x00, 0xE9, 0x00, 0xE9, 0x01, 0x2A, 0x01, 0x4A, 0x01, 0x09, 0x00, 0xC9,
    0x00, 0xE9, 0x00, 0xC9, 0x01, 0x2A, 0x01, 0x4A, 0x01, 0x4A, 0x01, 0x2A, 0x01, 0x2A, 0x01, 0x8B,
    0x01, 0x8B, 0x01, 0xAC, 0x01, 0xAC, 0x01, 0xCC, 0x0A, 0x0D, 0x02, 0x0D, 0x01, 0xED, 0x01, 0xED,
    0x01, 0xED, 0x01, 0xED, 0x01, 0xED, 0x01, 0xED, 0x01, 0xED, 0x01, 0xED, 0x01, 0xED, 0x01, 0xED,
    0x01, 0xED, 0x09, 0xED, 0x12, 0x0D, 0x11, 0xED, 0x11, 0xED, 0x12, 0x0D, 0x12, 0x0D, 0x11, 0xED,
    0x09, 0xCC, 0x01, 0xAC, 0x01, 0x8C, 0x01, 0x6B, 0x09, 0x8B, 0x01, 0x8B, 0x01, 0x6B, 0x01, 0x8B,
    0x09, 0xCC, 0x11, 0xEC, 0x09, 0xEC, 0x09, 0xCC, 0x09, 0xCC, 0x11, 0xCC, 0x09, 0x8B, 0x09, 0x4A,
    0x09, 0x2A, 0x09, 0x09, 0x09, 0x09, 0x08, 0xC8, 0x08, 0x88, 0x55, 0xDD, 0x55, 0xDD, 0x55, 0xDD,
    0x4D, 0xDD, 0x4D, 0xDD, 0x4D, 0xDD, 0x4D, 0xDD, 0x4D, 0xDD, 0x4D, 0xDD, 0x55, 0xDD, 0x4D, 0xDD,
    0x4D, 0xDD, 0x55, 0xDD, 0x55, 0xDD, 0x55, 0xDD, 0x55, 0xDD, 0x55, 0xDD, 0x55, 0xDD, 0x55, 0xDD,
    0x4D, 0xDD, 0x4D, 0xDD, 0x4D, 0xDD, 0x4D, 0xDD, 0x4D, 0xDD, 0x4D, 0xDD, 0x4D, 0xDD, 0x4D, 0xDD,
    0x4D, 0xDD, 0x4D, 0xDD, 0x4D, 0xDD, 0x55, 0xDD, 0x55, 0xDD, 0x55, 0xDD, 0x55, 0xDD, 0x55, 0xDD,
    0x55, 0xDD, 0x55, 0xDD, 0x4D, 0xDD, 0x4D, 0xDD, 0x55, 0xDD, 0x55, 0xFD, 0x55, 0xFD, 0x55, 0xFD,
    0x5D, 0xFD, 0x5D, 0xFD, 0x5D, 0xDD, 0x65, 0xDD, 0x65, 0xBC, 0x65, 0x7B, 0x5C, 0xF9, 0x4C, 0x36,
    0x3B, 0x31, 0x19, 0xEC, 0x01, 0x6A, 0x01, 0x29, 0x01, 0x09, 0x01, 0x09, 0x09, 0x6B, 0x11, 0xAC,
    0x1A, 0x2D, 0x2A, 0xF0, 0x43, 0xF5, 0x4C, 0x76, 0x54, 0x97, 0x5D, 0x19, 0x65, 0x5A, 0x6D, 0x7B,
    0x75, 0x7B, 0x7D, 0x9B, 0x75, 0x5A, 0x64, 0xB7, 0x4B, 0xD4, 0x3B, 0x11, 0x1A, 0x4E, 0x09, 0xCC,
    0x01, 0x8C, 0x09, 0xAC, 0x09, 0xAC, 0x09, 0xCC, 0x09, 0xEC, 0x09, 0xCC, 0x01, 0xAC, 0x09, 0xAC,
    0x09, 0xAC, 0x09, 0xAC, 0x09, 0xCC, 0x09, 0xCC, 0x01, 0xAC, 0x09, 0xCC, 0x09, 0xCC, 0x01, 0xED,
    0x0A, 0x0D, 0x01, 0xED, 0x01, 0xED, 0x01, 0xED, 0x01, 0xED, 0x01, 0xED, 0x01, 0xED, 0x01, 0xED,
    0x01, 0xED, 0x01, 0xED, 0x01, 0xED, 0x01, 0xED, 0x01, 0xED, 0x01, 0xED, 0x01, 0xED, 0x01, 0xED,
    0x01, 0xED, 0x09, 0xED, 0x09, 0xEC, 0x09, 0xEC, 0x11, 0xED, 0x11, 0xEC, 0x09, 0xCC, 0x09, 0xCC,
    0x09, 0xEC, 0x12, 0x0D, 0x09, 0xAC, 0x09, 0xAC, 0x09, 0xCC, 0x11, 0xCC, 0x11, 0xCC, 0x11, 0xAB,
    0x11, 0xAB, 0x09, 0x6A, 0x01, 0x2A, 0x01, 0x09, 0x00, 0xE9, 0x00, 0xE8, 0x00, 0xA8, 0x00, 0x87,
    0x00, 0xA8, 0x08, 0xE9, 0x11, 0x0A, 0x21, 0x2A, 0x55, 0xDD, 0x55, 0xDD, 0x4D, 0xDD, 0x4D, 0xDD,
    0x4D, 0xDD, 0x4D, 0xDD, 0x4D, 0xDD, 0x4D, 0xDD, 0x4D, 0xDD, 0x4D, 0xDD, 0x4D, 0xDD, 0x4D, 0xDD,
    0x4D, 0xDD, 0x55, 0xDD, 0x4D, 0xDD, 0x4D, 0xDD, 0x55, 0xDD, 0x55, 0xDD, 0x55, 0xDD, 0x4D, 0xDD,
    0x4D, 0xDD, 0x4D, 0xDD, 0x4D, 0xDD, 0x4D, 0xDD, 0x4D, 0xDD, 0x55, 0xDD, 0x55, 0xDD, 0x4D, 0xDD,
    0x4D, 0xDD, 0x4D, 0xDD, 0x55, 0xDD, 0x55, 0xDD, 0x55, 0xDD, 0x55, 0xDD, 0x55, 0xDD, 0x55, 0xDD,
    0x55, 0xDD, 0x55, 0xDD, 0x55, 0xFD, 0x55, 0xDD, 0x55, 0xFE, 0x5D, 0xFD, 0x5D, 0xDD, 0x5D, 0xBC,
    0x65, 0xBC, 0x65, 0x19, 0x4C, 0x15, 0x32, 0xF0, 0x19, 0xCC, 0x00, 0xC8, 0x00, 0xA8, 0x01, 0x0A,
    0x01, 0x2A, 0x22, 0x4E, 0x33, 0x32, 0x4C, 0x56, 0x54, 0xB8, 0x5D, 0x1A, 0x5D, 0x5B, 0x5D, 0x9C,
    0x65, 0xDD, 0x65, 0xFD, 0x6D, 0xDD, 0x6D, 0xFD, 0x6D, 0xFD, 0x6D, 0xDC, 0x6D, 0x9B, 0x5C, 0xB8,
    0x3B, 0x72, 0x22, 0x8F, 0x09, 0xCC, 0x01, 0x8B, 0x01, 0xAC, 0x01, 0xCC, 0x01, 0xCC, 0x01, 0xED,
    0x09, 0xED, 0x09, 0xED, 0x09, 0xED, 0x09, 0xED, 0x01, 0xED, 0x01, 0xED, 0x01, 0xED, 0x01, 0xEC,
    0x01, 0xED, 0x09, 0xED, 0x01, 0xED, 0x01, 0xED, 0x01, 0xED, 0x01, 0xED, 0x01, 0xED, 0x02, 0x0D,
    0x01, 0xED, 0x01, 0xED, 0x01, 0xED, 0x01, 0xED, 0x02, 0x0D, 0x02, 0x0D, 0x02, 0x0D, 0x02, 0x0D,
    0x01, 0xEC, 0x01, 0xCC, 0x01, 0xAC, 0x01, 0x8B, 0x01, 0xAC, 0x01, 0x8B, 0x01, 0x8B, 0x09, 0xAB,
    0x01, 0x6A, 0x01, 0x6A, 0x01, 0x4A, 0x09, 0x6A, 0x09, 0x6A, 0x01, 0x49, 0x01, 0x49, 0x09, 0x6A,
    0x01, 0x29, 0x01, 0x09, 0x01, 0x49, 0x09, 0x49, 0x09, 0x29, 0x00, 0xC8, 0x00, 0xC7, 0x01, 0x08,
    0x01, 0x08, 0x01, 0x09, 0x09, 0x4A, 0x09, 0x4A, 0x09, 0x6B, 0x11, 0x6B, 0x19, 0x6B, 0x19, 0x8C,
    0x19, 0xAC, 0x19, 0xAC, 0x29, 0xAC, 0x4D, 0xDD, 0x4D, 0xDD, 0x4D, 0xDD, 0x4D, 0xDD, 0x4D, 0xDD,
    0x4D, 0xDD, 0x4D, 0xDD, 0x4D, 0xDD, 0x4D, 0xDD, 0x55, 0xDD, 0x4D, 0xDD, 0x4D, 0xDD, 0x4D, 0xDD,
    0x4D, 0xDD, 0x4D, 0xDD, 0x4D, 0xDD, 0x55, 0xDD, 0x55, 0xDD, 0x55, 0xDD, 0x4D, 0xDD, 0x4D, 0xDD,
    0x4D, 0xDD, 0x4D, 0xDD, 0x4D, 0xDD, 0x4D, 0xDD, 0x55, 0xDD, 0x55, 0xDD, 0x4D, 0xDD, 0x4D, 0xDD,
    0x4D, 0xDD, 0x4D, 0xDD, 0x4D, 0xDD, 0x55, 0xDD, 0x55, 0xFD, 0x55, 0xFD, 0x55, 0xDD, 0x55, 0xDD,
    0x55, 0xFD, 0x55, 0xDD, 0x55, 0xDD, 0x5D, 0xDD, 0x5D, 0x9B, 0x5C, 0xF8, 0x43, 0xD3, 0x22, 0x4D,
    0x01, 0x09, 0x00, 0xA8, 0x11, 0x8B, 0x2A, 0x8F, 0x3B, 0x52, 0x4C, 0x36, 0x54, 0xB8, 0x65, 0x3B,
    0x6D, 0x9C, 0x6D, 0xDD, 0x65, 0xFD, 0x65, 0xFD, 0x65, 0xFD, 0x65, 0xFD, 0x5D, 0xFD, 0x5D, 0xFD,
    0x65, 0xFD, 0x6D, 0xFD, 0x6D, 0xDC, 0x5D, 0x19, 0x3B, 0xB3, 0x1A, 0x4F, 0x01, 0x8C, 0x01, 0xAC,
    0x01, 0xED, 0x01, 0xED, 0x01, 0xCD, 0x01, 0xED, 0x01, 0xED, 0x01, 0xED, 0x01, 0xED, 0x01, 0xED,
    0x02, 0x0D, 0x02, 0x0D, 0x02, 0x0D, 0x01, 0xED, 0x01, 0xED, 0x01, 0xED, 0x01, 0xED, 0x01, 0xED,
    0x01, 0xED, 0x01, 0xED, 0x01, 0xED, 0x01, 0xED, 0x01, 0xED, 0x01, 0xED, 0x01, 0xED, 0x01, 0xED,
    0x01, 0xED, 0x01, 0xED, 0x02, 0x0D, 0x02, 0x0C, 0x01, 0xEC, 0x01, 0xCB, 0x01, 0xCB, 0x01, 0x8A,
    0x01, 0x49, 0x01, 0x08, 0x01, 0x28, 0x11, 0xAA, 0x1A, 0x0B, 0x2A, 0x6D, 0x43, 0x50, 0x43, 0x70,
    0x4B, 0x90, 0x53, 0xD2, 0x5C, 0x13, 0x53, 0xD2, 0x4B, 0x91, 0x42, 0xEF, 0x19, 0xAA, 0x00, 0xC7,
    0x00, 0xA6, 0x21, 0xEA, 0x42, 0xEE, 0x53, 0x91, 0x43, 0x2F, 0x21, 0xEB, 0x09, 0x6A, 0x09, 0x6A,
    0x11, 0xAC, 0x11, 0xCC, 0x11, 0xCC, 0x11, 0xCD, 0x11, 0xCD, 0x19, 0xCD, 0x19, 0xED, 0x19, 0xED,
    0x19, 0xED, 0x21, 0xAC, 0x4D, 0xDD, 0x4D, 0xDD, 0x4D, 0xDD, 0x4D, 0xDD, 0x4D, 0xDD, 0x4D, 0xDD,
    0x4D, 0xDD, 0x4D, 0xDD, 0x4D, 0xDD, 0x4D, 0xDD, 0x4D, 0xDD, 0x4D, 0xDD, 0x4D, 0xDD, 0x4D, 0xDD,
    0x4D, 0xDD, 0x4D, 0xDD, 0x55, 0xDD, 0x55, 0xDD, 0x55, 0xDD, 0x4D, 0xDD, 0x4D, 0xDD, 0x4D, 0xDD,
    0x4D, 0xDD, 0x4D, 0xDD, 0x4D, 0xDD, 0x4D, 0xDD, 0x55, 0xDD, 0x4D, 0xDD, 0x4D, 0xDD, 0x4D, 0xDD,
    0x4D, 0xDD, 0x4D, 0xDD, 0x55, 0xFD, 0x55, 0xFE, 0x55, 0xDE, 0x55, 0xDD, 0x55, 0xFD, 0x5D, 0xDD,
    0x5D, 0xBC, 0x55, 0x5A, 0x3B, 0xF4, 0x1A, 0x4D, 0x00, 0xE8, 0x11, 0x49, 0x22, 0x8E, 0x43, 0xD4,
    0x54, 0xB8, 0x65, 0x7B, 0x65, 0x9C, 0x65, 0xDD, 0x65, 0xDD, 0x5D, 0xDD, 0x5D, 0xFD, 0x65, 0xFD,
    0x66, 0x1E, 0x66, 0x1D, 0x65, 0xFD, 0x65, 0xFD, 0x65, 0xFD, 0x65, 0xFD, 0x65, 0xBC, 0x55, 0x19,
    0x3C, 0x15, 0x1A, 0xAF, 0x01, 0xCC, 0x01, 0xCC, 0x01, 0xCD, 0x01, 0xED, 0x01, 0xED, 0x02, 0x0D,
    0x02, 0x0D, 0x01, 0xED, 0x01, 0xED, 0x01, 0xED, 0x01, 0xED, 0x02, 0x0D, 0x02, 0x0D, 0x02, 0x0D,
    0x02, 0x0D, 0x02, 0x0D, 0x02, 0x0D, 0x01, 0xED, 0x01, 0xED, 0x01, 0xED, 0x01, 0xED, 0x01, 0xED,
    0x01, 0xED, 0x01, 0xED, 0x01, 0xED, 0x01, 0xED, 0x01, 0xED, 0x01, 0xED, 0x01, 0xCC, 0x01, 0xCC,
    0x01, 0xAB, 0x01, 0x8B, 0x01, 0x6A, 0x01, 0x29, 0x01, 0x28, 0x11, 0xCA, 0x2A, 0xAD, 0x43, 0x90,
    0x5C, 0x74, 0x64, 0xD6, 0x6D, 0x16, 0x6D, 0x57, 0x75, 0x78, 0x75, 0x98, 0x75, 0x78, 0x75, 0x37,
    0x6C, 0xD5, 0x54, 0x12, 0x32, 0xEE, 0x19, 0xEA, 0x2A, 0x4C, 0x43, 0x2F, 0x5C, 0x12, 0x6C, 0xD5,
    0x75, 0x37, 0x6D, 0x17, 0x64, 0x95, 0x43, 0x50, 0x1A, 0x2C, 0x09, 0xAB, 0x01, 0x8B, 0x01, 0x8B,
    0x09, 0xCC, 0x11, 0xED, 0x11, 0xED, 0x11, 0xED, 0x11, 0xED, 0x11, 0xED, 0x19, 0xED, 0x19, 0xED,
    0x21, 0xCC, 0x4D, 0xDD, 0x4D, 0xDD, 0x4D, 0xDD, 0x4D, 0xDD, 0x4D, 0xDD, 0x4D, 0xDD, 0x4D, 0xDD,
    0x4D, 0xDD, 0x4D, 0xDD, 0x4D, 0xDD, 0x4D, 0xDD, 0x4D, 0xDD, 0x55, 0xDD, 0x4D, 0xDD, 0x4D, 0xDD,
    0x55, 0xDD, 0x55, 0xDD, 0x55, 0xDD, 0x55, 0xDD, 0x4D, 0xDD, 0x4D, 0xDD, 0x4D, 0xDD, 0x4D, 0xDD,
    0x4D, 0xDD, 0x4D, 0xDD, 0x4D, 0xDD, 0x4D, 0xDD, 0x55, 0xDD, 0x55, 0xDD, 0x4D, 0xDD, 0x4D, 0xFE,
    0x4D, 0xDD, 0x55, 0xFD, 0x55, 0xFD, 0x55, 0xFD, 0x5D, 0xFD, 0x5D, 0xBD, 0x4D, 0x1A, 0x33, 0xD4,
    0x12, 0xD0, 0x2B, 0x52, 0x3C, 0x15, 0x54, 0xD8, 0x5D, 0x5A, 0x65, 0xBC, 0x65, 0xDD, 0x5D, 0xDD,
    0x5D, 0xDD, 0x5D, 0xFD, 0x5D, 0xFD, 0x5D, 0xFD, 0x5D, 0xFD, 0x5D, 0xFD, 0x5D, 0xFD, 0x65, 0xFD,
    0x65, 0xFD, 0x65, 0xFD, 0x6D, 0xDD, 0x65, 0xBC, 0x54, 0xD8, 0x2B, 0x11, 0x01, 0xAC, 0x01, 0xCC,
    0x01, 0xED, 0x01, 0xED, 0x01, 0xED, 0x01, 0xED, 0x01, 0xED, 0x02, 0x0D, 0x02, 0x0D, 0x02, 0x0D,
    0x01, 0xED, 0x01, 0xED, 0x01, 0xED, 0x01, 0xED, 0x01, 0xED, 0x02, 0x0D, 0x02, 0x0D, 0x02, 0x0D,
    0x02, 0x0D, 0x01, 0xED, 0x01, 0xED, 0x01, 0xED, 0x01, 0xED, 0x01, 0xED, 0x01, 0xED, 0x01, 0xED,
    0x01, 0xEC, 0x01, 0xEC, 0x01, 0xCC, 0x01, 0xAB, 0x01, 0x8B, 0x01, 0x6A, 0x01, 0x29, 0x09, 0x49,
    0x1A, 0x0B, 0x3B, 0x0F, 0x4B, 0xF2, 0x5C, 0x95, 0x65, 0x37, 0x6D, 0x78, 0x6D, 0x98, 0x6D, 0xB8,
    0x6D, 0xB8, 0x6D, 0x98, 0x6D, 0x98, 0x6D, 0x77, 0x64, 0xF5, 0x54, 0x12, 0x32, 0xCE, 0x1A, 0x2B,
    0x33, 0x0E, 0x54, 0x12, 0x64, 0xD5, 0x75, 0x37, 0x75, 0x57, 0x75, 0x78, 0x6D, 0x17, 0x4C, 0x13,
    0x22, 0xAE, 0x01, 0xCB, 0x01, 0xCB, 0x01, 0xCC, 0x09, 0xEC, 0x11, 0xEC, 0x11, 0xCC, 0x09, 0xCD,
    0x09, 0xED, 0x09, 0xED, 0x11, 0xCD, 0x11, 0xED, 0x11, 0xED, 0x11, 0xED, 0x19, 0xED, 0x21, 0xED,
    0x4D, 0xDD, 0x4D, 0xDD, 0x4D, 0xDD, 0x4D, 0xDD, 0x4D, 0xDD, 0x4D, 0xDD, 0x4D, 0xDD, 0x4D, 0xDD,
    0x4D, 0xDD, 0x4D, 0xDD, 0x55, 0xDD, 0x4D, 0xDD, 0x4D, 0xDD, 0x55, 0xDD, 0x55, 0xDD, 0x55, 0xDD,
    0x55, 0xDD, 0x55, 0xDD, 0x55, 0xDD, 0x4D, 0xDD, 0x4D, 0xDD, 0x4D, 0xDD, 0x4D, 0xDD, 0x4D, 0xDD,
    0x4D, 0xDD, 0x4D, 0xDD, 0x4D, 0xDD, 0x55, 0xDD, 0x4D, 0xDD, 0x4D, 0xDD, 0x4D, 0xFD, 0x55, 0xFD,
    0x5D, 0xDD, 0x5D, 0xBC, 0x55, 0x1A, 0x44, 0x37, 0x23, 0x12, 0x23, 0x53, 0x44, 0x97, 0x5D, 0x7B,
    0x5D, 0xBD, 0x5D, 0xBD, 0x5D, 0xDE, 0x55, 0xFD, 0x55, 0xFD, 0x55, 0xFD, 0x55, 0xFD, 0x5D, 0xDD,
    0x5D, 0xFD, 0x5D, 0xFD, 0x5D, 0xFD, 0x5D, 0xFD, 0x5D, 0xFD, 0x5D, 0xFD, 0x65, 0xFD, 0x6D, 0xDD,
    0x5D, 0x5B, 0x4C, 0x15, 0x1A, 0xB0, 0x01, 0xED, 0x01, 0xCD, 0x01, 0xCC, 0x01, 0xED, 0x01, 0xED,
    0x02, 0x0D, 0x02, 0x0D, 0x02, 0x0D, 0x02, 0x0D, 0x02, 0x0D, 0x02, 0x0D, 0x02, 0x0D, 0x02, 0x0D,
    0x02, 0x0D, 0x02, 0x0D, 0x01, 0xED, 0x01, 0xED, 0x02, 0x0D, 0x02, 0x0D, 0x02, 0x0D, 0x02, 0x0D,
    0x01, 0xED, 0x02, 0x0D, 0x02, 0x0D, 0x01, 0xED, 0x01, 0xEC, 0x01, 0xCC, 0x01, 0xCB, 0x01, 0xAB,
    0x01, 0x6A, 0x01, 0x29, 0x00, 0xC7, 0x11, 0xAA, 0x3B, 0x0E, 0x54, 0x12, 0x64, 0xB5, 0x6D, 0x57,
    0x6D, 0x77, 0x6D, 0x78, 0x65, 0x98, 0x65, 0x98, 0x65, 0xB8, 0x65, 0xB8, 0x6D, 0xB8, 0x6D, 0x98,
    0x65, 0x16, 0x54, 0x53, 0x33, 0x0E, 0x11, 0xEA, 0x3B, 0x0E, 0x54, 0x33, 0x65, 0x16, 0x6D, 0x77,
    0x75, 0x98, 0x75, 0x98, 0x75, 0x78, 0x65, 0x16, 0x43, 0x91, 0x12, 0x2C, 0x01, 0xCB, 0x01, 0xEC,
    0x01, 0xEC, 0x01, 0xEC, 0x01, 0xEC, 0x09, 0xED, 0x09, 0xED, 0x09, 0xED, 0x09, 0xED, 0x09, 0xED,
    0x09, 0xED, 0x09, 0xED, 0x09, 0xED, 0x09, 0xED, 0x09, 0xED, 0x11, 0xED, 0x19, 0xCD, 0x4D, 0xDD,
    0x4D, 0xDD, 0x4D, 0xDD, 0x4D, 0xDD, 0x4D, 0xDD, 0x4D, 0xDD, 0x4D, 0xDD, 0x4D, 0xDD, 0x4D, 0xDD,
    0x55, 0xDD, 0x4D, 0xDD, 0x4D, 0xDD, 0x4D, 0xDD, 0x4D, 0xDD, 0x55, 0xDD, 0x55, 0xDD, 0x55, 0xDD,
    0x55, 0xDD, 0x55, 0xDD, 0x55, 0xDD, 0x4D, 0xDD, 0x4D, 0xDD, 0x4D, 0xDD, 0x4D, 0xDD, 0x4D, 0xDD,
    0x4D, 0xDD, 0x4D, 0xFD, 0x4D, 0xDE, 0x4D, 0xFD, 0x55, 0xDD, 0x55, 0xBC, 0x5D, 0x7B, 0x54, 0xD9,
    0x3B, 0x94, 0x09, 0xAD, 0x2A, 0xF2, 0x4C, 0xB8, 0x5D, 0xBC, 0x5D, 0xDD, 0x5D, 0xFD, 0x55, 0xFD,
    0x55, 0xDD, 0x55, 0xDD, 0x55, 0xFD, 0x55, 0xFD, 0x55, 0xFD, 0x55, 0xFD, 0x5D, 0xDD, 0x5D, 0xFD,
    0x5D, 0xFD, 0x5D, 0xFD, 0x5D, 0xFD, 0x65, 0xFD, 0x65, 0xDC, 0x5D, 0x3A, 0x43, 0xF5, 0x12, 0x2E,
    0x01, 0xAC, 0x02, 0x0D, 0x02, 0x0D, 0x01, 0xED, 0x01, 0xED, 0x02, 0x0D, 0x02, 0x0D, 0x02, 0x0D,
    0x02, 0x0D, 0x02, 0x0D, 0x02, 0x0D, 0x02, 0x0D, 0x02, 0x0D, 0x02, 0x0D, 0x02, 0x0D, 0x02, 0x0D,
    0x02, 0x0D, 0x02, 0x0D, 0x02, 0x0D, 0x02, 0x0D, 0x02, 0x0D, 0x0A, 0x0D, 0x0A, 0x0D, 0x0A, 0x0D,
    0x0A, 0x0D, 0x01, 0xCC, 0x01, 0xCB, 0x01, 0x8B, 0x01, 0x49, 0x01, 0x08, 0x01, 0x08, 0x1A, 0x2B,
    0x3B, 0x70, 0x54, 0x74, 0x6D, 0x36, 0x6D, 0x78, 0x6D, 0x98, 0x6D, 0x98, 0x6D, 0xB8, 0x65, 0x98,
    0x65, 0x98, 0x65, 0x98, 0x6D, 0x98, 0x6D, 0x97, 0x6D, 0x57, 0x5C, 0x94, 0x3B, 0x2F, 0x1A, 0x0A,
    0x32, 0xCD, 0x54, 0x32, 0x6D, 0x16, 0x6D, 0x77, 0x6D, 0x98, 0x6D, 0x98, 0x6D, 0x98, 0x6D, 0x78,
    0x64, 0xF6, 0x43, 0xD2, 0x12, 0x2C, 0x01, 0xAA, 0x01, 0xCB, 0x01, 0xEC, 0x01, 0xEC, 0x01, 0xED,
    0x01, 0xED, 0x01, 0xED, 0x01, 0xED, 0x09, 0xED, 0x09, 0xED, 0x09, 0xED, 0x09, 0xED, 0x09, 0xED,
    0x09, 0xED, 0x09, 0xED, 0x09, 0xED, 0x09, 0xED, 0x09, 0xCD, 0x11, 0xCC, 0x4D, 0xDD, 0x4D, 0xDD,
    0x4D, 0xDD, 0x4D, 0xDD, 0x4D, 0xDD, 0x55, 0xDD, 0x4D, 0xDD, 0x4D, 0xDD, 0x4D, 0xDD, 0x4D, 0xDD,
    0x4D, 0xDD, 0x4D, 0xDD, 0x4D, 0xDD, 0x4D, 0xDD, 0x4D, 0xDD, 0x55, 0xDD, 0x55, 0xDD, 0x55, 0xDD,
    0x55, 0xDD, 0x55, 0xDD, 0x4D, 0xDD, 0x4D, 0xDD, 0x4D, 0xDD, 0x4D, 0xDD, 0x4D, 0xDD, 0x4D, 0xDD,
    0x4D, 0xFD, 0x4D, 0xFE, 0x55, 0xFE, 0x55, 0x9C, 0x44, 0xB9, 0x33, 0xD5, 0x12, 0x50, 0x2B, 0x33,
    0x54, 0xD9, 0x5D, 0xBC, 0x5D, 0xDD, 0x55, 0xDD, 0x55, 0xFD, 0x55, 0xFE, 0x55, 0xFD, 0x55, 0xFD,
    0x55, 0xFD, 0x55, 0xFD, 0x55, 0xFE, 0x55, 0xFE, 0x55, 0xFD, 0x55, 0xFD, 0x5D, 0xFD, 0x5D, 0xFD,
    0x5D, 0xFD, 0x65, 0xDC, 0x5D, 0x5A, 0x33, 0x73, 0x09, 0xCD, 0x01, 0xAC, 0x01, 0xCD, 0x01, 0xED,
    0x02, 0x2E, 0x02, 0x0E, 0x02, 0x0E, 0x02, 0x0D, 0x02, 0x0D, 0x02, 0x0D, 0x02, 0x0D, 0x02, 0x0D,
    0x02, 0x0D, 0x02, 0x0D, 0x02, 0x0D, 0x02, 0x0D, 0x02, 0x2E, 0x02, 0x2E, 0x02, 0x2D, 0x0A, 0x2D,
    0x0A, 0x0D, 0x0A, 0x0D, 0x09, 0xED, 0x09, 0xEC, 0x11, 0xEC, 0x1A, 0x0D, 0x11, 0xCC, 0x09, 0x6A,
    0x00, 0xE8, 0x00, 0xA7, 0x00, 0xA7, 0x21, 0xCA, 0x4B, 0xB1, 0x64, 0xB5, 0x65, 0x57, 0x65, 0x98,
    0x65, 0xB8, 0x65, 0x98, 0x65, 0x98, 0x65, 0x98, 0x65, 0xB8, 0x65, 0xB8, 0x65, 0x98, 0x65, 0x98,
    0x6D, 0x97, 0x65, 0x16, 0x4B, 0xD2, 0x2A, 0x6C, 0x19, 0xEA, 0x4B, 0xB1, 0x64, 0xD5, 0x6D, 0x57,
    0x6D, 0x98, 0x6D, 0x98, 0x6D, 0xB8, 0x6D, 0x98, 0x75, 0x98, 0x65, 0x17, 0x43, 0xB2, 0x09, 0xCB,
    0x01, 0xCB, 0x01, 0xEC, 0x02, 0x0D, 0x01, 0xEC, 0x01, 0xED, 0x01, 0xED, 0x01, 0xED, 0x01, 0xED,
    0x02, 0x0D, 0x02, 0x0D, 0x0A, 0x0D, 0x0A, 0x0E, 0x0A, 0x0D, 0x12, 0x0D, 0x09, 0xED, 0x09, 0xED,
    0x09, 0xED, 0x09, 0xED, 0x09, 0xED, 0x09, 0xCD, 0x11, 0xCC, 0x4D, 0xDD, 0x4D, 0xDD, 0x55, 0xDD,
    0x55, 0xDD, 0x55, 0xDD, 0x55, 0xDD, 0x55, 0xDD, 0x4D, 0xDD, 0x55, 0xDD, 0x4D, 0xDD, 0x4D, 0xDD,
    0x55, 0xDD, 0x55, 0xDD, 0x55, 0xDD, 0x4D, 0xDD, 0x55, 0xDD, 0x55, 0xDD, 0x55, 0xDD, 0x55, 0xDD,
    0x4D, 0xDD, 0x4D, 0xDD, 0x4D, 0xDD, 0x4D, 0xDD, 0x4D, 0xDD, 0x4D, 0xDD, 0x55, 0xDD, 0x55, 0xFE,
    0x55, 0xDD, 0x5D, 0xBD, 0x5D, 0x1A, 0x33, 0x74, 0x23, 0x12, 0x44, 0x77, 0x65, 0x9C, 0x5D, 0xDD,
    0x55, 0xFD, 0x55, 0xDD, 0x55, 0xDD, 0x55, 0xFD, 0x55, 0xFD, 0x55, 0xDD, 0x55, 0xDD, 0x55, 0xDD,
    0x55, 0xFD, 0x55, 0xFD, 0x55, 0xFD, 0x55, 0xFD, 0x55, 0xDD, 0x5D, 0xDD, 0x65, 0xBC, 0x5D, 0x3A,
    0x33, 0x72, 0x01, 0xCD, 0x01, 0xAC, 0x01, 0xCC, 0x01, 0xED, 0x02, 0x0D, 0x02, 0x0E, 0x02, 0x2E,
    0x02, 0x2E, 0x02, 0x0E, 0x02, 0x0D, 0x02, 0x0D, 0x02, 0x0D, 0x02, 0x0D, 0x02, 0x0D, 0x02, 0x0D,
    0x02, 0x0D, 0x02, 0x0D, 0x02, 0x0D, 0x0A, 0x2E, 0x0A, 0x0D, 0x0A, 0x0D, 0x0A, 0x0D, 0x0A, 0x0D,
    0x09, 0xEC, 0x09, 0xCC, 0x11, 0xAC, 0x11, 0x8B, 0x11, 0x4A, 0x08, 0xE8, 0x00, 0x66, 0x00, 0x66,
    0x2A, 0x0B, 0x53, 0xF2, 0x6D, 0x37, 0x6D, 0x98, 0x6D, 0xB8, 0x65, 0xB8, 0x65, 0xB8, 0x65, 0xB8,
    0x5D, 0xB8, 0x5D, 0xB8, 0x65, 0x98, 0x65, 0x98, 0x65, 0x98, 0x65, 0x77, 0x5C, 0xF6, 0x43, 0xD1,
    0x11, 0xEA, 0x22, 0x8C, 0x54, 0x33, 0x65, 0x16, 0x6D, 0x77, 0x6D, 0x98, 0x65, 0xB8, 0x65, 0xB8,
    0x6D, 0x98, 0x6D, 0x98, 0x65, 0x37, 0x43, 0xD2, 0x0A, 0x0B, 0x01, 0xAB, 0x01, 0xCB, 0x01, 0xEC,
    0x02, 0x0D, 0x01, 0xED, 0x01, 0xED, 0x01, 0xED, 0x01, 0xED, 0x01, 0xED, 0x01, 0xED, 0x02, 0x0D,
    0x02, 0x0D, 0x0A, 0x0E, 0x0A, 0x0E, 0x12, 0x2E, 0x12, 0x0E, 0x12, 0x0D, 0x09, 0xED, 0x09, 0xED,
    0x09, 0xED, 0x09, 0xCD, 0x09, 0xCD, 0x11, 0xCD, 0x4D, 0xDD, 0x4D, 0xDD, 0x55, 0xDD, 0x55, 0xDD,
    0x55, 0xDD, 0x55, 0xDD, 0x55, 0xDD, 0x55, 0xDD, 0x55, 0xDD, 0x4D, 0xDD, 0x4D, 0xDD, 0x4D, 0xDD,
    0x55, 0xDD, 0x55, 0xDD, 0x55, 0xDD, 0x55, 0xDD, 0x55, 0xDD, 0x55, 0xDD, 0x55, 0xDD, 0x55, 0xDD,
    0x4D, 0xDD, 0x4D, 0xDD, 0x55, 0xDE, 0x55, 0xDD, 0x4D, 0xDD, 0x55, 0xFD, 0x55, 0xDD, 0x5D, 0x7B,
    0x3C, 0x16, 0x2B, 0x33, 0x44, 0x16, 0x5D, 0x9C, 0x5D, 0xDD, 0x5D, 0xDD, 0x55, 0xFD, 0x55, 0xFD,
    0x55, 0xDD, 0x55, 0xDD, 0x55, 0xDD, 0x55, 0xFD, 0x55, 0xFD, 0x55, 0xDD, 0x55, 0xFD, 0x55, 0xFD,
    0x55, 0xFD, 0x55, 0xFD, 0x5D, 0xFD, 0x65, 0xBC, 0x5D, 0x3A, 0x3B, 0xD4, 0x0A, 0x0E, 0x01, 0xAC,
    0x01, 0xCC, 0x01, 0xED, 0x01, 0xED, 0x01, 0xED, 0x02, 0x0E, 0x02, 0x0E, 0x02, 0x0E, 0x02, 0x0E,
    0x02, 0x0E, 0x02, 0x0D, 0x02, 0x0D, 0x02, 0x0D, 0x02, 0x0D, 0x02, 0x0D, 0x02, 0x0D, 0x02, 0x0D,
    0x02, 0x0D, 0x0A, 0x0D, 0x12, 0x0D, 0x11, 0xED, 0x11, 0xEC, 0x09, 0xCC, 0x09, 0x8B, 0x01, 0x29,
    0x09, 0x08, 0x00, 0xC7, 0x00, 0x86, 0x00, 0x45, 0x11, 0x27, 0x21, 0xEB, 0x4B, 0x50, 0x6C, 0xD5,
    0x6D, 0x57, 0x6D, 0x98, 0x6D, 0xB8, 0x65, 0xB8, 0x65, 0xB8, 0x65, 0xB8, 0x65, 0xB8, 0x65, 0xB8,
    0x5D, 0xB8, 0x65, 0x97, 0x65, 0x77, 0x5C, 0xD5, 0x43, 0x90, 0x09, 0xCA, 0x32, 0xCD, 0x54, 0x53,
    0x65, 0x37, 0x6D, 0x98, 0x65, 0x98, 0x65, 0x98, 0x65, 0xB8, 0x65, 0xB8, 0x65, 0x98, 0x65, 0x17,
    0x4C, 0x13, 0x12, 0x4C, 0x01, 0xCB, 0x01, 0xCB, 0x01, 0xCC, 0x01, 0xEC, 0x01, 0xED, 0x01, 0xED,
    0x01, 0xED, 0x01, 0xED, 0x01, 0xED, 0x01, 0xED, 0x01, 0xED, 0x01, 0xED, 0x02, 0x0D, 0x02, 0x0E,
    0x0A, 0x0E, 0x0A, 0x0E, 0x12, 0x2E, 0x12, 0x0E, 0x12, 0x0E, 0x12, 0x0D, 0x11, 0xED, 0x09, 0xED,
    0x09, 0xED, 0x11, 0xED, 0x19, 0xCD, 0x4D, 0xDD, 0x4D, 0xDD, 0x55, 0xDD, 0x55, 0xDD, 0x55, 0xDD,
    0x55, 0xDD, 0x55, 0xDD, 0x55, 0xDD, 0x55, 0xDD, 0x55, 0xDD, 0x4D, 0xDD, 0x4D, 0xDD, 0x4D, 0xDD,
    0x55, 0xDD, 0x55, 0xDD, 0x55, 0xDD, 0x55, 0xDD, 0x55, 0xDD, 0x55, 0xDD, 0x55, 0xDD, 0x4D, 0xDD,
    0x4D, 0xDD, 0x55, 0xDD, 0x55, 0xDD, 0x55, 0xDD, 0x5D, 0x9C, 0x4C, 0x98, 0x22, 0xD1, 0x33, 0x74,
    0x5D, 0x5B, 0x5D, 0xBD, 0x55, 0xFD, 0x55, 0xFD, 0x55, 0xFE, 0x55, 0xFD, 0x55, 0xFD, 0x55, 0xFD,
    0x55, 0xFD, 0x55, 0xDD, 0x55, 0xFD, 0x55, 0xFD, 0x55, 0xFD, 0x5D, 0xDD, 0x5D, 0xDD, 0x5D, 0xFD,
    0x5D, 0xDD, 0x5D, 0x7B, 0x3B, 0xB4, 0x12, 0x2E, 0x01, 0xAC, 0x01, 0xCD, 0x01, 0xED, 0x01, 0xCD,
    0x01, 0xED, 0x01, 0xED, 0x01, 0xED, 0x02, 0x0D, 0x02, 0x0E, 0x02, 0x0E, 0x02, 0x0E, 0x02, 0x0D,
    0x02, 0x0D, 0x02, 0x0D, 0x02, 0x0D, 0x02, 0x0D, 0x02, 0x0D, 0x02, 0x0D, 0x01, 0xED, 0x01, 0xED,
    0x09, 0xED, 0x11, 0xEC, 0x11, 0xAB, 0x09, 0x29, 0x00, 0xA6, 0x00, 0x45, 0x00, 0x24, 0x00, 0x44,
    0x00, 0x85, 0x32, 0x4B, 0x4B, 0x50, 0x4B, 0x91, 0x3B, 0x0F, 0x22, 0x8D, 0x32, 0xEE, 0x4B, 0xB1,
    0x6C, 0xD6, 0x75, 0x78, 0x6D, 0x98, 0x65, 0xB8, 0x65, 0xB8, 0x65, 0x98, 0x65, 0x98, 0x6D, 0x98,
    0x5C, 0xF5, 0x3B, 0x70, 0x11, 0xCA, 0x32, 0xEE, 0x64, 0xB5, 0x6D, 0x77, 0x6D, 0x98, 0x6D, 0x98,
    0x65, 0xB8, 0x65, 0xB8, 0x6D, 0x98, 0x6D, 0x98, 0x65, 0x57, 0x4C, 0x74, 0x12, 0x4C, 0x01, 0xCB,
    0x01, 0xEC, 0x01, 0xEC, 0x01, 0xEC, 0x01, 0xEC, 0x01, 0xED, 0x02, 0x0D, 0x02, 0x0D, 0x01, 0xED,
    0x01, 0xED, 0x01, 0xED, 0x01, 0xED, 0x01, 0xED, 0x01, 0xED, 0x01, 0xED, 0x02, 0x0D, 0x0A, 0x0D,
    0x0A, 0x0E, 0x0A, 0x0E, 0x12, 0x0E, 0x12, 0x2E, 0x12, 0x0E, 0x11, 0xED, 0x09, 0xED, 0x11, 0xED,
    0x11, 0xED, 0x19, 0xED, 0x4D, 0xDD, 0x4D, 0xDD, 0x4D, 0xDD, 0x55, 0xDD, 0x55, 0xDD, 0x55, 0xDD,
    0x55, 0xDD, 0x55, 0xDD, 0x55, 0xDD, 0x55, 0xDD, 0x55, 0xDD, 0x55, 0xDD, 0x4D, 0xDD, 0x4D, 0xDD,
    0x55, 0xDD, 0x55, 0xDD, 0x55, 0xDD, 0x55, 0xDD, 0x55, 0xDD, 0x55, 0xDD, 0x4D, 0xDD, 0x4D, 0xDD,
    0x55, 0xDD, 0x55, 0xBD, 0x4D, 0x1A, 0x2B, 0x53, 0x33, 0x12, 0x54, 0xFA, 0x5D, 0xBD, 0x55, 0xDD,
    0x4D, 0xFD, 0x55, 0xFD, 0x55, 0xFD, 0x4D, 0xFE, 0x4D, 0xFD, 0x4D, 0xFD, 0x55, 0xFD, 0x55, 0xFD,
    0x55, 0xFD, 0x55, 0xFD, 0x55, 0xFD, 0x55, 0xFD, 0x5D, 0xDD, 0x65, 0xFD, 0x65, 0xBC, 0x44, 0x36,
    0x12, 0x4F, 0x01, 0xCD, 0x01, 0xED, 0x01, 0xED, 0x01, 0xED, 0x01, 0xED, 0x01, 0xED, 0x01, 0xED,
    0x01, 0xED, 0x01, 0xED, 0x01, 0xED, 0x02, 0x0D, 0x02, 0x0E, 0x02, 0x0D, 0x01, 0xED, 0x01, 0xED,
    0x02, 0x0D, 0x02, 0x0D, 0x01, 0xED, 0x01, 0xEC, 0x01, 0xCC, 0x01, 0xCB, 0x01, 0xAB, 0x09, 0x4A,
    0x00, 0xC7, 0x00, 0x65, 0x00, 0x24, 0x00, 0x23, 0x11, 0x47, 0x43, 0x0E, 0x53, 0xD1, 0x5C, 0x53,
    0x64, 0x94, 0x5C, 0xB5, 0x4C, 0x33, 0x44, 0x12, 0x43, 0xD1, 0x33, 0x0F, 0x22, 0x4C, 0x19, 0xCA,
    0x32, 0x8C, 0x4C, 0x12, 0x65, 0x16, 0x6D, 0x77, 0x6D, 0x77, 0x64, 0xF5, 0x33, 0x0E, 0x11, 0xA9,
    0x43, 0x70, 0x64, 0xD5, 0x6D, 0x57, 0x6D, 0x98, 0x6D, 0xB8, 0x65, 0xB8, 0x65, 0xB8, 0x65, 0xB8,
    0x6D, 0xB8, 0x6D, 0x78, 0x54, 0x95, 0x22, 0xCE, 0x01, 0xAA, 0x01, 0xCB, 0x01, 0xEC, 0x01, 0xEC,
    0x01, 0xED, 0x02, 0x0D, 0x02, 0x0D, 0x02, 0x2D, 0x02, 0x0D, 0x02, 0x0D, 0x01, 0xED, 0x01, 0xED,
    0x01, 0xED, 0x01, 0xED, 0x01, 0xED, 0x01, 0xED, 0x01, 0xED, 0x01, 0xED, 0x01, 0xED, 0x09, 0xED,
    0x0A, 0x0D, 0x0A, 0x0D, 0x12, 0x2E, 0x12, 0x0E, 0x11, 0xED, 0x11, 0xED, 0x11, 0xED, 0x11, 0xED,
    0x21, 0xED, 0x4D, 0xDD, 0x4D, 0xDD, 0x55, 0xDD, 0x55, 0xDD, 0x55, 0xDD, 0x55, 0xDD, 0x55, 0xDD,
    0x55, 0xDD, 0x55, 0xDD, 0x55, 0xDD, 0x55, 0xDD, 0x55, 0xDD, 0x4D, 0xDD, 0x4D, 0xDD, 0x4D, 0xDD,
    0x55, 0xDD, 0x55, 0xDD, 0x4D, 0xDD, 0x4D, 0xDD, 0x4D, 0xDD, 0x4D, 0xDD, 0x55, 0xBD, 0x4D, 0x9C,
    0x34, 0x78, 0x23, 0x94, 0x4C, 0xB8, 0x5D, 0x9C, 0x55, 0xDD, 0x4D, 0xDD, 0x4D, 0xDD, 0x4D, 0xDD,
    0x4D, 0xDD, 0x55, 0xDD, 0x4D, 0xFE, 0x4D, 0xFD, 0x55, 0xFD, 0x55, 0xFD, 0x55, 0xFD, 0x55, 0xFD,
    0x55, 0xFD, 0x55, 0xFD, 0x5D, 0xDD, 0x65, 0xBC, 0x54, 0xB8, 0x22, 0xF1, 0x01, 0xAC, 0x01, 0xAC,
    0x01, 0xCD, 0x01, 0xED, 0x01, 0xED, 0x01, 0xED, 0x01, 0xED, 0x01, 0xED, 0x01, 0xED, 0x01, 0xED,
    0x01, 0xED, 0x01, 0xCD, 0x01, 0xED, 0x0A, 0x2E, 0x0A, 0x2D, 0x01, 0xCC, 0x01, 0xAC, 0x01, 0xAC,
    0x01, 0x6B, 0x01, 0x2B, 0x01, 0x2A, 0x11, 0xEC, 0x2A, 0x6D, 0x2A, 0x0C, 0x00, 0x87, 0x00, 0x24,
    0x00, 0x24, 0x32, 0x6B, 0x5C, 0x32, 0x6D, 0x15, 0x6D, 0x77, 0x6D, 0x97, 0x65, 0x97, 0x65, 0x98,
    0x65, 0x98, 0x65, 0x98, 0x65, 0x98, 0x65, 0x77, 0x65, 0x77, 0x65, 0x37, 0x5C, 0x94, 0x3B, 0x2F,
    0x11, 0x48, 0x09, 0x06, 0x42, 0xED, 0x4B, 0x4F, 0x11, 0x68, 0x42, 0xCD, 0x64, 0x74, 0x75, 0x57,
    0x6D, 0x98, 0x6D, 0xB8, 0x6D, 0xB8, 0x65, 0xB8, 0x65, 0xB8, 0x65, 0xB8, 0x6D, 0x98, 0x65, 0x37,
    0x3B, 0x71, 0x01, 0xEB, 0x01, 0xCB, 0x01, 0xEC, 0x01, 0xEC, 0x01, 0xED, 0x01, 0xED, 0x01, 0xED,
    0x02, 0x0D, 0x02, 0x0D, 0x02, 0x2E, 0x02, 0x2E, 0x02, 0x0D, 0x01, 0xED, 0x01, 0xED, 0x01, 0xED,
    0x01, 0xED, 0x01, 0xED, 0x01, 0xED, 0x01, 0xED, 0x01, 0xED, 0x01, 0xED, 0x01, 0xED, 0x09, 0xED,
    0x09, 0xED, 0x0A, 0x0D, 0x09, 0xED, 0x11, 0xED, 0x11, 0xED, 0x11, 0xED, 0x11, 0xED, 0x21, 0xED,
    0x4D, 0xDD, 0x4D, 0xDD, 0x55, 0xDD, 0x4D, 0xDD, 0x4D, 0xDD, 0x55, 0xDD, 0x55, 0xDD, 0x55, 0xDD,
    0x55, 0xDD, 0x55, 0xDD, 0x55, 0xDD, 0x4D, 0xDD, 0x4D, 0xDD, 0x4D, 0xDD, 0x4D, 0xDD, 0x55, 0xDD,
    0x55, 0xDD, 0x55, 0xDD, 0x4D, 0xDD, 0x4D, 0xDD, 0x4D, 0xDD, 0x45, 0x5B, 0x2C, 0xB9, 0x3C, 0xFA,
    0x55, 0x9C, 0x5D, 0xBD, 0x4D, 0xDD, 0x4D, 0xFD, 0x4D, 0xDD, 0x4D, 0xDE, 0x4D, 0xFE, 0x4D, 0xFD,
    0x4D, 0xDD, 0x4D, 0xDD, 0x4D, 0xFD, 0x55, 0xFD, 0x55, 0xFD, 0x5D, 0xFD, 0x5D, 0xFD, 0x5D, 0xFD,
    0x65, 0xDD, 0x5D, 0x1A, 0x33, 0x73, 0x01, 0xCC, 0x01, 0xAC, 0x01, 0xCD, 0x01, 0xCD, 0x01, 0xED,
    0x01, 0xED, 0x01, 0xED, 0x01, 0xED, 0x01, 0xED, 0x01, 0xED, 0x01, 0xED, 0x01, 0xCC, 0x01, 0xAC,
    0x01, 0xAC, 0x01, 0xAC, 0x01, 0xCC, 0x01, 0xAC, 0x01, 0x8B, 0x1A, 0x0D, 0x22, 0x4E, 0x43, 0x72,
    0x54, 0x15, 0x5C, 0x76, 0x54, 0x14, 0x32, 0xCF, 0x22, 0x2C, 0x08, 0xE7, 0x19, 0x88, 0x53, 0xD1,
    0x75, 0x37, 0x75, 0x98, 0x6D, 0x98, 0x65, 0x98, 0x65, 0x98, 0x65, 0xB8, 0x65, 0xB8, 0x65, 0xB8,
    0x65, 0xB8, 0x65, 0xB8, 0x65, 0xB8, 0x65, 0xB8, 0x65, 0x98, 0x6D, 0x97, 0x6D, 0x36, 0x64, 0x53,
    0x21, 0xA9, 0x00, 0x44, 0x00, 0x24, 0x00, 0xA5, 0x32, 0x2B, 0x5B, 0xD1, 0x6C, 0xF6, 0x6D, 0x77,
    0x6D, 0x98, 0x6D, 0xB8, 0x6D, 0xB8, 0x6D, 0x98, 0x65, 0x58, 0x4C, 0x33, 0x1A, 0x4D, 0x01, 0xCB,
    0x01, 0xEC, 0x01, 0xEC, 0x02, 0x0D, 0x02, 0x0D, 0x01, 0xED, 0x02, 0x0D, 0x02, 0x0D, 0x02, 0x0D,
    0x02, 0x0D, 0x02, 0x0D, 0x02, 0x0D, 0x02, 0x0D, 0x01, 0xED, 0x01, 0xED, 0x01, 0xED, 0x01, 0xED,
    0x01, 0xED, 0x01, 0xED, 0x01, 0xED, 0x01, 0xED, 0x01, 0xED, 0x01, 0xED, 0x09, 0xED, 0x09, 0xED,
    0x09, 0xED, 0x09, 0xED, 0x09, 0xED, 0x09, 0xED, 0x11, 0xED, 0x11, 0xED, 0x21, 0xCD, 0x4D, 0xDD,
    0x4D, 0xDD, 0x55, 0xDD, 0x4D, 0xDD, 0x4D, 0xDD, 0x4D, 0xDD, 0x4D, 0xDD, 0x55, 0xDD, 0x55, 0xDD,
    0x55, 0xDD, 0x55, 0xDD, 0x4D, 0xDD, 0x55, 0xDD, 0x55, 0xDD, 0x55, 0xDD, 0x4D, 0xDD, 0x55, 0xDD,
    0x55, 0xDD, 0x4D, 0xDD, 0x4D, 0xDD, 0x4D, 0xBD, 0x4D, 0x7C, 0x55, 0xBD, 0x55, 0xDD, 0x55, 0xDD,
    0x4D, 0xDD, 0x4D, 0xDD, 0x4D, 0xDD, 0x4D, 0xDD, 0x4D, 0xDD, 0x4D, 0xDD, 0x4D, 0xFD, 0x4D, 0xFD,
    0x55, 0xDD, 0x55, 0xFE, 0x55, 0xFD, 0x5D, 0xFD, 0x5D, 0xFD, 0x5D, 0xFD, 0x5D, 0x9C, 0x44, 0x36,
    0x09, 0xED, 0x01, 0x8C, 0x01, 0xCC, 0x01, 0xCC, 0x01, 0xCD, 0x01, 0xED, 0x01, 0xED, 0x01, 0xED,
    0x01, 0xED, 0x01, 0xED, 0x01, 0xED, 0x01, 0xCC, 0x01, 0xAC, 0x01, 0x6B, 0x01, 0x4A, 0x01, 0x6B,
    0x1A, 0x4E, 0x43, 0x73, 0x54, 0x36, 0x64, 0xF9, 0x6D, 0x7B, 0x75, 0xBC, 0x75, 0xBB, 0x5D, 0x19,
    0x43, 0xF4, 0x3B, 0x51, 0x3B, 0x30, 0x22, 0x2C, 0x3B, 0x0E, 0x6C, 0xD5, 0x75, 0x98, 0x6D, 0xB8,
    0x6D, 0xB8, 0x6D, 0x98, 0x65, 0xB8, 0x65, 0xB8, 0x65, 0xB8, 0x65, 0xB8, 0x65, 0xB8, 0x65, 0xB8,
    0x5D, 0xB8, 0x65, 0xB8, 0x65, 0xB8, 0x65, 0xB8, 0x6D, 0x57, 0x5C, 0x33, 0x21, 0xE9, 0x22, 0x09,
    0x5B, 0xF1, 0x4B, 0x90, 0x19, 0xC9, 0x00, 0xA6, 0x00, 0x86, 0x11, 0x68, 0x3A, 0xEE, 0x5C, 0x53,
    0x6D, 0x57, 0x6D, 0x57, 0x5C, 0xB5, 0x2A, 0xEE, 0x01, 0x8A, 0x01, 0xAB, 0x01, 0xCC, 0x01, 0xEC,
    0x01, 0xED, 0x01, 0xED, 0x01, 0xED, 0x01, 0xED, 0x02, 0x0D, 0x02, 0x0D, 0x02, 0x0D, 0x02, 0x0D,
    0x02, 0x0D, 0x02, 0x0D, 0x01, 0xED, 0x01, 0xED, 0x01, 0xED, 0x01, 0xED, 0x01, 0xED, 0x01, 0xED,
    0x01, 0xED, 0x01, 0xED, 0x01, 0xED, 0x02, 0x0D, 0x02, 0x0D, 0x01, 0xED, 0x01, 0xED, 0x09, 0xED,
    0x09, 0xED, 0x09, 0xED, 0x09, 0xED, 0x11, 0xED, 0x11, 0xED, 0x21, 0xCD, 0x4D, 0xDD, 0x55, 0xDD,
    0x55, 0xDD, 0x4D, 0xDD, 0x4D, 0xDD, 0x4D, 0xDD, 0x4D, 0xDD, 0x55, 0xDD, 0x55, 0xDD, 0x4D, 0xDD,
    0x4D, 0xDD, 0x4D, 0xDD, 0x55, 0xDD, 0x55, 0xDD, 0x55, 0xDD, 0x4D, 0xDD, 0x55, 0xDD, 0x55, 0xDD,
    0x4D, 0xBD, 0x4D, 0xDD, 0x4D, 0xDD, 0x55, 0xDD, 0x55, 0xBD, 0x55, 0xDD, 0x4D, 0xDD, 0x4D, 0xDD,
    0x55, 0xDD, 0x4D, 0xDD, 0x4D, 0xFD, 0x4D, 0xDD, 0x55, 0xDD, 0x4D, 0xDD, 0x4D, 0xFD, 0x55, 0xFD,
    0x55, 0xFE, 0x5D, 0xFD, 0x5D, 0xFD, 0x65, 0xDC, 0x54, 0xD8, 0x22, 0xF0, 0x01, 0x8C, 0x01, 0xAC,
    0x01, 0xCC, 0x01, 0xCC, 0x01, 0xCD, 0x01, 0xCD, 0x01, 0xED, 0x01, 0xEC, 0x01, 0xEC, 0x01, 0xCC,
    0x01, 0x8B, 0x01, 0x8B, 0x01, 0x8B, 0x22, 0x8F, 0x3B, 0xB3, 0x4C, 0x97, 0x65, 0x5A, 0x6D, 0xBC,
    0x6D, 0xDD, 0x6D, 0xFD, 0x6D, 0xFD, 0x6D, 0xFD, 0x5D, 0x5A, 0x44, 0x76, 0x4C, 0x55, 0x5C, 0x76,
    0x3B, 0x0F, 0x2A, 0x8D, 0x5C, 0x74, 0x75, 0x78, 0x6D, 0x98, 0x6D, 0xB8, 0x65, 0xB8, 0x65, 0xB8,
    0x65, 0xB8, 0x65, 0xB8, 0x65, 0xB8, 0x5D, 0xB8, 0x65, 0xB8, 0x65, 0xB8, 0x65, 0xB8, 0x65, 0xB8,
    0x65, 0xB8, 0x6D, 0x98, 0x5C, 0xD5, 0x2A, 0xAD, 0x19, 0xEA, 0x4B, 0xF1, 0x6D, 0x36, 0x6D, 0x77,
    0x6D, 0x77, 0x65, 0x36, 0x54, 0x12, 0x2A, 0x8C, 0x00, 0xE6, 0x00, 0xA6, 0x00, 0x65, 0x32, 0x2B,
    0x4B, 0x50, 0x11, 0x89, 0x01, 0x69, 0x01, 0xAB, 0x01, 0xCC, 0x01, 0xCC, 0x01, 0xCC, 0x01, 0xED,
    0x01, 0xED, 0x01, 0xED, 0x01, 0xED, 0x01, 0xED, 0x02, 0x0D, 0x01, 0xED, 0x01, 0xED, 0x01, 0xED,
    0x01, 0xED, 0x01, 0xED, 0x01, 0xED, 0x01, 0xED, 0x01, 0xED, 0x01, 0xED, 0x01, 0xED, 0x01, 0xED,
    0x01, 0xED, 0x02, 0x0D, 0x02, 0x0D, 0x02, 0x0D, 0x01, 0xED, 0x01, 0xED, 0x09, 0xED, 0x09, 0xED,
    0x09, 0xED, 0x09, 0xED, 0x09, 0xED, 0x11, 0xCD, 0x21, 0xCD, 0x4D, 0xDD, 0x4D, 0xDD, 0x4D, 0xDD,
    0x4D, 0xDD, 0x4D, 0xDD, 0x4D, 0xDD, 0x4D, 0xDD, 0x55, 0xDD, 0x55, 0xDD, 0x4D, 0xDD, 0x4D, 0xDD,
    0x4D, 0xDD, 0x55, 0xDD, 0x4D, 0xDD, 0x55, 0xDD, 0x4D, 0xDD, 0x55, 0xDD, 0x55, 0xDD, 0x4D, 0xDD,
    0x4D, 0xDD, 0x55, 0xDD, 0x4D, 0xDD, 0x55, 0xDD, 0x55, 0xDD, 0x55, 0xDD, 0x55, 0xDD, 0x55, 0xDD,
    0x55, 0xFD, 0x55, 0xDD, 0x55, 0xDD, 0x55, 0xFD, 0x55, 0xFD, 0x55, 0xFD, 0x55, 0xFD, 0x5D, 0xFD,
    0x5D, 0xDD, 0x5D, 0x9B, 0x44, 0x15, 0x01, 0x8C, 0x01, 0xAC, 0x01, 0xCD, 0x01, 0xED, 0x01, 0xCD,
    0x01, 0xCC, 0x01, 0xCC, 0x01, 0xAC, 0x01, 0x8C, 0x01, 0x6B, 0x01, 0x6B, 0x12, 0x0D, 0x2B, 0x11,
    0x4C, 0x56, 0x5D, 0x3A, 0x65, 0xBC, 0x65, 0xDD, 0x5D, 0xDD, 0x65, 0xFD, 0x65, 0xFD, 0x66, 0x1D,
    0x66, 0x1D, 0x65, 0xFD, 0x5D, 0x7B, 0x5D, 0x39, 0x65, 0x59, 0x54, 0x14, 0x1A, 0x0C, 0x4B, 0xD2,
    0x6D, 0x57, 0x6D, 0x98, 0x6D, 0xB8, 0x65, 0xB8, 0x65, 0xB8, 0x65, 0xB8, 0x65, 0xB8, 0x65, 0xB8,
    0x65, 0xB8, 0x65, 0xB8, 0x65, 0xB8, 0x65, 0xB8, 0x65, 0xB8, 0x65, 0xB8, 0x65, 0x98, 0x65, 0x36,
    0x3B, 0x2E, 0x11, 0xA9, 0x43, 0x90, 0x65, 0x16, 0x6D, 0x77, 0x65, 0xB8, 0x65, 0xB8, 0x65, 0xB8,
    0x65, 0x97, 0x6D, 0x97, 0x6D, 0x57, 0x64, 0xB5, 0x4B, 0x30, 0x00, 0x86, 0x00, 0x25, 0x00, 0x25,
    0x00, 0x45, 0x00, 0xC7, 0x09, 0x8A, 0x01, 0xAC, 0x01, 0xAC, 0x01, 0xCC, 0x01, 0xCC, 0x01, 0xED,
    0x01, 0xED, 0x02, 0x0D, 0x02, 0x2D, 0x02, 0x0D, 0x01, 0xED, 0x01, 0xED, 0x01, 0xCD, 0x01, 0xCD,
    0x01, 0xCC, 0x01, 0xCD, 0x01, 0xCD, 0x01, 0xCC, 0x01, 0xED, 0x01, 0xED, 0x01, 0xED, 0x02, 0x0D,
    0x02, 0x0D, 0x02, 0x0D, 0x02, 0x0D, 0x01, 0xED, 0x01, 0xED, 0x09, 0xED, 0x09, 0xED, 0x09, 0xED,
    0x09, 0xED, 0x09, 0xED, 0x11, 0xCD, 0x19, 0xCD, 0x4D, 0xDD, 0x4D, 0xDD, 0x4D, 0xDD, 0x4D, 0xDD,
    0x55, 0xDD, 0x55, 0xDD, 0x55, 0xDD, 0x55, 0xDD, 0x4D, 0xDD, 0x4D, 0xDD, 0x4D, 0xDD, 0x55, 0xDD,
    0x4D, 0xDD, 0x55, 0xDD, 0x55, 0xDD, 0x4D, 0xDD, 0x4D, 0xDD, 0x4D, 0xDD, 0x4D, 0xDD, 0x4D, 0xDD,
    0x4D, 0xDD, 0x55, 0xDD, 0x55, 0xDD, 0x55, 0xDD, 0x55, 0xDD, 0x55, 0xDD, 0x55, 0xDD, 0x55, 0xDD,
    0x55, 0xDD, 0x55, 0xFD, 0x55, 0xFD, 0x55, 0xFD, 0x55, 0xFD, 0x5D, 0xDD, 0x65, 0xDC, 0x4C, 0xD8,
    0x1A, 0x4E, 0x01, 0x8C, 0x01, 0xAD, 0x01, 0xCD, 0x01, 0xCD, 0x01, 0xCD, 0x01, 0xCC, 0x01, 0xAC,
    0x01, 0x6B, 0x01, 0x6B, 0x11, 0xED, 0x3B, 0x73, 0x5C, 0x97, 0x65, 0x7B, 0x65, 0xBC, 0x5D, 0xDC,
    0x5D, 0xDD, 0x5D, 0xFD, 0x5D, 0xFD, 0x5D, 0xFD, 0x5D, 0xFD, 0x5D, 0xFD, 0x65, 0xFD, 0x66, 0x1E,
    0x66, 0x1D, 0x6D, 0xDC, 0x64, 0xF8, 0x2A, 0xAE, 0x3B, 0x0F, 0x64, 0xB5, 0x6D, 0x78, 0x65, 0xB8,
    0x65, 0xB8, 0x65, 0xB8, 0x65, 0xB8, 0x65, 0xB8, 0x65, 0xB8, 0x65, 0xB8, 0x65, 0xB8, 0x65, 0xB8,
    0x65, 0xB8, 0x65, 0xB8, 0x65, 0x98, 0x65, 0x98, 0x65, 0x77, 0x4C, 0x53, 0x22, 0x4B, 0x2A, 0x6C,
    0x64, 0x94, 0x6D, 0x98, 0x65, 0xB8, 0x65, 0xB8, 0x65, 0xB8, 0x65, 0xB8, 0x65, 0xB8, 0x65, 0xB8,
    0x6D, 0x98, 0x6D, 0x77, 0x64, 0xD6, 0x32, 0xEF, 0x01, 0x49, 0x01, 0x08, 0x00, 0xA7, 0x00, 0x25,
    0x00, 0x25, 0x00, 0x46, 0x00, 0xC8, 0x01, 0x4A, 0x01, 0x8B, 0x01, 0xCC, 0x01, 0xEC, 0x02, 0x0D,
    0x02, 0x2D, 0x02, 0x2D, 0x02, 0x0D, 0x01, 0xED, 0x01, 0xED, 0x01, 0xEC, 0x01, 0xCC, 0x01, 0xCC,
    0x01, 0xCC, 0x01, 0xAC, 0x01, 0xAB, 0x09, 0xEC, 0x1A, 0x8F, 0x0A, 0x2E, 0x01, 0xED, 0x02, 0x0D,
    0x02, 0x0D, 0x02, 0x0D, 0x02, 0x0D, 0x01, 0xED, 0x09, 0xED, 0x09, 0xED, 0x09, 0xED, 0x09, 0xED,
    0x09, 0xED, 0x11, 0xCD, 0x19, 0xCD, 0x4D, 0xDD, 0x4D, 0xDD, 0x55, 0xDD, 0x55, 0xDD, 0x55, 0xDD,
    0x55, 0xDD, 0x55, 0xDD, 0x4D, 0xDD, 0x4D, 0xDD, 0x4D, 0xDD, 0x4D, 0xDD, 0x55, 0xDD, 0x55, 0xDD,
    0x4D, 0xDD, 0x4D, 0xDD, 0x4D, 0xDD, 0x4D, 0xDD, 0x4D, 0xDD, 0x4D, 0xDD, 0x4D, 0xDD, 0x4D, 0xDD,
    0x55, 0xDD, 0x55, 0xDD, 0x55, 0xDD, 0x55, 0xDD, 0x55, 0xDD, 0x55, 0xDD, 0x55, 0xDD, 0x55, 0xDD,
    0x55, 0xFD, 0x55, 0xFD, 0x55, 0xFD, 0x5D, 0xDD, 0x5D, 0x7B, 0x33, 0x93, 0x01, 0x8C, 0x01, 0x8C,
    0x01, 0xAC, 0x01, 0xCD, 0x01, 0xAC, 0x01, 0x8C, 0x01, 0x4B, 0x01, 0x0A, 0x09, 0xAC, 0x3B, 0x93,
    0x5C, 0xD8, 0x65, 0x7B, 0x65, 0xBC, 0x5D, 0xDC, 0x5D, 0xFD, 0x5D, 0xFD, 0x5D, 0xDD, 0x5D, 0xDD,
    0x5D, 0xFD, 0x5D, 0xFD, 0x5D, 0xFD, 0x5D, 0xFE, 0x5D, 0xFE, 0x66, 0x1E, 0x65, 0xFD, 0x5D, 0x9B,
    0x3B, 0x92, 0x22, 0x4C, 0x53, 0xF3, 0x6D, 0x37, 0x6D, 0x98, 0x65, 0xB8, 0x65, 0xB8, 0x65, 0xB8,
    0x65, 0xB8, 0x65, 0xB8, 0x65, 0xB9, 0x65, 0xB8, 0x65, 0xB8, 0x65, 0xB8, 0x65, 0x98, 0x65, 0xB8,
    0x65, 0x98, 0x65, 0x78, 0x64, 0xF6, 0x33, 0x0E, 0x19, 0xEA, 0x4C, 0x12, 0x6D, 0x77, 0x6D, 0x98,
    0x65, 0xB8, 0x65, 0xB8, 0x65, 0xB8, 0x65, 0xB8, 0x6D, 0xB8, 0x6D, 0xB8, 0x6D, 0xB8, 0x75, 0x78,
    0x54, 0x33, 0x12, 0x0B, 0x01, 0xCB, 0x01, 0xEB, 0x01, 0xCB, 0x01, 0x8A, 0x01, 0x09, 0x00, 0x87,
    0x00, 0x05, 0x00, 0x25, 0x00, 0x87, 0x01, 0x08, 0x09, 0x8B, 0x01, 0xCB, 0x02, 0x0C, 0x02, 0x0D,
    0x02, 0x0D, 0x01, 0xEC, 0x01, 0xCC, 0x01, 0xCC, 0x01, 0x8B, 0x01, 0x2A, 0x01, 0x6A, 0x01, 0x8B,
    0x22, 0x6D, 0x43, 0x72, 0x54, 0x35, 0x3B, 0x52, 0x02, 0x2D, 0x02, 0x0D, 0x02, 0x0D, 0x02, 0x0D,
    0x02, 0x0D, 0x02, 0x0D, 0x02, 0x0D, 0x09, 0xED, 0x09, 0xED, 0x09, 0xED, 0x09, 0xED, 0x09, 0xED,
    0x11, 0xCD, 0x19, 0xCD, 0x55, 0xDD, 0x55, 0xDD, 0x55, 0xDD, 0x55, 0xDD, 0x55, 0xDD, 0x4D, 0xDD,
    0x4D, 0xDD, 0x4D, 0xDD, 0x55, 0xDD, 0x55, 0xDD, 0x4D, 0xDD, 0x55, 0xDD, 0x55, 0xDD, 0x55, 0xDD,
    0x4D, 0xDD, 0x4D, 0xDD, 0x4D, 0xDD, 0x4D, 0xDD, 0x4D, 0xDD, 0x4D, 0xDD, 0x4D, 0xDD, 0x55, 0xDD,
    0x55, 0xDD, 0x55, 0xDD, 0x55, 0xDD, 0x55, 0xDD, 0x55, 0xDD, 0x55, 0xDD, 0x55, 0xDD, 0x55, 0xDD,
    0x5D, 0xFD, 0x5D, 0xBC, 0x54, 0xF9, 0x22, 0x90, 0x01, 0x6C, 0x01, 0x8C, 0x01, 0xAC, 0x01, 0xAC,
    0x01, 0x8C, 0x01, 0x4B, 0x01, 0x4B, 0x2A, 0x8F, 0x4C, 0x15, 0x65, 0x7B, 0x65, 0xDC, 0x65, 0xDD,
    0x5D, 0xDD, 0x5D, 0xDD, 0x5D, 0xFD, 0x5D, 0xFD, 0x5D, 0xFD, 0x5D, 0xFD, 0x5D, 0xFD, 0x5D, 0xFD,
    0x55, 0xFD, 0x55, 0xFD, 0x55, 0xFD, 0x5E, 0x1E, 0x5D, 0xFD, 0x5D, 0x39, 0x22, 0x8E, 0x2A, 0xAE,
    0x5C, 0xD5, 0x6D, 0x98, 0x65, 0xB8, 0x65, 0xB8, 0x65, 0x98, 0x65, 0xB8, 0x5D, 0xD8, 0x65, 0xB9,
    0x65, 0xB8, 0x65, 0xB8, 0x65, 0xB8, 0x65, 0x98, 0x65, 0xB8, 0x65, 0xB8, 0x65, 0x98, 0x65, 0x57,
    0x4C, 0x12, 0x1A, 0x0B, 0x32, 0xEE, 0x6D, 0x16, 0x6D, 0x98, 0x65, 0xB8, 0x65, 0xB8, 0x5D, 0xB8,
    0x5D, 0xB8, 0x5D, 0xB8, 0x65, 0xB8, 0x6D, 0xB8, 0x6D, 0x98, 0x65, 0x37, 0x33, 0x2F, 0x01, 0xAB,
    0x01, 0xCB, 0x01, 0xEC, 0x01, 0xEC, 0x01, 0xEC, 0x01, 0xEC, 0x01, 0xCC, 0x09, 0xAB, 0x01, 0x29,
    0x00, 0xA7, 0x00, 0x66, 0x00, 0x26, 0x00, 0x87, 0x01, 0x4A, 0x09, 0xEC, 0x01, 0xEC, 0x01, 0xCB,
    0x01, 0xCB, 0x01, 0x6A, 0x01, 0x09, 0x01, 0x08, 0x22, 0x0B, 0x43, 0x50, 0x5C, 0x75, 0x6C, 0xF7,
    0x64, 0x96, 0x32, 0xEF, 0x01, 0xCC, 0x01, 0xED, 0x02, 0x0D, 0x02, 0x0D, 0x02, 0x0D, 0x02, 0x0D,
    0x01, 0xED, 0x01, 0xED, 0x09, 0xED, 0x09, 0xED, 0x09, 0xED, 0x09, 0xED, 0x09, 0xED, 0x11, 0xCD,
    0x19, 0xCD, 0x4D, 0xDD, 0x55, 0xDD, 0x55, 0xDD, 0x55, 0xDD, 0x55, 0xDD, 0x4D, 0xDD, 0x4D, 0xDD,
    0x4D, 0xDD, 0x55, 0xDD, 0x55, 0xDD, 0x55, 0xDD, 0x55, 0xDD, 0x55, 0xDD, 0x4D, 0xDD, 0x4D, 0xDD,
    0x4D, 0xDD, 0x4D, 0xDD, 0x4D, 0xDD, 0x4D, 0xDD, 0x4D, 0xDD, 0x4D, 0xDD, 0x55, 0xDD, 0x55, 0xDD,
    0x55, 0xDD, 0x55, 0xDD, 0x55, 0xFD, 0x55, 0xFD, 0x55, 0xFD, 0x55, 0xFD, 0x5D, 0xDD, 0x5D, 0x9C,
    0x3B, 0xB4, 0x01, 0x8B, 0x01, 0x6C, 0x01, 0x8C, 0x01, 0x8C, 0x01, 0x4B, 0x01, 0x2B, 0x09, 0x6B,
    0x3B, 0x73, 0x64, 0xF9, 0x65, 0x9C, 0x65, 0xDD, 0x5D, 0xFD, 0x5D, 0xFD, 0x5D, 0xFD, 0x55, 0xDD,
    0x55, 0xDD, 0x55, 0xFD, 0x55, 0xFD, 0x5D, 0xFD, 0x5D, 0xFD, 0x5D, 0xFD, 0x5D, 0xFD, 0x55, 0xFD,
    0x5D, 0xFD, 0x5D, 0xFD, 0x5D, 0xDC, 0x4C, 0xB7, 0x12, 0x4D, 0x43, 0xB2, 0x65, 0x57, 0x65, 0x98,
    0x65, 0xB9, 0x65, 0xB9, 0x65, 0xB8, 0x65, 0xB8, 0x65, 0xB8, 0x5D, 0xB8, 0x65, 0xB8, 0x65, 0xB8,
    0x65, 0xB8, 0x65, 0xB8, 0x65, 0x98, 0x65, 0x98, 0x65, 0x78, 0x5C, 0xB5, 0x2A, 0xAD, 0x22, 0x2B,
    0x5C, 0x94, 0x65, 0x57, 0x65, 0x98, 0x65, 0xB8, 0x65, 0xB8, 0x5D, 0xB8, 0x5D, 0xB8, 0x65, 0xB8,
    0x65, 0xB8, 0x65, 0x98, 0x65, 0x78, 0x4C, 0x34, 0x1A, 0x4C, 0x01, 0xAB, 0x01, 0xCC, 0x01, 0xEC,
    0x01, 0xED, 0x02, 0x0D, 0x02, 0x0D, 0x02, 0x0D, 0x01, 0xED, 0x01, 0xED, 0x01, 0xCC, 0x01, 0x8B,
    0x01, 0x29, 0x00, 0xA7, 0x00, 0x46, 0x00, 0x66, 0x09, 0x09, 0x11, 0x8A, 0x01, 0x69, 0x09, 0x89,
    0x2A, 0x8D, 0x4B, 0xB2, 0x6C, 0xF6, 0x75, 0x57, 0x75, 0x78, 0x75, 0x78, 0x5C, 0x75, 0x1A, 0x2C,
    0x01, 0xAB, 0x01, 0xEC, 0x01, 0xED, 0x02, 0x0D, 0x02, 0x0D, 0x02, 0x0D, 0x01, 0xED, 0x01, 0xED,
    0x01, 0xED, 0x09, 0xED, 0x09, 0xED, 0x09, 0xED, 0x09, 0xED, 0x09, 0xED, 0x11, 0xCD, 0x19, 0xCD,
    0x4D, 0xDD, 0x4D, 0xDD, 0x55, 0xDD, 0x4D, 0xDD, 0x4D, 0xDD, 0x4D, 0xDD, 0x4D, 0xDD, 0x55, 0xDD,
    0x55, 0xDD, 0x55, 0xDD, 0x4D, 0xDD, 0x4D, 0xDD, 0x4D, 0xDD, 0x4D, 0xDD, 0x4D, 0xDD, 0x4D, 0xDD,
    0x4D, 0xDD, 0x4D, 0xDD, 0x55, 0xDD, 0x55, 0xDD, 0x55, 0xDD, 0x55, 0xDD, 0x55, 0xDD, 0x55, 0xDD,
    0x55, 0xFD, 0x55, 0xFD, 0x55, 0xFD, 0x55, 0xDD, 0x5D, 0xDD, 0x55, 0x19, 0x2B, 0x11, 0x01, 0x6B,
    0x01, 0x8C, 0x01, 0x8B, 0x01, 0x6B, 0x01, 0x2A, 0x1A, 0x0E, 0x4B, 0xF5, 0x5D, 0x1A, 0x65, 0xBC,
    0x5D, 0xDD, 0x5D, 0xDD, 0x55, 0xDD, 0x55, 0xDD, 0x55, 0xFD, 0x55, 0xFD, 0x55, 0xFD, 0x55, 0xDD,
    0x55, 0xFD, 0x55, 0xFD, 0x55, 0xFD, 0x55, 0xFD, 0x55, 0xFD, 0x55, 0xFD, 0x55, 0xFD, 0x5D, 0xFD,
    0x65, 0xFD, 0x54, 0xB7, 0x1A, 0xAE, 0x54, 0x95, 0x65, 0x57, 0x65, 0x98, 0x65, 0xB9, 0x65, 0xB8,
    0x65, 0xB8, 0x5D, 0xB8, 0x5D, 0xB8, 0x5D, 0xB8, 0x65, 0xB8, 0x65, 0xB8, 0x65, 0xB8, 0x65, 0xB8,
    0x65, 0xB8, 0x65, 0x98, 0x65, 0x57, 0x43, 0xD1, 0x11, 0xCA, 0x43, 0x91, 0x65, 0x16, 0x65, 0x98,
    0x65, 0x98, 0x5D, 0xB8, 0x5D, 0xB8, 0x5D, 0xB8, 0x5D, 0xB8, 0x65, 0xB8, 0x65, 0x98, 0x65, 0x98,
    0x65, 0x57, 0x3B, 0x50, 0x01, 0xAA, 0x01, 0xCB, 0x01, 0xEC, 0x01, 0xEC, 0x01, 0xED, 0x02, 0x0D,
    0x02, 0x0D, 0x02, 0x0D, 0x02, 0x0D, 0x02, 0x0D, 0x02, 0x0D, 0x02, 0x0D, 0x01, 0xCC, 0x09, 0xCC,
    0x09, 0xAB, 0x01, 0x29, 0x00, 0x86, 0x00, 0x25, 0x11, 0x07, 0x4B, 0x50, 0x64, 0x95, 0x75, 0x57,
    0x6D, 0x98, 0x6D, 0xB8, 0x6D, 0x98, 0x75, 0x78, 0x54, 0x33, 0x09, 0xEB, 0x01, 0xCB, 0x01, 0xED,
    0x02, 0x0D, 0x02, 0x0D, 0x01, 0xED, 0x01, 0xED, 0x02, 0x0D, 0x02, 0x0D, 0x02, 0x0D, 0x02, 0x0D,
    0x09, 0xED, 0x09, 0xED, 0x09, 0xED, 0x09, 0xED, 0x09, 0xCD, 0x11, 0xCD, 0x19, 0xCD, 0x4D, 0xDD,
    0x4D, 0xDD, 0x4D, 0xDD, 0x4D, 0xDD, 0x4D, 0xDD, 0x4D, 0xDD, 0x4D, 0xDD, 0x55, 0xDD, 0x55, 0xDD,
    0x55, 0xDD, 0x4D, 0xDD, 0x4D, 0xDD, 0x4D, 0xDD, 0x4D, 0xDD, 0x4D, 0xDD, 0x4D, 0xDD, 0x55, 0xDD,
    0x55, 0xDD, 0x55, 0xDD, 0x55, 0xDD, 0x55, 0xDD, 0x55, 0xFD, 0x55, 0xDD, 0x55, 0xDD, 0x55, 0xDD,
    0x55, 0xFD, 0x5D, 0xDD, 0x5D, 0xBC, 0x44, 0x56, 0x12, 0x0D, 0x01, 0x8C, 0x01, 0x6B, 0x01, 0x2B,
    0x01, 0x0A, 0x2A, 0x8F, 0x54, 0x56, 0x65, 0x7B, 0x65, 0xDD, 0x5D, 0xFD, 0x55, 0xDD, 0x55, 0xFD,
    0x55, 0xDD, 0x55, 0xDD, 0x55, 0xDD, 0x55, 0xDD, 0x55, 0xFD, 0x55, 0xFD, 0x55, 0xDD, 0x55, 0xFD,
    0x55, 0xFD, 0x55, 0xDD, 0x55, 0xFD, 0x55, 0xFD, 0x55, 0xFD, 0x55, 0xFD, 0x5D, 0xBC, 0x3B, 0xF4,
    0x23, 0x30, 0x5C, 0xF7, 0x65, 0x78, 0x65, 0x98, 0x65, 0xB8, 0x5D, 0xB8, 0x5D, 0xB8, 0x5D, 0xB8,
    0x5D, 0xB9, 0x5D, 0xB9, 0x5D, 0xB8, 0x65, 0xB8, 0x65, 0xB8, 0x65, 0xB8, 0x65, 0xB8, 0x65, 0x98,
    0x5C, 0xD5, 0x2A, 0xCD, 0x2A, 0xCD, 0x5C, 0x95, 0x6D, 0x77, 0x65, 0x98, 0x5D, 0xB8, 0x5D, 0xB8,
    0x65, 0xB8, 0x65, 0xB8, 0x65, 0xB8, 0x65, 0xB8, 0x65, 0x98, 0x65, 0x78, 0x54, 0xB5, 0x22, 0xAD,
    0x01, 0x8A, 0x01, 0xCC, 0x01, 0xEC, 0x02, 0x0D, 0x02, 0x0D, 0x02, 0x0D, 0x02, 0x0D, 0x02, 0x0D,
    0x02, 0x0D, 0x02, 0x0D, 0x02, 0x0D, 0x02, 0x0D, 0x0A, 0x0D, 0x01, 0xCB, 0x01, 0x8A, 0x01, 0x6A,
    0x19, 0xEB, 0x3B, 0x0F, 0x53, 0xD1, 0x3A, 0xCE, 0x42, 0xCE, 0x6C, 0x74, 0x75, 0x57, 0x6D, 0x98,
    0x6D, 0x98, 0x65, 0x16, 0x3B, 0x70, 0x01, 0xCA, 0x01, 0xCB, 0x01, 0xEC, 0x02, 0x0D, 0x02, 0x0D,
    0x01, 0xED, 0x01, 0xED, 0x01, 0xED, 0x02, 0x0D, 0x02, 0x0D, 0x02, 0x0D, 0x01, 0xED, 0x09, 0xED,
    0x09, 0xED, 0x09, 0xED, 0x09, 0xED, 0x09, 0xCD, 0x11, 0xCD, 0x19, 0xCD, 0x4D, 0xDD, 0x4D, 0xDD,
    0x4D, 0xDD, 0x55, 0xDD, 0x55, 0xDD, 0x55, 0xDD, 0x55, 0xDD, 0x55, 0xDD, 0x55, 0xDD, 0x55, 0xDD,
    0x55, 0xDD, 0x55, 0xDD, 0x4D, 0xDD, 0x4D, 0xDD, 0x4D, 0xDD, 0x55, 0xDD, 0x55, 0xDD, 0x55, 0xDD,
    0x55, 0xDD, 0x55, 0xDD, 0x55, 0xDD, 0x55, 0xFD, 0x55, 0xDD, 0x55, 0xFD, 0x55, 0xFD, 0x5D, 0xDD,
    0x5D, 0x5B, 0x33, 0x52, 0x01, 0x4B, 0x01, 0x6B, 0x01, 0x4B, 0x01, 0x0A, 0x2A, 0xB0, 0x54, 0x98,
    0x65, 0x9C, 0x5D, 0xDD, 0x5D, 0xFD, 0x5D, 0xFD, 0x55, 0xDD, 0x55, 0xDD, 0x55, 0xDD, 0x55, 0xDD,
    0x55, 0xDD, 0x55, 0xFD, 0x55, 0xFD, 0x55, 0xFD, 0x55, 0xFD, 0x55, 0xFD, 0x55, 0xFD, 0x55, 0xFD,
    0x55, 0xDD, 0x55, 0xFE, 0x55, 0xFD, 0x55, 0xDC, 0x55, 0x7A, 0x23, 0x31, 0x3B, 0xF3, 0x5D, 0x37,
    0x65, 0x78, 0x5D, 0x98, 0x5D, 0x98, 0x5D, 0xB8, 0x5D, 0xB8, 0x5D, 0xB8, 0x5D, 0xB9, 0x5D, 0xB9,
    0x5D, 0xB9, 0x5D, 0xB8, 0x65, 0xB8, 0x65, 0xB8, 0x65, 0x98, 0x65, 0x77, 0x44, 0x12, 0x12, 0x2B,
    0x54, 0x12, 0x6D, 0x57, 0x6D, 0x78, 0x65, 0xB8, 0x5D, 0xB8, 0x5D, 0xB8, 0x65, 0xB8, 0x65, 0xB8,
    0x65, 0xB8, 0x65, 0xB8, 0x65, 0x98, 0x65, 0x58, 0x43, 0xD2, 0x09, 0xCB, 0x01, 0xAB, 0x01, 0xCC,
    0x01, 0xED, 0x02, 0x0D, 0x02, 0x0D, 0x02, 0x0D, 0x02, 0x0D, 0x02, 0x0D, 0x02, 0x0D, 0x02, 0x0D,
    0x01, 0xEC, 0x01, 0xEC, 0x01, 0xCB, 0x01, 0x6A, 0x01, 0x69, 0x32, 0xCE, 0x54, 0x33, 0x6D, 0x37,
    0x6D, 0x98, 0x6D, 0x98, 0x6D, 0x57, 0x43, 0x70, 0x19, 0xAA, 0x3B, 0x2F, 0x6C, 0xD6, 0x6C, 0xD5,
    0x22, 0x4C, 0x01, 0x8A, 0x01, 0xCB, 0x01, 0xEC, 0x01, 0xED, 0x02, 0x0D, 0x02, 0x0D, 0x01, 0xED,
    0x01, 0xED, 0x01, 0xED, 0x02, 0x0D, 0x0A, 0x2E, 0x0A, 0x0D, 0x01, 0xED, 0x01, 0xED, 0x01, 0xED,
    0x09, 0xED, 0x09, 0xCD, 0x09, 0xCD, 0x11, 0xCD, 0x19, 0xCD, 0x4D, 0xDD, 0x4D, 0xDD, 0x4D, 0xDD,
    0x55, 0xDD, 0x55, 0xDD, 0x55, 0xDD, 0x55, 0xDD, 0x55, 0xDD, 0x55, 0xDD, 0x55, 0xDD, 0x55, 0xDD,
    0x55, 0xDD, 0x55, 0xDD, 0x55, 0xDD, 0x4D, 0xDD, 0x55, 0xDD, 0x55, 0xDD, 0x55, 0xDD, 0x55, 0xDD,
    0x55, 0xDD, 0x55, 0xDD, 0x55, 0xFE, 0x5D, 0xFE, 0x55, 0xFD, 0x5D, 0xDD, 0x4C, 0xF9, 0x22, 0x6F,
    0x01, 0x0A, 0x01, 0x2A, 0x01, 0x0A, 0x2A, 0xB0, 0x54, 0x97, 0x65, 0x9B, 0x65, 0xDD, 0x5D, 0xFD,
    0x5D, 0xFD, 0x55, 0xFD, 0x55, 0xDD, 0x55, 0xDD, 0x55, 0xFD, 0x55, 0xFD, 0x55, 0xFD, 0x4D, 0xDD,
    0x55, 0xDD, 0x55, 0xFD, 0x55, 0xFD, 0x55, 0xFD, 0x55, 0xFD, 0x55, 0xFD, 0x55, 0xFE, 0x5D, 0xFD,
    0x5D, 0xFD, 0x5D, 0xDC, 0x4C, 0xD8, 0x23, 0x31, 0x4C, 0x54, 0x65, 0x78, 0x65, 0x98, 0x5D, 0x98,
    0x5D, 0x98, 0x5D, 0xB8, 0x5D, 0xB8, 0x65, 0xB8, 0x5D, 0xB8, 0x5D, 0xB9, 0x5D, 0xB9, 0x5D, 0xB8,
    0x65, 0xB8, 0x65, 0xB8, 0x65, 0xB8, 0x65, 0x57, 0x3B, 0xB1, 0x2A, 0xEE, 0x5C, 0xD5, 0x75, 0x98,
    0x65, 0xB8, 0x65, 0xB8, 0x65, 0xB8, 0x65, 0xB8, 0x65, 0xB8, 0x65, 0xB8, 0x65, 0xB8, 0x65, 0xB8,
    0x6D, 0x98, 0x65, 0x37, 0x33, 0x2F, 0x01, 0xAA, 0x01, 0xCC, 0x01, 0xEC, 0x01, 0xED, 0x01, 0xED,
    0x02, 0x0D, 0x02, 0x0D, 0x02, 0x0D, 0x01, 0xED, 0x01, 0xEC, 0x01, 0xEC, 0x01, 0xCC, 0x01, 0xAB,
    0x01, 0x69, 0x09, 0xAA, 0x3B, 0x50, 0x5C, 0x95, 0x6D, 0x58, 0x6D, 0x98, 0x6D, 0x98, 0x65, 0xB8,
    0x65, 0xB8, 0x65, 0xB8, 0x6D, 0x77, 0x5C, 0x54, 0x32, 0xAD, 0x21, 0xEA, 0x21, 0xAA, 0x01, 0x29,
    0x01, 0xAB, 0x01, 0xCC, 0x01, 0xEC, 0x01, 0xED, 0x02, 0x0D, 0x02, 0x0D, 0x01, 0xED, 0x01, 0xED,
    0x0A, 0x0D, 0x0A, 0x0D, 0x0A, 0x0E, 0x0A, 0x0D, 0x01, 0xED, 0x01, 0xED, 0x01, 0xED, 0x09, 0xCD,
    0x09, 0xCD, 0x09, 0xCD, 0x11, 0xCD, 0x19, 0xCD, 0x55, 0xDD, 0x4D, 0xDD, 0x55, 0xDD, 0x55, 0xDD,
    0x55, 0xDD, 0x55, 0xDD, 0x55, 0xDD, 0x55, 0xDD, 0x55, 0xDD, 0x55, 0xDD, 0x55, 0xDD, 0x55, 0xDD,
    0x55, 0xDD, 0x55, 0xDD, 0x55, 0xDD, 0x4D, 0xDD, 0x4D, 0xDD, 0x4D, 0xFD, 0x55, 0xFD, 0x55, 0xFE,
    0x55, 0xFE, 0x55, 0xFE, 0x5D, 0xFD, 0x5D, 0xBC, 0x4C, 0x77, 0x11, 0xCC, 0x00, 0xEA, 0x00, 0xC9,
    0x22, 0x6F, 0x54, 0x98, 0x65, 0xBC, 0x5D, 0xDD, 0x5D, 0xFD, 0x55, 0xFD, 0x55, 0xDD, 0x55, 0xDD,
    0x5D, 0xDD, 0x55, 0xDD, 0x4D, 0xDD, 0x4D, 0xDD, 0x4D, 0xDD, 0x4D, 0xDD, 0x4D, 0xDD, 0x4D, 0xDD,
    0x55, 0xDD, 0x55, 0xDD, 0x55, 0xFD, 0x55, 0xFD, 0x55, 0xFD, 0x5D, 0xFD, 0x5D, 0xFD, 0x5D, 0xBC,
    0x3C, 0x76, 0x23, 0x30, 0x5C, 0xF7, 0x65, 0x98, 0x65, 0x98, 0x5D, 0xB8, 0x5D, 0xB8, 0x5D, 0xB8,
    0x5D, 0xB8, 0x5D, 0xB8, 0x5D, 0xB8, 0x5D, 0xB8, 0x5D, 0xB8, 0x5D, 0xB8, 0x65, 0xB8, 0x65, 0xB8,
    0x65, 0x98, 0x5D, 0x16, 0x33, 0x4F, 0x43, 0xB1, 0x6D, 0x57, 0x6D, 0xB8, 0x65, 0xB8, 0x65, 0x98,
    0x55, 0x36, 0x65, 0x57, 0x6D, 0x77, 0x6D, 0x98, 0x6D, 0xB8, 0x75, 0x98, 0x75, 0x78, 0x5C, 0x95,
    0x22, 0x8D, 0x01, 0x8A, 0x01, 0xCC, 0x01, 0xEC, 0x01, 0xED, 0x01, 0xED, 0x01, 0xED, 0x01, 0xED,
    0x02, 0x0D, 0x02, 0x0D, 0x01, 0xEC, 0x01, 0xCB, 0x01, 0x8A, 0x01, 0x49, 0x22, 0x4C, 0x4B, 0xF3,
    0x6D, 0x17, 0x6D, 0x78, 0x6D, 0x98, 0x6D, 0x98, 0x6D, 0x98, 0x65, 0x98, 0x65, 0xB8, 0x5D, 0xB8,
    0x65, 0xB8, 0x6D, 0x97, 0x6D, 0x37, 0x4B, 0x71, 0x00, 0xC7, 0x00, 0xE8, 0x01, 0x29, 0x01, 0x4A,
    0x01, 0x8B, 0x09, 0xCC, 0x09, 0xED, 0x09, 0xED, 0x0A, 0x0E, 0x0A, 0x0E, 0x0A, 0x0E, 0x09, 0xED,
    0x01, 0xCD, 0x01, 0xCD, 0x01, 0xAC, 0x01, 0x8C, 0x01, 0xAC, 0x01, 0xCC, 0x01, 0xCD, 0x09, 0xCD,
    0x09, 0xCD, 0x11, 0xCD, 0x19, 0xCD, 0x4D, 0xDD, 0x4D, 0xDD, 0x4D, 0xDD, 0x4D, 0xDD, 0x4D, 0xDD,
    0x4D, 0xDD, 0x55, 0xDD, 0x55, 0xDD, 0x55, 0xDD, 0x55, 0xDD, 0x55, 0xDD, 0x55, 0xDD, 0x55, 0xDD,
    0x55, 0xDD, 0x55, 0xDD, 0x55, 0xDD, 0x55, 0xDD, 0x55, 0xFD, 0x55, 0xFD, 0x5D, 0xFE, 0x5D, 0xFE,
    0x5D, 0xDD, 0x5D, 0x7B, 0x3B, 0xB3, 0x01, 0x0A, 0x00, 0xC9, 0x1A, 0x0D, 0x4C, 0x36, 0x6D, 0xBC,
    0x65, 0xDD, 0x5D, 0xFD, 0x5D, 0xFD, 0x55, 0xDD, 0x55, 0xDD, 0x55, 0xFD, 0x55, 0xDD, 0x55, 0xDD,
    0x55, 0xDD, 0x55, 0xDD, 0x4D, 0xDD, 0x4D, 0xDD, 0x4D, 0xDD, 0x4D, 0xDD, 0x4D, 0xDD, 0x55, 0xDD,
    0x55, 0xFD, 0x55, 0xFD, 0x55, 0xFE, 0x5D, 0xFD, 0x5D, 0xFD, 0x5D, 0xBC, 0x3C, 0x35, 0x33, 0x71,
    0x5D, 0x37, 0x65, 0x98, 0x65, 0xB8, 0x5D, 0xB8, 0x5D, 0xB8, 0x5D, 0xB8, 0x65, 0xB8, 0x65, 0xB8,
    0x5D, 0xB9, 0x5D, 0xB8, 0x65, 0xB8, 0x5D, 0xB8, 0x65, 0xB8, 0x65, 0xB8, 0x65, 0x98, 0x5C, 0xD5,
    0x2B, 0x0E, 0x5C, 0x94, 0x6D, 0x78, 0x6D, 0xB8, 0x65, 0xB8, 0x65, 0xB8, 0x6D, 0x98, 0x4C, 0xB4,
    0x3B, 0xB1, 0x4C, 0x12, 0x5C, 0x74, 0x64, 0x94, 0x53, 0xF2, 0x4B, 0x4F, 0x11, 0x89, 0x09, 0x8A,
    0x01, 0xCB, 0x01, 0xCC, 0x01, 0xCC, 0x01, 0xED, 0x01, 0xED, 0x01, 0xED, 0x01, 0xED, 0x01, 0xEC,
    0x01, 0xCB, 0x01, 0x8A, 0x09, 0x8A, 0x2A, 0x8D, 0x5C, 0x74, 0x6D, 0x37, 0x75, 0x98, 0x6D, 0x98,
    0x6D, 0xB8, 0x65, 0xB8, 0x65, 0xB8, 0x65, 0x98, 0x65, 0xB8, 0x65, 0xB8, 0x65, 0x98, 0x65, 0x98,
    0x65, 0x57, 0x43, 0xB1, 0x01, 0x69, 0x09, 0x8B, 0x09, 0x6B, 0x01, 0x4A, 0x01, 0x09, 0x01, 0x2A,
    0x01, 0x4A, 0x01, 0x8B, 0x09, 0xCC, 0x09, 0xED, 0x11, 0xED, 0x09, 0xCD, 0x01, 0xAC, 0x01, 0x6B,
    0x01, 0xAC, 0x09, 0xCC, 0x01, 0xAC, 0x01, 0xCC, 0x01, 0xCD, 0x09, 0xCD, 0x09, 0xCD, 0x09, 0xCD,
    0x11, 0xCD, 0x19, 0xCD, 0x55, 0xDD, 0x55, 0xDD, 0x55, 0xDD, 0x4D, 0xDD, 0x55, 0xDD, 0x55, 0xDD,
    0x55, 0xDD, 0x55, 0xDD, 0x55, 0xDD, 0x55, 0xDD, 0x55, 0xDD, 0x55, 0xDD, 0x55, 0xDD, 0x55, 0xDD,
    0x55, 0xDE, 0x55, 0xDE, 0x55, 0xDE, 0x55, 0xFE, 0x56, 0x1E, 0x5E, 0x1E, 0x65, 0xFD, 0x5D, 0x19,
    0x22, 0x8F, 0x00, 0xC9, 0x11, 0xCC, 0x44, 0x36, 0x5D, 0x7B, 0x5D, 0xDD, 0x5D, 0xFD, 0x5D, 0xFD,
    0x5D, 0xFD, 0x55, 0xFD, 0x55, 0xFD, 0x55, 0xDD, 0x55, 0xDD, 0x4D, 0xDD, 0x55, 0xDD, 0x55, 0xDD,
    0x55, 0xDD, 0x4D, 0xFD, 0x55, 0xDD, 0x55, 0xDD, 0x55, 0xDD, 0x55, 0xDD, 0x55, 0xDD, 0x55, 0xFD,
    0x5D, 0xFE, 0x5D, 0xFD, 0x5D, 0xFD, 0x5D, 0x7A, 0x2B, 0x72, 0x3B, 0xF3, 0x5D, 0x57, 0x65, 0x98,
    0x65, 0xB8, 0x5D, 0xB8, 0x65, 0xB8, 0x5D, 0xB8, 0x65, 0xB8, 0x65, 0xB8, 0x65, 0xB8, 0x65, 0xB9,
    0x65, 0xB9, 0x65, 0xB8, 0x65, 0xB8, 0x65, 0xB8, 0x65, 0x98, 0x54, 0xB5, 0x33, 0x50, 0x65, 0x16,
    0x6D, 0x98, 0x6D, 0xB8, 0x65, 0xB8, 0x65, 0xB8, 0x65, 0xB8, 0x6D, 0x98, 0x5C, 0xD6, 0x2A, 0x8D,
    0x21, 0xEA, 0x11, 0x27, 0x00, 0x44, 0x08, 0x85, 0x00, 0x44, 0x00, 0x86, 0x11, 0x69, 0x11, 0xCB,
    0x01, 0xAB, 0x01, 0xCC, 0x01, 0xCD, 0x01, 0xEC, 0x01, 0xEC, 0x01, 0xCB, 0x01, 0x8A, 0x09, 0x8A,
    0x3B, 0x50, 0x64, 0xD6, 0x6D, 0x58, 0x6D, 0x98, 0x6D, 0x98, 0x6D, 0x98, 0x65, 0xB8, 0x65, 0xB8,
    0x65, 0xB8, 0x65, 0x98, 0x65, 0x98, 0x65, 0xB8, 0x65, 0xB8, 0x65, 0x98, 0x65, 0x16, 0x33, 0x0F,
    0x01, 0x8A, 0x01, 0xCB, 0x0A, 0x0D, 0x12, 0x0D, 0x01, 0x8B, 0x01, 0x2A, 0x09, 0x6B, 0x01, 0x4A,
    0x01, 0x09, 0x01, 0x4A, 0x09, 0x8C, 0x09, 0x8C, 0x01, 0x8B, 0x09, 0xCC, 0x09, 0xED, 0x12, 0x2E,
    0x0A, 0x0D, 0x09, 0xED, 0x09, 0xED, 0x09, 0xED, 0x09, 0xED, 0x09, 0xED, 0x09, 0xED, 0x11, 0xCD,
    0x21, 0xCD, 0x55, 0xDD, 0x55, 0xDD, 0x55, 0xDD, 0x55, 0xDD, 0x55, 0xDD, 0x55, 0xDD, 0x55, 0xDD,
    0x55, 0xDD, 0x55, 0xDD, 0x4D, 0xDD, 0x4D, 0xDD, 0x55, 0xDD, 0x55, 0xDD, 0x55, 0xDD, 0x55, 0xFD,
    0x4D, 0xFD, 0x55, 0xFE, 0x5D, 0xFE, 0x5E, 0x1D, 0x65, 0xDC, 0x54, 0x97, 0x19, 0xEC, 0x09, 0x6A,
    0x3B, 0x92, 0x65, 0x7B, 0x65, 0xDD, 0x5D, 0xFD, 0x55, 0xFD, 0x55, 0xFD, 0x55, 0xFD, 0x55, 0xFD,
    0x55, 0xFD, 0x55, 0xFD, 0x55, 0xDD, 0x4D, 0xDD, 0x4D, 0xDD, 0x55, 0xDD, 0x55, 0xDD, 0x55, 0xDD,
    0x55, 0xDD, 0x55, 0xDD, 0x55, 0xDD, 0x55, 0xFD, 0x55, 0xFD, 0x55, 0xFE, 0x55, 0xFE, 0x5D, 0xFD,
    0x5D, 0xFD, 0x55, 0x19, 0x23, 0x30, 0x4C, 0x34, 0x65, 0x78, 0x65, 0x98, 0x65, 0xB8, 0x5D, 0xB8,
    0x5D, 0xB8, 0x65, 0xB8, 0x65, 0xB8, 0x65, 0xB8, 0x65, 0xB8, 0x65, 0xB8, 0x65, 0xB8, 0x65, 0xB8,
    0x65, 0xB8, 0x65, 0xB8, 0x65, 0x98, 0x54, 0xB5, 0x3B, 0xD1, 0x65, 0x37, 0x6D, 0x98, 0x6D, 0xB8,
    0x65, 0xB8, 0x65, 0xB8, 0x5D, 0x78, 0x65, 0x98, 0x65, 0x57, 0x64, 0x95, 0x2A, 0x0B, 0x19, 0x08,
    0x29, 0x27, 0x10, 0x85, 0x10, 0x65, 0x00, 0x24, 0x00, 0x45, 0x00, 0x86, 0x09, 0x29, 0x09, 0x4A,
    0x01, 0x6B, 0x09, 0xCC, 0x01, 0xAC, 0x01, 0x8A, 0x09, 0x8A, 0x43, 0x50, 0x64, 0xB6, 0x75, 0x78,
    0x6D, 0x98, 0x6D, 0x98, 0x65, 0x98, 0x65, 0xB8, 0x65, 0xB8, 0x65, 0xB8, 0x65, 0xB8, 0x65, 0x98,
    0x65, 0x98, 0x65, 0x98, 0x65, 0xB8, 0x65, 0xB8, 0x5C, 0xF6, 0x22, 0x6D, 0x01, 0x8A, 0x01, 0xCC,
    0x01, 0xEC, 0x0A, 0x0D, 0x12, 0x2D, 0x11, 0xCC, 0x09, 0xAB, 0x09, 0x4B, 0x09, 0x6B, 0x09, 0x4B,
    0x01, 0x09, 0x01, 0x4A, 0x11, 0xED, 0x12, 0x0D, 0x12, 0x0E, 0x12, 0x2E, 0x12, 0x2E, 0x0A, 0x0D,
    0x0A, 0x0D, 0x09, 0xED, 0x09, 0xED, 0x09, 0xED, 0x09, 0xED, 0x11, 0xED, 0x11, 0xCD, 0x19, 0xAC,
    0x55, 0xDD, 0x55, 0xDD, 0x55, 0xDD, 0x55, 0xDD, 0x55, 0xDD, 0x55, 0xDD, 0x55, 0xDD, 0x55, 0xDD,
    0x55, 0xDD, 0x4D, 0xDD, 0x4D, 0xFD, 0x55, 0xFD, 0x55, 0xFD, 0x55, 0xFD, 0x55, 0xFD, 0x55, 0xFD,
    0x5D, 0xFD, 0x65, 0xFD, 0x65, 0x7A, 0x43, 0x93, 0x00, 0xE8, 0x11, 0xAB, 0x5C, 0xB7, 0x6D, 0xDB,
    0x65, 0xFD, 0x5D, 0xFD, 0x55, 0xFD, 0x55, 0xFD, 0x55, 0xFD, 0x55, 0xFD, 0x55, 0xFD, 0x55, 0xFD,
    0x55, 0xFD, 0x55, 0xDD, 0x4D, 0xDD, 0x4D, 0xDD, 0x55, 0xDD, 0x55, 0xDD, 0x55, 0xDD, 0x55, 0xDD,
    0x55, 0xDD, 0x55, 0xFD, 0x55, 0xFE, 0x55, 0xFE, 0x5D, 0xFE, 0x5D, 0xFD, 0x5D, 0xDC, 0x3C, 0x55,
    0x22, 0xCE, 0x5C, 0xD6, 0x65, 0x98, 0x65, 0x98, 0x65, 0xB8, 0x5D, 0xB8, 0x5D, 0xB8, 0x5D, 0xB8,
    0x65, 0xB8, 0x65, 0xB8, 0x65, 0xB8, 0x65, 0xB8, 0x65, 0xB8, 0x65, 0xB8, 0x65, 0xB8, 0x65, 0xB8,
    0x65, 0x98, 0x54, 0xB4, 0x44, 0x12, 0x6D, 0x57, 0x6D, 0xB8, 0x65, 0xB9, 0x65, 0xB8, 0x65, 0xB8,
    0x65, 0xB8, 0x4D, 0x15, 0x34, 0x32, 0x33, 0x90, 0x32, 0xAD, 0x08, 0x45, 0x18, 0x66, 0x20, 0x85,
    0x20, 0xA6, 0x29, 0x48, 0x29, 0x28, 0x29, 0x48, 0x08, 0x45, 0x08, 0x66, 0x08, 0xA7, 0x08, 0xE8,
    0x09, 0x49, 0x09, 0x6A, 0x3A, 0xEF, 0x64, 0x95, 0x75, 0x78, 0x6D, 0x98, 0x6D, 0x98, 0x65, 0x98,
    0x65, 0xB8, 0x5D, 0xB8, 0x5D, 0xB8, 0x5D, 0xB8, 0x5D, 0xB8, 0x5D, 0xB8, 0x5D, 0xB8, 0x65, 0x98,
    0x65, 0x98, 0x65, 0x98, 0x5C, 0xF6, 0x1A, 0x4C, 0x09, 0xAB, 0x01, 0xEC, 0x02, 0x0D, 0x02, 0x0D,
    0x0A, 0x2D, 0x12, 0x2E, 0x11, 0xED, 0x11, 0xED, 0x11, 0xAC, 0x00, 0xE9, 0x00, 0xE9, 0x09, 0x6B,
    0x11, 0xCC, 0x11, 0xED, 0x12, 0x0D, 0x12, 0x0E, 0x12, 0x0E, 0x0A, 0x0D, 0x0A, 0x0D, 0x0A, 0x0D,
    0x0A, 0x0D, 0x09, 0xED, 0x09, 0xED, 0x11, 0xED, 0x11, 0xCD, 0x19, 0xCD, 0x19, 0x6B, 0x55, 0xDD,
    0x55, 0xDD, 0x4D, 0xDD, 0x55, 0xDD, 0x55, 0xDD, 0x55, 0xDD, 0x55, 0xDD, 0x55, 0xDD, 0x55, 0xDD,
    0x55, 0xFD, 0x55, 0xFD, 0x55, 0xFD, 0x55, 0xFE, 0x55, 0xFD, 0x5D, 0xFD, 0x65, 0xDD, 0x65, 0x7B,
    0x3B, 0xD4, 0x12, 0x0C, 0x2A, 0xAE, 0x5C, 0x54, 0x4C, 0x33, 0x33, 0xB2, 0x65, 0x7A, 0x65, 0xDC,
    0x5D, 0xFD, 0x55, 0xFE, 0x5D, 0xFD, 0x55, 0xFD, 0x55, 0xFD, 0x55, 0xFD, 0x4D, 0xFE, 0x4D, 0xFD,
    0x55, 0xDD, 0x4D, 0xFD, 0x4D, 0xFD, 0x55, 0xDD, 0x55, 0xDD, 0x55, 0xDD, 0x55, 0xFD, 0x55, 0xFE,
    0x55, 0xFE, 0x55, 0xFE, 0x5D, 0xFD, 0x5D, 0xFD, 0x5D, 0x9B, 0x33, 0xB3, 0x2B, 0x10, 0x5D, 0x17,
    0x65, 0x98, 0x5D, 0xB8, 0x5D, 0xB8, 0x5D, 0xB8, 0x5D, 0xB8, 0x5D, 0xB8, 0x5D, 0xB8, 0x65, 0xB8,
    0x65, 0xB8, 0x5D, 0xB8, 0x65, 0xB8, 0x65, 0xB8, 0x65, 0xB8, 0x65, 0xB8, 0x65, 0x98, 0x4C, 0x94,
    0x44, 0x33, 0x6D, 0x78, 0x65, 0xB8, 0x65, 0xB8, 0x65, 0xB9, 0x65, 0xB9, 0x65, 0xB9, 0x65, 0xB8,
    0x65, 0x78, 0x5D, 0x57, 0x5D, 0x16, 0x3B, 0x0F, 0x19, 0x08, 0x10, 0x25, 0x10, 0x45, 0x18, 0xA6,
    0x31, 0x89, 0x39, 0xAA, 0x4A, 0x2C, 0x29, 0x07, 0x18, 0x86, 0x00, 0x24, 0x08, 0x86, 0x19, 0xAA,
    0x5C, 0x13, 0x75, 0x58, 0x6D, 0x98, 0x6D, 0x98, 0x65, 0xB8, 0x65, 0xB8, 0x65, 0xB8, 0x5D, 0xB8,
    0x5D, 0xB8, 0x5D, 0xB8, 0x5D, 0xB8, 0x5D, 0x98, 0x5D, 0xB8, 0x5D, 0xB8, 0x65, 0x98, 0x65, 0x98,
    0x5C, 0xD5, 0x1A, 0x0B, 0x01, 0x6A, 0x01, 0xEC, 0x02, 0x0D, 0x02, 0x0D, 0x0A, 0x0E, 0x12, 0x2E,
    0x12, 0x2E, 0x1A, 0x2E, 0x11, 0xCC, 0x09, 0x6B, 0x01, 0x4A, 0x01, 0x2A, 0x01, 0x2A, 0x11, 0xAC,
    0x11, 0xED, 0x12, 0x0D, 0x12, 0x0D, 0x0A, 0x0D, 0x0A, 0x0D, 0x09, 0xED, 0x0A, 0x0D, 0x0A, 0x0D,
    0x11, 0xED, 0x11, 0xED, 0x11, 0xED, 0x19, 0xCD, 0x19, 0xAC, 0x21, 0x6C, 0x55, 0xDD, 0x55, 0xDD,
    0x4D, 0xDD, 0x55, 0xDD, 0x55, 0xDD, 0x55, 0xDD, 0x55, 0xDD, 0x55, 0xDD, 0x55, 0xDD, 0x55, 0xFD,
    0x55, 0xDD, 0x55, 0xDD, 0x55, 0xFD, 0x5D, 0xFD, 0x6D, 0xBC, 0x4B, 0xF4, 0x1A, 0x2D, 0x3B, 0x30,
    0x5C, 0xB5, 0x65, 0x57, 0x6D, 0x98, 0x65, 0x78, 0x4C, 0x74, 0x1A, 0xAF, 0x3B, 0x93, 0x5D, 0x7B,
    0x5D, 0xFD, 0x5D, 0xFD, 0x55, 0xFD, 0x55, 0xFD, 0x55, 0xFE, 0x55, 0xFE, 0x55, 0xFE, 0x55, 0xDD,
    0x4D, 0xFD, 0x4D, 0xFD, 0x55, 0xDD, 0x55, 0xDD, 0x55, 0xFD, 0x55, 0xFD, 0x55, 0xFE, 0x5D, 0xFE,
    0x5D, 0xFD, 0x65, 0xDC, 0x55, 0x19, 0x23, 0x10, 0x43, 0xD2, 0x65, 0x37, 0x65, 0x98, 0x5D, 0xB8,
    0x5D, 0xB8, 0x5D, 0xB8, 0x5D, 0xB8, 0x5D, 0xB8, 0x5D, 0xB8, 0x5D, 0xB8, 0x65, 0xB8, 0x5D, 0xB8,
    0x5D, 0xB8, 0x5D, 0xB8, 0x65, 0xB8, 0x65, 0x98, 0x5D, 0x98, 0x4C, 0xB5, 0x44, 0x53, 0x65, 0x78,
    0x65, 0xB8, 0x65, 0xB8, 0x65, 0xB8, 0x65, 0xB9, 0x65, 0xB9, 0x65, 0xB8, 0x65, 0x98, 0x65, 0x98,
    0x65, 0x98, 0x65, 0x37, 0x43, 0x71, 0x08, 0xC7, 0x00, 0x05, 0x08, 0x26, 0x10, 0xA7, 0x19, 0x09,
    0x10, 0xE7, 0x10, 0x86, 0x20, 0xC7, 0x28, 0xC7, 0x18, 0x85, 0x21, 0x28, 0x3A, 0x6D, 0x53, 0xF2,
    0x75, 0x77, 0x6D, 0xB8, 0x65, 0xB8, 0x65, 0xB8, 0x65, 0xB8, 0x5D, 0xB8, 0x5D, 0xB8, 0x5D, 0xB8,
    0x5D, 0xB8, 0x65, 0x98, 0x65, 0x98, 0x5D, 0x98, 0x65, 0x98, 0x65, 0x98, 0x5C, 0xB5, 0x1A, 0x0B,
    0x09, 0x8B, 0x01, 0xCC, 0x01, 0xED, 0x02, 0x0D, 0x0A, 0x0D, 0x0A, 0x0D, 0x12, 0x0D, 0x11, 0xED,
    0x09, 0xAC, 0x09, 0x8B, 0x11, 0xCC, 0x11, 0xCC, 0x09, 0xAC, 0x01, 0x6B, 0x01, 0x4A, 0x09, 0xCC,
    0x11, 0xED, 0x0A, 0x0D, 0x09, 0xED, 0x09, 0xED, 0x09, 0xED, 0x09, 0xED, 0x09, 0xED, 0x11, 0xED,
    0x11, 0xED, 0x19, 0xED, 0x19, 0xCD, 0x11, 0x6B, 0x21, 0x6C, 0x4D, 0xDD, 0x4D, 0xDD, 0x4D, 0xDD,
    0x4D, 0xDD, 0x55, 0xDD, 0x55, 0xDD, 0x55, 0xDD, 0x55, 0xDD, 0x55, 0xDD, 0x55, 0xDD, 0x55, 0xDE,
    0x55, 0xDE, 0x5D, 0xFD, 0x65, 0x9B, 0x3B, 0x72, 0x22, 0x4C, 0x54, 0x34, 0x65, 0x58, 0x65, 0x98,
    0x65, 0xB8, 0x65, 0xB8, 0x65, 0xB8, 0x65, 0x98, 0x54, 0xD6, 0x1A, 0x4C, 0x2A, 0xAF, 0x5D, 0x3A,
    0x5D, 0xFD, 0x55, 0xFD, 0x55, 0xFD, 0x55, 0xFD, 0x55, 0xFE, 0x55, 0xFE, 0x55, 0xFE, 0x4D, 0xFE,
    0x4D, 0xFD, 0x55, 0xFD, 0x55, 0xDD, 0x55, 0xFE, 0x55, 0xFD, 0x5D, 0xFD, 0x65, 0xFD, 0x65, 0xBC,
    0x44, 0x35, 0x22, 0xEF, 0x54, 0xB5, 0x65, 0x78, 0x5D, 0x98, 0x5D, 0x98, 0x5D, 0x98, 0x5D, 0xB8,
    0x5D, 0xB8, 0x5D, 0xB8, 0x5D, 0xB8, 0x5D, 0xB8, 0x5D, 0xB8, 0x5D, 0xB8, 0x5D, 0xB8, 0x5D, 0xB8,
    0x5D, 0xB8, 0x65, 0xB8, 0x5D, 0x98, 0x4C, 0xD5, 0x44, 0x94, 0x5D, 0x98, 0x65, 0xB8, 0x65, 0xB8,
    0x65, 0xB8, 0x65, 0xB9, 0x65, 0xB8, 0x65, 0xB8, 0x5D, 0xB8, 0x5D, 0xB8, 0x65, 0x98, 0x65, 0x78,
    0x44, 0x13, 0x1A, 0x6D, 0x2A, 0xAF, 0x32, 0xCF, 0x43, 0xB3, 0x5C, 0xB7, 0x64, 0xF8, 0x6C, 0xD7,
    0x32, 0x8D, 0x08, 0x25, 0x18, 0x45, 0x28, 0xC6, 0x29, 0x28, 0x19, 0x48, 0x3A, 0xEE, 0x64, 0xF5,
    0x6D, 0x98, 0x65, 0xB8, 0x65, 0xB8, 0x5D, 0xB8, 0x5D, 0xB8, 0x5D, 0xB8, 0x5D, 0xB8, 0x5D, 0xB8,
    0x5D, 0x98, 0x65, 0x98, 0x5D, 0x98, 0x65, 0x98, 0x5C, 0xB5, 0x19, 0xEB, 0x09, 0x8A, 0x01, 0xCC,
    0x01, 0xED, 0x01, 0xED, 0x01, 0xED, 0x09, 0xED, 0x09, 0xCD, 0x01, 0x8B, 0x01, 0x6B, 0x09, 0xCC,
    0x11, 0xED, 0x12, 0x0D, 0x11, 0xED, 0x11, 0xED, 0x11, 0xED, 0x01, 0x8B, 0x01, 0x6B, 0x09, 0xED,
    0x09, 0xED, 0x09, 0xED, 0x09, 0xED, 0x09, 0xED, 0x09, 0xED, 0x09, 0xED, 0x11, 0xED, 0x11, 0xED,
    0x19, 0xED, 0x11, 0xAC, 0x11, 0x4B, 0x21, 0x8C, 0x4D, 0xDD, 0x4D, 0xDD, 0x4D, 0xDD, 0x4D, 0xDD,
    0x55, 0xDD, 0x55, 0xDD, 0x55, 0xDD, 0x55, 0xDD, 0x55, 0xFD, 0x55, 0xFD, 0x5D, 0xFD, 0x5D, 0xDD,
    0x55, 0x39, 0x22, 0xEF, 0x3B, 0x4F, 0x5C, 0xF6, 0x65, 0x78, 0x5D, 0x98, 0x5D, 0xB8, 0x5D, 0xB8,
    0x65, 0xB8, 0x65, 0xB9, 0x65, 0xB9, 0x65, 0x98, 0x5C, 0xF6, 0x33, 0x50, 0x1A, 0x8E, 0x44, 0xB7,
    0x5D, 0xDC, 0x55, 0xFD, 0x55, 0xFD, 0x55, 0xFD, 0x55, 0xFE, 0x55, 0xFE, 0x55, 0xFE, 0x55, 0xFE,
    0x55, 0xFE, 0x55, 0xFE, 0x5D, 0xFE, 0x5D, 0xFE, 0x65, 0xDD, 0x54, 0xF8, 0x2B, 0x71, 0x3B, 0xD2,
    0x65, 0x37, 0x65, 0x98, 0x65, 0x98, 0x5D, 0x98, 0x5D, 0x98, 0x5D, 0xB8, 0x5D, 0xB8, 0x5D, 0xB8,
    0x5D, 0xB8, 0x5D, 0xB8, 0x5D, 0xB8, 0x5D, 0xB8, 0x5D, 0xB8, 0x5D, 0xB8, 0x65, 0xB8, 0x5D, 0xB8,
    0x5D, 0x98, 0x4C, 0xF5, 0x44, 0xD5, 0x5D, 0x78, 0x5D, 0x98, 0x5D, 0xB8, 0x5D, 0xB8, 0x5D, 0xB8,
    0x5D, 0xB8, 0x5D, 0xB8, 0x5D, 0xB8, 0x5D, 0x98, 0x5D, 0x98, 0x5D, 0x98, 0x5D, 0x17, 0x33, 0x72,
    0x5C, 0xF8, 0x65, 0x9B, 0x5D, 0xBC, 0x5D, 0xDC, 0x65, 0xFD, 0x65, 0xBC, 0x5D, 0x18, 0x54, 0x76,
    0x42, 0xEF, 0x08, 0x25, 0x18, 0x65, 0x39, 0xAA, 0x18, 0xC7, 0x2A, 0x2B, 0x4B, 0xD1, 0x6D, 0x77,
    0x65, 0x98, 0x5D, 0xB8, 0x5D, 0xB8, 0x5D, 0xB8, 0x5D, 0xB8, 0x5D, 0x98, 0x5D, 0xB8, 0x5D, 0x98,
    0x65, 0xB8, 0x65, 0x97, 0x5C, 0xB5, 0x19, 0xEB, 0x09, 0x8B, 0x01, 0xCC, 0x01, 0xEC, 0x01, 0xED,
    0x01, 0xED, 0x09, 0xCD, 0x09, 0xAC, 0x01, 0x4B, 0x01, 0x6B, 0x09, 0xCC, 0x11, 0xED, 0x12, 0x0D,
    0x12, 0x0E, 0x12, 0x0E, 0x12, 0x2E, 0x0A, 0x0E, 0x0A, 0x0D, 0x01, 0xAC, 0x01, 0xAC, 0x09, 0xED,
    0x09, 0xED, 0x09, 0xED, 0x09, 0xED, 0x09, 0xED, 0x0A, 0x0D, 0x12, 0x0D, 0x11, 0xED, 0x11, 0xCC,
    0x09, 0x4B, 0x19, 0x8C, 0x21, 0xAC, 0x4D, 0xDD, 0x4D, 0xDD, 0x55, 0xDD, 0x55, 0xDD, 0x55, 0xDD,
    0x55, 0xDD, 0x55, 0xDD, 0x55, 0xDE, 0x55, 0xFE, 0x55, 0xFE, 0x5D, 0xFD, 0x4C, 0xF8, 0x22, 0xEF,
    0x54, 0x74, 0x65, 0x78, 0x65, 0x98, 0x65, 0x98, 0x5D, 0xB8, 0x5D, 0xB8, 0x5D, 0xB8, 0x65, 0xB8,
    0x65, 0xB9, 0x65, 0xB9, 0x65, 0x98, 0x65, 0x98, 0x5D, 0x58, 0x4C, 0xB6, 0x23, 0x71, 0x23, 0xD3,
    0x45, 0x39, 0x55, 0xDC, 0x5D, 0xFD, 0x55, 0xFD, 0x5D, 0xFD, 0x5D, 0xFD, 0x55, 0xFE, 0x55, 0xFD,
    0x5D, 0xFD, 0x5D, 0xFD, 0x4D, 0x7B, 0x3C, 0x76, 0x2B, 0xB2, 0x54, 0xD6, 0x65, 0x79, 0x65, 0x98,
    0x65, 0x98, 0x65, 0xB8, 0x5D, 0xB8, 0x5D, 0xB8, 0x5D, 0xB8, 0x5D, 0xB8, 0x5D, 0xB8, 0x5D, 0xB8,
    0x5D, 0xB8, 0x5D, 0xB8, 0x5D, 0xB8, 0x5D, 0xB8, 0x5D, 0xB8, 0x65, 0xB8, 0x5D, 0xB8, 0x55, 0x77,
    0x4D, 0x16, 0x5D, 0x98, 0x5D, 0x98, 0x5D, 0x98, 0x5D, 0x98, 0x5D, 0xB8, 0x5D, 0xB8, 0x5D, 0x98,
    0x5D, 0xB8, 0x5D, 0xB8, 0x5D, 0x99, 0x5D, 0x99, 0x5D, 0x58, 0x33, 0xD3, 0x54, 0xF8, 0x65, 0xDC,
    0x5D, 0xFD, 0x55, 0xFD, 0x5D, 0xFD, 0x55, 0xBC, 0x4D, 0x1A, 0x55, 0x5A, 0x6D, 0xDC, 0x75, 0x5A,
    0x19, 0x8A, 0x10, 0x86, 0x31, 0x48, 0x31, 0x8A, 0x21, 0x89, 0x3B, 0x0F, 0x6D, 0x57, 0x65, 0x98,
    0x65, 0xB8, 0x65, 0xB8, 0x65, 0xB8, 0x5D, 0x98, 0x5D, 0xB8, 0x65, 0x98, 0x65, 0xB8, 0x65, 0x98,
    0x5C, 0xD5, 0x1A, 0x0B, 0x09, 0x8B, 0x09, 0xEC, 0x01, 0xEC, 0x01, 0xED, 0x01, 0xED, 0x09, 0xED,
    0x01, 0x8C, 0x01, 0x4A, 0x09, 0x8B, 0x09, 0xED, 0x12, 0x0D, 0x12, 0x0E, 0x12, 0x0E, 0x0A, 0x2E,
    0x0A, 0x2E, 0x0A, 0x2E, 0x0A, 0x0E, 0x0A, 0x0E, 0x09, 0xED, 0x01, 0xCD, 0x09, 0xED, 0x09, 0xED,
    0x09, 0xED, 0x09, 0xED, 0x09, 0xED, 0x0A, 0x0D, 0x11, 0xED, 0x11, 0xCD, 0x09, 0x8C, 0x11, 0x8B,
    0x19, 0xCD, 0x21, 0xAC, 0x55, 0xDD, 0x55, 0xDD, 0x55, 0xDD, 0x55, 0xDD, 0x55, 0xDD, 0x55, 0xDD,
    0x55, 0xFE, 0x55, 0xFE, 0x5D, 0xFE, 0x5D, 0xDD, 0x4C, 0xD8, 0x2A, 0xEF, 0x64, 0xF6, 0x6D, 0x98,
    0x65, 0xB8, 0x5D, 0x98, 0x5D, 0xB8, 0x5D, 0xB8, 0x5D, 0xB8, 0x5D, 0xB8, 0x65, 0xB8, 0x65, 0xB9,
    0x65, 0xB8, 0x5D, 0xB8, 0x5D, 0x98, 0x5D, 0x98, 0x5D, 0x98, 0x55, 0x78, 0x45, 0x17, 0x2C, 0x54,
    0x1B, 0xB3, 0x3C, 0x76, 0x4D, 0x39, 0x55, 0x7B, 0x5D, 0xBC, 0x5D, 0xBC, 0x5D, 0xDC, 0x5D, 0xDC,
    0x4D, 0x7A, 0x34, 0x75, 0x4C, 0xF7, 0x65, 0x79, 0x65, 0x99, 0x65, 0x99, 0x65, 0xB8, 0x65, 0xB8,
    0x65, 0xB8, 0x65, 0xB8, 0x5D, 0xB8, 0x5D, 0xB8, 0x5D, 0xB8, 0x5D, 0xB8, 0x5D, 0xB8, 0x5D, 0xB8,
    0x5D, 0xB8, 0x5D, 0xB8, 0x5D, 0xB8, 0x5D, 0xB8, 0x65, 0xB8, 0x5D, 0x98, 0x5D, 0x98, 0x5D, 0x98,
    0x5D, 0x98, 0x5D, 0x98, 0x5D, 0x98, 0x5D, 0xB8, 0x5D, 0xB8, 0x5D, 0x98, 0x5D, 0x98, 0x5D, 0xB8,
    0x5D, 0xB9, 0x5D, 0x99, 0x5D, 0x79, 0x3C, 0x35, 0x4C, 0xB8, 0x5D, 0xDD, 0x5D, 0xFD, 0x5D, 0xFD,
    0x5D, 0xFD, 0x5D, 0xFD, 0x5D, 0xDD, 0x5D, 0xDD, 0x65, 0xFD, 0x6D, 0xFD, 0x6D, 0xDC, 0x43, 0x92,
    0x00, 0x45, 0x10, 0x65, 0x31, 0x89, 0x08, 0x85, 0x3A, 0xCE, 0x64, 0xD5, 0x65, 0x98, 0x65, 0xB8,
    0x65, 0xB8, 0x65, 0xB8, 0x5D, 0x98, 0x5D, 0x98, 0x65, 0x98, 0x6D, 0x98, 0x64, 0xF6, 0x22, 0x2C,
    0x09, 0x8B, 0x09, 0xCC, 0x01, 0xEC, 0x01, 0xED, 0x01, 0xED, 0x09, 0xCD, 0x01, 0x6B, 0x01, 0x4B,
    0x09, 0xCC, 0x09, 0xED, 0x0A, 0x0D, 0x0A, 0x0D, 0x0A, 0x0D, 0x09, 0xED, 0x0A, 0x0D, 0x02, 0x0D,
    0x02, 0x0D, 0x02, 0x0D, 0x02, 0x0D, 0x02, 0x0D, 0x01, 0xED, 0x01, 0xED, 0x01, 0xED, 0x01, 0xED,
    0x09, 0xED, 0x09, 0xED, 0x11, 0xED, 0x11, 0xED, 0x11, 0xAC, 0x09, 0x4B, 0x19, 0xCC, 0x19, 0xCD,
    0x21, 0x6B, 0x55, 0xDD, 0x55, 0xDD, 0x55, 0xDD, 0x55, 0xDD, 0x55, 0xDD, 0x55, 0xFD, 0x55, 0xFE,
    0x5E, 0x1E, 0x65, 0xFD, 0x4C, 0x77, 0x1A, 0x8D, 0x64, 0xF6, 0x65, 0x98, 0x65, 0xB9, 0x65, 0x98,
    0x5D, 0xB8, 0x5D, 0xB8, 0x5D, 0xB9, 0x5D, 0xB9, 0x5D, 0xB9, 0x5D, 0xB8, 0x5D, 0xB9, 0x5D, 0xB8,
    0x5D, 0xB8, 0x5D, 0xB8, 0x5D, 0x98, 0x5D, 0x98, 0x5D, 0x98, 0x5D, 0x98, 0x5D, 0x99, 0x55, 0x78,
    0x44, 0xD6, 0x34, 0x14, 0x2B, 0xF3, 0x2C, 0x14, 0x34, 0x75, 0x55, 0x99, 0x55, 0xB9, 0x5D, 0x99,
    0x5D, 0x99, 0x5D, 0x98, 0x5D, 0x98, 0x65, 0xB8, 0x65, 0xB8, 0x65, 0xB8, 0x65, 0xB8, 0x65, 0xB8,
    0x5D, 0xB8, 0x5D, 0xB8, 0x5D, 0xB9, 0x5D, 0xB9, 0x5D, 0xB8, 0x5D, 0xB8, 0x5D, 0xB8, 0x5D, 0xB8,
    0x5D, 0xB8, 0x5D, 0xB8, 0x5D, 0xB8, 0x5D, 0xB8, 0x5D, 0x98, 0x5D, 0xB8, 0x5D, 0xB8, 0x5D, 0x98,
    0x5D, 0xB8, 0x5D, 0xB8, 0x5D, 0xB8, 0x5D, 0x98, 0x5D, 0xB8, 0x55, 0x98, 0x55, 0x99, 0x5D, 0xBA,
    0x5D, 0xDB, 0x44, 0xB7, 0x44, 0x98, 0x65, 0xDD, 0x5D, 0xFD, 0x5D, 0xFD, 0x5D, 0xFD, 0x5D, 0xFD,
    0x5D, 0xFD, 0x5D, 0xFD, 0x5D, 0xFD, 0x65, 0xFD, 0x66, 0x1E, 0x65, 0xFD, 0x65, 0x39, 0x11, 0x49,
    0x10, 0x86, 0x10, 0x44, 0x00, 0x03, 0x3A, 0xAD, 0x5C, 0x74, 0x6D, 0x98, 0x65, 0xB8, 0x65, 0xB8,
    0x5D, 0xB8, 0x5D, 0xB8, 0x65, 0x98, 0x65, 0x98, 0x65, 0x16, 0x22, 0x6D, 0x09, 0x8B, 0x01, 0xCC,
    0x01, 0xED, 0x02, 0x0D, 0x01, 0xED, 0x09, 0xCD, 0x01, 0x6B, 0x01, 0x6B, 0x11, 0xED, 0x12, 0x0D,
    0x0A, 0x0D, 0x0A, 0x0D, 0x0A, 0x0D, 0x0A, 0x0D, 0x01, 0xED, 0x01, 0xED, 0x01, 0xED, 0x01, 0xED,
    0x02, 0x0D, 0x02, 0x0D, 0x02, 0x0D, 0x02, 0x0D, 0x02, 0x0D, 0x02, 0x0D, 0x01, 0xED, 0x09, 0xED,
    0x09, 0xED, 0x11, 0xED, 0x11, 0xCD, 0x01, 0x2A, 0x11, 0x8C, 0x19, 0xED, 0x19, 0xCC, 0x11, 0x2A,
    0x55, 0xDD, 0x55, 0xDD, 0x55, 0xDD, 0x55, 0xFD, 0x5D, 0xFD, 0x5D, 0xFD, 0x5D, 0xFD, 0x65, 0xFD,
    0x4C, 0x97, 0x22, 0x4D, 0x5C, 0xB5, 0x65, 0x98, 0x65, 0xB8, 0x65, 0xB9, 0x65, 0xB8, 0x5D, 0xB8,
    0x5D, 0xB8, 0x5D, 0xB9, 0x5D, 0xB9, 0x5D, 0xB8, 0x5D, 0xB8, 0x5D, 0xB8, 0x5D, 0xB8, 0x5D, 0xB8,
    0x5D, 0xB8, 0x5D, 0x98, 0x5D, 0x98, 0x5D, 0x98, 0x5D, 0x98, 0x5D, 0xB9, 0x5D, 0xB9, 0x5D, 0x99,
    0x65, 0x99, 0x5D, 0x78, 0x55, 0x78, 0x5D, 0x98, 0x5D, 0x98, 0x5D, 0xB8, 0x5D, 0xB8, 0x5D, 0x98,
    0x5D, 0x98, 0x5D, 0xB8, 0x5D, 0xB8, 0x5D, 0xB8, 0x65, 0xB8, 0x65, 0xB8, 0x65, 0xB8, 0x65, 0xB8,
    0x5D, 0xB9, 0x5D, 0xB9, 0x5D, 0xB9, 0x5D, 0xB8, 0x5D, 0xB8, 0x5D, 0xB8, 0x5D, 0xB8, 0x5D, 0xB8,
    0x5D, 0xB8, 0x5D, 0xB8, 0x5D, 0xB8, 0x5D, 0xB8, 0x5D, 0xB8, 0x5D, 0xB8, 0x5D, 0xB8, 0x5D, 0xB8,
    0x5D, 0x98, 0x5D, 0x98, 0x5D, 0x98, 0x5D, 0xB9, 0x55, 0x99, 0x55, 0xBB, 0x5D, 0xDC, 0x4D, 0x7A,
    0x34, 0x36, 0x5D, 0xBC, 0x5D, 0xFD, 0x5D, 0xFD, 0x55, 0xFD, 0x55, 0xFD, 0x55, 0xFD, 0x5D, 0xFD,
    0x5D, 0xDD, 0x5D, 0xFD, 0x65, 0xFD, 0x6D, 0xFD, 0x65, 0xFD, 0x6D, 0xBB, 0x32, 0xF0, 0x21, 0x28,
    0x08, 0x24, 0x00, 0x23, 0x3A, 0x8D, 0x54, 0x33, 0x6D, 0x98, 0x65, 0xB8, 0x65, 0xB8, 0x5D, 0xB8,
    0x65, 0xB8, 0x65, 0x98, 0x65, 0x37, 0x2A, 0xEF, 0x01, 0x6A, 0x01, 0xCC, 0x01, 0xED, 0x02, 0x0D,
    0x09, 0xED, 0x09, 0xCD, 0x01, 0x6B, 0x09, 0x8B, 0x12, 0x0D, 0x12, 0x0D, 0x01, 0xED, 0x01, 0xED,
    0x02, 0x0D, 0x02, 0x0D, 0x02, 0x0D, 0x01, 0xED, 0x01, 0xED, 0x01, 0xED, 0x01, 0xED, 0x02, 0x0D,
    0x02, 0x0D, 0x02, 0x0D, 0x02, 0x0D, 0x02, 0x0D, 0x02, 0x0D, 0x02, 0x0D, 0x09, 0xED, 0x11, 0xED,
    0x11, 0xED, 0x09, 0x6B, 0x09, 0x6B, 0x19, 0xCD, 0x11, 0xAC, 0x11, 0x6B, 0x21, 0x8B, 0x55, 0xDD,
    0x55, 0xDD, 0x55, 0xDD, 0x55, 0xFD, 0x55, 0xFD, 0x5D, 0xFD, 0x65, 0xFD, 0x4C, 0x76, 0x19, 0xEC,
    0x5C, 0x94, 0x6D, 0x98, 0x65, 0xB9, 0x65, 0xB8, 0x65, 0xB8, 0x65, 0xB9, 0x5D, 0xB8, 0x5D, 0xB8,
    0x5D, 0xB9, 0x5D, 0xB9, 0x5D, 0xB8, 0x5D, 0xB8, 0x5D, 0xB8, 0x5D, 0xB8, 0x5D, 0xB8, 0x5D, 0xB9,
    0x5D, 0xB8, 0x5D, 0xB9, 0x5D, 0xB9, 0x5D, 0xB8, 0x5D, 0xB9, 0x5D, 0xB8, 0x5D, 0xB8, 0x5D, 0x98,
    0x5D, 0x98, 0x5D, 0x98, 0x5D, 0x98, 0x5D, 0xB9, 0x5D, 0xB8, 0x5D, 0xB8, 0x5D, 0xB8, 0x5D, 0x98,
    0x5D, 0x98, 0x65, 0x98, 0x5D, 0xB8, 0x5D, 0xB8, 0x65, 0xB8, 0x65, 0xB8, 0x5D, 0xB8, 0x5D, 0xB9,
    0x5D, 0xB9, 0x5D, 0xB9, 0x5D, 0xB8, 0x5D, 0xB8, 0x5D, 0xB8, 0x5D, 0xB8, 0x5D, 0xB8, 0x5D, 0xB8,
    0x5D, 0xB8, 0x5D, 0xB8, 0x5D, 0xB8, 0x5D, 0xB8, 0x5D, 0xB8, 0x5D, 0xB8, 0x5D, 0x98, 0x5D, 0x98,
    0x55, 0x98, 0x55, 0x99, 0x55, 0xBA, 0x5D, 0xDB, 0x5D, 0xFC, 0x55, 0xDC, 0x24, 0x57, 0x4D, 0x7B,
    0x5D, 0xDD, 0x55, 0xFD, 0x55, 0xFD, 0x55, 0xFD, 0x5D, 0xFD, 0x5D, 0xFD, 0x5D, 0xFD, 0x5D, 0xDD,
    0x55, 0x59, 0x4C, 0x35, 0x43, 0x92, 0x4C, 0x55, 0x6D, 0xBB, 0x33, 0x30, 0x10, 0xA7, 0x08, 0x03,
    0x00, 0x03, 0x3A, 0x6D, 0x4B, 0xF2, 0x6D, 0x98, 0x65, 0xB8, 0x65, 0xB8, 0x65, 0xB9, 0x65, 0x98,
    0x65, 0x58, 0x3B, 0x50, 0x01, 0x8A, 0x01, 0xEC, 0x01, 0xED, 0x01, 0xED, 0x09, 0xED, 0x11, 0xED,
    0x01, 0x6B, 0x09, 0xAC, 0x11, 0xED, 0x0A, 0x0D, 0x01, 0xED, 0x01, 0xED, 0x01, 0xED, 0x02, 0x0D,
    0x02, 0x0D, 0x02, 0x0D, 0x01, 0xED, 0x01, 0xED, 0x01, 0xED, 0x01, 0xED, 0x02, 0x0D, 0x02, 0x0D,
    0x02, 0x0D, 0x02, 0x0D, 0x02, 0x0D, 0x02, 0x0D, 0x0A, 0x0D, 0x12, 0x0D, 0x12, 0x0D, 0x11, 0xCD,
    0x09, 0x8C, 0x19, 0xED, 0x11, 0xAC, 0x09, 0x6B, 0x19, 0xAC, 0x21, 0xCC, 0x55, 0xFD, 0x5D, 0xFD,
    0x55, 0xDD, 0x55, 0xFD, 0x5D, 0xFE, 0x65, 0xDD, 0x54, 0x96, 0x11, 0xAA, 0x54, 0x53, 0x65, 0x98,
    0x65, 0xB8, 0x65, 0xB8, 0x65, 0xB8, 0x65, 0xB8, 0x65, 0xB8, 0x5D, 0xB8, 0x5D, 0xB8, 0x5D, 0xB8,
    0x5D, 0xB8, 0x5D, 0xB8, 0x5D, 0xB8, 0x5D, 0xB9, 0x5D, 0xB9, 0x5D, 0xB9, 0x5D, 0xB9, 0x5D, 0xB8,
    0x5D, 0xB8, 0x5D, 0xB8, 0x5D, 0xB8, 0x5D, 0xB8, 0x5D, 0xB9, 0x5D, 0xB8, 0x5D, 0xB8, 0x5D, 0xB8,
    0x5D, 0xB8, 0x5D, 0xB8, 0x5D, 0xB8, 0x5D, 0xB8, 0x5D, 0xB8, 0x5D, 0xB8, 0x5D, 0xB8, 0x5D, 0xB8,
    0x5D, 0xB8, 0x5D, 0xB8, 0x5D, 0xB8, 0x65, 0xB9, 0x5D, 0xB9, 0x5D, 0xB9, 0x5D, 0xB8, 0x5D, 0xB9,
    0x5D, 0xB9, 0x5D, 0xB8, 0x5D, 0xB8, 0x5D, 0xB8, 0x5D, 0xB8, 0x5D, 0xB8, 0x5D, 0xB8, 0x5D, 0xB8,
    0x5D, 0xB8, 0x5D, 0xB8, 0x5D, 0xB8, 0x5D, 0xB8, 0x5D, 0xB8, 0x5D, 0x98, 0x5D, 0xB9, 0x55, 0x99,
    0x55, 0xBA, 0x55, 0xDC, 0x55, 0xFD, 0x55, 0xFD, 0x3D, 0x3A, 0x34, 0xD9, 0x55, 0xDD, 0x55, 0xDD,
    0x55, 0xFD, 0x55, 0xFD, 0x55, 0xDD, 0x5D, 0xFE, 0x65, 0xFE, 0x65, 0xDC, 0x65, 0x5A, 0x3B, 0x30,
    0x00, 0x24, 0x00, 0x03, 0x09, 0x27, 0x6D, 0x39, 0x43, 0xF3, 0x08, 0x86, 0x08, 0x25, 0x00, 0x24,
    0x32, 0x4C, 0x4B, 0xF2, 0x6D, 0x78, 0x65, 0xB8, 0x65, 0xB8, 0x65, 0xB8, 0x6D, 0x78, 0x4B, 0xF2,
    0x01, 0x49, 0x01, 0xCC, 0x01, 0xED, 0x02, 0x0D, 0x01, 0xED, 0x09, 0xCC, 0x01, 0x4B, 0x09, 0xAC,
    0x12, 0x0E, 0x0A, 0x0D, 0x01, 0xED, 0x01, 0xED, 0x01, 0xED, 0x01, 0xED, 0x01, 0xED, 0x02, 0x0D,
    0x02, 0x0D, 0x01, 0xED, 0x01, 0xED, 0x01, 0xED, 0x01, 0xED, 0x02, 0x0D, 0x02, 0x0D, 0x02, 0x0D,
    0x02, 0x0E, 0x02, 0x0E, 0x0A, 0x0D, 0x12, 0x0D, 0x12, 0x0D, 0x11, 0xAC, 0x01, 0x6B, 0x11, 0xED,
    0x19, 0xED, 0x09, 0x6B, 0x11, 0x8B, 0x22, 0x0E, 0x21, 0xED, 0x55, 0xDD, 0x5D, 0xFE, 0x55, 0xFE,
    0x55, 0xFD, 0x5D, 0xFD, 0x55, 0x19, 0x11, 0xEB, 0x54, 0x33, 0x6D, 0x78, 0x65, 0x98, 0x65, 0xB8,
    0x65, 0xB8, 0x5D, 0xB8, 0x65, 0xB8, 0x65, 0xB8, 0x5D, 0xB8, 0x5D, 0xB8, 0x5D, 0xB8, 0x5D, 0xB8,
    0x5D, 0xB8, 0x5D, 0xB8, 0x5D, 0xB9, 0x5D, 0xB8, 0x5D, 0xB8, 0x5D, 0xB8, 0x5D, 0xB8, 0x5D, 0xB8,
    0x5D, 0xB8, 0x5D, 0xB8, 0x5D, 0xB8, 0x5D, 0xB9, 0x5D, 0xB9, 0x5D, 0xB8, 0x5D, 0xB8, 0x5D, 0xB8,
    0x5D, 0xB8, 0x5D, 0xB8, 0x5D, 0xB8, 0x5D, 0xB8, 0x5D, 0xB8, 0x5D, 0xB8, 0x5D, 0xB8, 0x5D, 0xB8,
    0x5D, 0xB8, 0x5D, 0xB8, 0x65, 0xB9, 0x5D, 0xB8, 0x5D, 0xB8, 0x5D, 0xB8, 0x5D, 0xB8, 0x5D, 0xB8,
    0x5D, 0xB8, 0x5D, 0xB8, 0x5D, 0xB8, 0x5D, 0xB8, 0x5D, 0xB8, 0x5D, 0xB8, 0x5D, 0xB8, 0x5D, 0xB8,
    0x5D, 0xB8, 0x5D, 0xB8, 0x5D, 0xB8, 0x5D, 0xB8, 0x55, 0xB9, 0x55, 0xBA, 0x55, 0xBB, 0x55, 0xDC,
    0x55, 0xFD, 0x55, 0xDD, 0x4D, 0xBC, 0x2C, 0xB8, 0x4D, 0x9C, 0x55, 0xFD, 0x55, 0xDD, 0x5D, 0xDD,
    0x55, 0xDD, 0x55, 0xDD, 0x5D, 0xDD, 0x5D, 0x7B, 0x4C, 0x56, 0x22, 0x2C, 0x00, 0x44, 0x00, 0x02,
    0x00, 0x01, 0x00, 0x44, 0x54, 0x76, 0x5C, 0xD7, 0x08, 0xC7, 0x08, 0x25, 0x00, 0x25, 0x42, 0xCE,
    0x54, 0x33, 0x6D, 0x78, 0x6D, 0xB8, 0x65, 0xB8, 0x65, 0x98, 0x4C, 0x53, 0x01, 0x6A, 0x01, 0xAB,
    0x01, 0xED, 0x01, 0xED, 0x01, 0xED, 0x01, 0xAC, 0x01, 0x4B, 0x09, 0x8C, 0x09, 0xED, 0x0A, 0x0D,
    0x0A, 0x0D, 0x02, 0x0D, 0x01, 0xED, 0x01, 0xED, 0x01, 0xED, 0x01, 0xED, 0x01, 0xED, 0x01, 0xED,
    0x01, 0xED, 0x01, 0xED, 0x01, 0xED, 0x02, 0x0D, 0x02, 0x0D, 0x02, 0x0D, 0x02, 0x0D, 0x02, 0x0D,
    0x0A, 0x2E, 0x0A, 0x2E, 0x12, 0x0D, 0x11, 0xCC, 0x01, 0x4A, 0x11, 0xCC, 0x19, 0xED, 0x11, 0x8B,
    0x11, 0x6B, 0x19, 0xED, 0x22, 0x0E, 0x21, 0xED, 0x55, 0xFE, 0x55, 0xFE, 0x55, 0xFE, 0x5D, 0xFD,
    0x5D, 0x7A, 0x22, 0x8E, 0x43, 0xB1, 0x6D, 0x78, 0x65, 0xB8, 0x65, 0xB8, 0x65, 0xB8, 0x5D, 0xB8,
    0x5D, 0xB8, 0x5D, 0xB8, 0x5D, 0xB8, 0x65, 0xB8, 0x5D, 0xB8, 0x5D, 0xB8, 0x5D, 0xB8, 0x5D, 0xB8,
    0x5D, 0xB8, 0x5D, 0xB8, 0x5D, 0xB8, 0x5D, 0xB8, 0x5D, 0xB8, 0x5D, 0xB8, 0x5D, 0xB8, 0x5D, 0xB8,
    0x5D, 0xB8, 0x5D, 0xB8, 0x5D, 0xB9, 0x5D, 0xB9, 0x5D, 0xB8, 0x5D, 0xB9, 0x5D, 0xB8, 0x5D, 0xB8,
    0x5D, 0xB8, 0x5D, 0xB8, 0x5D, 0xB8, 0x5D, 0xB8, 0x5D, 0xB8, 0x5D, 0xB8, 0x5D, 0xB8, 0x5D, 0xB8,
    0x5D, 0xB8, 0x5D, 0xB8, 0x5D, 0xB8, 0x5D, 0xB8, 0x5D, 0xB8, 0x5D, 0xB8, 0x5D, 0xB8, 0x5D, 0xB8,
    0x5D, 0xB8, 0x5D, 0xB8, 0x5D, 0xB8, 0x5D, 0xB8, 0x5D, 0xB8, 0x5D, 0xB8, 0x5D, 0xB8, 0x5D, 0x98,
    0x5D, 0x98, 0x5D, 0x98, 0x55, 0x99, 0x55, 0xBA, 0x55, 0xDB, 0x55, 0xFD, 0x55, 0xFD, 0x55, 0xFE,
    0x55, 0xDD, 0x4D, 0xDD, 0x4D, 0xBC, 0x55, 0xFD, 0x55, 0xFD, 0x55, 0xFD, 0x5D, 0xDD, 0x5D, 0xDD,
    0x55, 0xBC, 0x3C, 0x77, 0x2B, 0xB4, 0x1A, 0x4D, 0x22, 0x0C, 0x21, 0xAA, 0x21, 0x27, 0x00, 0x02,
    0x11, 0x07, 0x6D, 0x19, 0x65, 0x18, 0x11, 0x08, 0x21, 0x08, 0x08, 0x65, 0x4B, 0x50, 0x4C, 0x33,
    0x6D, 0x98, 0x6D, 0x98, 0x6D, 0x98, 0x5C, 0xD5, 0x09, 0xAA, 0x01, 0x8B, 0x01, 0xCC, 0x01, 0xED,
    0x09, 0xED, 0x11, 0xED, 0x01, 0x6B, 0x09, 0xAC, 0x09, 0xED, 0x09, 0xED, 0x09, 0xED, 0x0A, 0x2E,
    0x02, 0x0E, 0x01, 0xED, 0x01, 0xED, 0x01, 0xED, 0x01, 0xED, 0x01, 0xED, 0x01, 0xED, 0x01, 0xED,
    0x01, 0xED, 0x01, 0xED, 0x02, 0x0D, 0x02, 0x0D, 0x02, 0x0D, 0x01, 0xED, 0x01, 0xED, 0x0A, 0x0D,
    0x12, 0x2E, 0x11, 0xED, 0x01, 0x4A, 0x09, 0xAC, 0x11, 0xCC, 0x11, 0x8B, 0x11, 0x8B, 0x19, 0xED,
    0x19, 0xED, 0x1A, 0x0D, 0x21, 0xED, 0x55, 0xFE, 0x55, 0xFE, 0x5D, 0xFD, 0x5D, 0x9B, 0x2B, 0x31,
    0x43, 0x90, 0x65, 0x57, 0x65, 0x98, 0x65, 0xB9, 0x5D, 0xB8, 0x5D, 0xB8, 0x5D, 0xB8, 0x5D, 0xB8,
    0x5D, 0xB8, 0x5D, 0xB8, 0x5D, 0xB8, 0x65, 0xB8, 0x5D, 0xB8, 0x5D, 0xB8, 0x5D, 0xB8, 0x5D, 0xB8,
    0x5D, 0xB8, 0x5D, 0xB8, 0x5D, 0xB8, 0x5D, 0xB8, 0x5D, 0xB8, 0x5D, 0xB8, 0x5D, 0xB8, 0x5D, 0xB8,
    0x5D, 0xB8, 0x5D, 0xB8, 0x5D, 0xB9, 0x5D, 0xB8, 0x5D, 0xB9, 0x5D, 0xB9, 0x5D, 0xB8, 0x5D, 0xB8,
    0x5D, 0xB8, 0x5D, 0xB8, 0x5D, 0xB8, 0x5D, 0xB8, 0x5D, 0xB8, 0x5D, 0xB8, 0x5D, 0xB8, 0x5D, 0xB8,
    0x5D, 0xB8, 0x5D, 0xB8, 0x5D, 0xB8, 0x5D, 0xB8, 0x5D, 0xB8, 0x5D, 0xB8, 0x5D, 0xB8, 0x5D, 0xB8,
    0x5D, 0xB8, 0x5D, 0xB8, 0x5D, 0xB8, 0x5D, 0xB8, 0x5D, 0x98, 0x5D, 0x98, 0x55, 0x98, 0x55, 0x99,
    0x55, 0xB9, 0x55, 0xBA, 0x55, 0xDC, 0x55, 0xFD, 0x55, 0xFD, 0x55, 0xFD, 0x55, 0xDD, 0x55, 0xFD,
    0x55, 0xFD, 0x55, 0xDD, 0x55, 0xFD, 0x55, 0xFD, 0x5D, 0xFD, 0x5D, 0xFD, 0x5D, 0xFD, 0x5D, 0xDD,
    0x5D, 0x9C, 0x65, 0xBC, 0x6D, 0x7A, 0x4B, 0xD4, 0x32, 0x4D, 0x10, 0xE7, 0x00, 0x03, 0x19, 0x48,
    0x6D, 0x5A, 0x64, 0xF8, 0x08, 0xA7, 0x29, 0x29, 0x10, 0xC7, 0x5C, 0x12, 0x54, 0xB4, 0x65, 0x98,
    0x6D, 0x98, 0x6D, 0x17, 0x22, 0x4C, 0x01, 0x6A, 0x01, 0xCC, 0x01, 0xCD, 0x01, 0xCC, 0x01, 0x8C,
    0x09, 0x8B, 0x09, 0xCC, 0x09, 0xED, 0x01, 0xED, 0x02, 0x0D, 0x0A, 0x0E, 0x0A, 0x2E, 0x02, 0x0E,
    0x01, 0xED, 0x01, 0xED, 0x01, 0xED, 0x01, 0xED, 0x01, 0xED, 0x01, 0xED, 0x01, 0xED, 0x01, 0xED,
    0x01, 0xED, 0x02, 0x0D, 0x02, 0x0D, 0x02, 0x0D, 0x01, 0xED, 0x01, 0xED, 0x09, 0xED, 0x11, 0xED,
    0x01, 0x4B, 0x09, 0xAC, 0x11, 0xCD, 0x11, 0x8B, 0x09, 0x6B, 0x19, 0xED, 0x1A, 0x0D, 0x19, 0xED,
    0x1A, 0x0E, 0x21, 0xED, 0x55, 0xFE, 0x5D, 0xFD, 0x65, 0xDC, 0x33, 0xD3, 0x3B, 0x70, 0x65, 0x57,
    0x65, 0xB8, 0x5D, 0xB8, 0x5D, 0xB9, 0x5D, 0xB8, 0x5D, 0xB9, 0x5D, 0xB9, 0x5D, 0xB8, 0x5D, 0xB8,
    0x5D, 0xB8, 0x65, 0xB8, 0x65, 0xB8, 0x5D, 0xB8, 0x5D, 0xB8, 0x5D, 0xB8, 0x5D, 0xB8, 0x5D, 0xB8,
    0x5D, 0xB8, 0x5D, 0xB8, 0x5D, 0xB8, 0x5D, 0xB8, 0x5D, 0xB8, 0x65, 0xB8, 0x65, 0xB8, 0x5D, 0xB8,
    0x5D, 0xB8, 0x5D, 0xB8, 0x5D, 0xB9, 0x5D, 0xB9, 0x5D, 0xB9, 0x5D, 0xB8, 0x5D, 0xB8, 0x5D, 0xB8,
    0x5D, 0xB8, 0x5D, 0xB8, 0x5D, 0xB8, 0x5D, 0xB8, 0x5D, 0xB8, 0x5D, 0xB8, 0x5D, 0xB8, 0x5D, 0xB8,
    0x5D, 0xB8, 0x5D, 0xB8, 0x5D, 0xB8, 0x5D, 0xB8, 0x5D, 0xB8, 0x5D, 0xB8, 0x5D, 0xB8, 0x5D, 0xB8,
    0x5D, 0xB8, 0x5D, 0x98, 0x5D, 0x98, 0x55, 0x98, 0x55, 0x98, 0x55, 0x98, 0x55, 0x9A, 0x55, 0xDB,
    0x55, 0xDC, 0x55, 0xDD, 0x55, 0xFD, 0x55, 0xFD, 0x55, 0xFD, 0x55, 0xFD, 0x55, 0xFD, 0x5D, 0xFD,
    0x55, 0xFD, 0x55, 0xFD, 0x5D, 0xFD, 0x5D, 0xFD, 0x5D, 0xFD, 0x5D, 0xFD, 0x65, 0xFD, 0x6D, 0xFD,
    0x75, 0xDC, 0x6D, 0x59, 0x43, 0x10, 0x00, 0x04, 0x00, 0x24, 0x00, 0x04, 0x32, 0x6D, 0x75, 0x9B,
    0x54, 0x75, 0x08, 0x46, 0x18, 0xC7, 0x21, 0xA9, 0x6C, 0xD5, 0x65, 0x57, 0x65, 0x98, 0x6D, 0x57,
    0x32, 0xEF, 0x01, 0x4A, 0x01, 0xCC, 0x01, 0xEC, 0x09, 0xED, 0x01, 0x8B, 0x01, 0x2A, 0x09, 0xAC,
    0x09, 0xED, 0x01, 0xED, 0x02, 0x0D, 0x0A, 0x2E, 0x0A, 0x2E, 0x0A, 0x0E, 0x01, 0xED, 0x01, 0xED,
    0x01, 0xED, 0x01, 0xED, 0x01, 0xED, 0x01, 0xED, 0x01, 0xED, 0x02, 0x0D, 0x02, 0x0D, 0x02, 0x0D,
    0x02, 0x0D, 0x0A, 0x0E, 0x0A, 0x0D, 0x09, 0xED, 0x09, 0xED, 0x09, 0xCC, 0x01, 0x4A, 0x11, 0xAC,
    0x19, 0xED, 0x11, 0x8C, 0x11, 0x8B, 0x19, 0xED, 0x19, 0xED, 0x12, 0x0D, 0x1A, 0x0D, 0x1A, 0x0E,
    0x21, 0xED, 0x55, 0xFE, 0x65, 0xDC, 0x44, 0x35, 0x33, 0x30, 0x65, 0x37, 0x65, 0xB9, 0x5D, 0xB9,
    0x5D, 0xB9, 0x5D, 0xB9, 0x5D, 0xB9, 0x5D, 0xB9, 0x5D, 0xB9, 0x5D, 0xB9, 0x65, 0xB8, 0x65, 0xB8,
    0x65, 0xB8, 0x65, 0xB8, 0x5D, 0xB8, 0x5D, 0xB8, 0x5D, 0xB8, 0x5D, 0xB8, 0x5D, 0xB8, 0x5D, 0xB8,
    0x5D, 0xB8, 0x5D, 0xB8, 0x5D, 0xB8, 0x5D, 0xB8, 0x65, 0xB8, 0x65, 0xB8, 0x5D, 0xB8, 0x5D, 0xB8,
    0x5D, 0xB8, 0x5D, 0xB8, 0x5D, 0xB9, 0x5D, 0xB8, 0x5D, 0xB8, 0x5D, 0xB8, 0x5D, 0xB8, 0x5D, 0xB8,
    0x5D, 0xB9, 0x5D, 0xB9, 0x5D, 0xB9, 0x5D, 0xB9, 0x5D, 0xB8, 0x5D, 0xB8, 0x5D, 0xB8, 0x5D, 0xB8,
    0x5D, 0xB8, 0x5D, 0xB8, 0x5D, 0xB8, 0x5D, 0xB8, 0x5D, 0xB8, 0x5D, 0xB8, 0x5D, 0xB8, 0x5D, 0x98,
    0x5D, 0x98, 0x5D, 0x98, 0x55, 0x98, 0x55, 0x99, 0x55, 0xBA, 0x55, 0xDC, 0x55, 0xDD, 0x55, 0xDD,
    0x55, 0xDD, 0x55, 0xFD, 0x55, 0xFD, 0x55, 0xDD, 0x55, 0xDD, 0x5D, 0xDD, 0x5D, 0xDD, 0x5D, 0xDD,
    0x5D, 0xFD, 0x5D, 0xFD, 0x5D, 0xFD, 0x5D, 0xFD, 0x5D, 0xFD, 0x65, 0xFD, 0x6D, 0xDC, 0x64, 0xF8,
    0x2A, 0x6C, 0x00, 0x04, 0x00, 0x04, 0x00, 0x04, 0x00, 0x05, 0x54, 0x14, 0x75, 0xDC, 0x4C, 0x14,
    0x08, 0x45, 0x20, 0xE7, 0x32, 0x4C, 0x6D, 0x16, 0x6D, 0x77, 0x6D, 0x77, 0x53, 0xF2, 0x01, 0x29,
    0x01, 0xAC, 0x01, 0xED, 0x09, 0xED, 0x09, 0xAC, 0x01, 0x4A, 0x09, 0x8C, 0x09, 0xCD, 0x01, 0xED,
    0x02, 0x0D, 0x0A, 0x0D, 0x0A, 0x2E, 0x0A, 0x0E, 0x01, 0xED, 0x01, 0xED, 0x01, 0xED, 0x01, 0xED,
    0x01, 0xED, 0x01, 0xED, 0x01, 0xED, 0x01, 0xED, 0x02, 0x0D, 0x02, 0x0D, 0x02, 0x0D, 0x0A, 0x4E,
    0x0A, 0x2E, 0x09, 0xED, 0x09, 0xED, 0x11, 0xCD, 0x01, 0x4A, 0x09, 0xAB, 0x1A, 0x0D, 0x11, 0xAC,
    0x09, 0x4B, 0x19, 0xCD, 0x11, 0xED, 0x11, 0xED, 0x12, 0x0D, 0x11, 0xED, 0x1A, 0x0D, 0x2A, 0x0E,
    0x5D, 0xDC, 0x44, 0x55, 0x33, 0x50, 0x5D, 0x37, 0x65, 0x98, 0x5D, 0x98, 0x5D, 0xB8, 0x5D, 0xB8,
    0x5D, 0xB8, 0x5D, 0xB8, 0x5D, 0xB9, 0x5D, 0xB9, 0x5D, 0xB9, 0x5D, 0xB9, 0x65, 0xB9, 0x65, 0xB8,
    0x65, 0xB8, 0x65, 0xB8, 0x5D, 0xB8, 0x5D, 0xB8, 0x5D, 0xB8, 0x5D, 0xB8, 0x5D, 0xB8, 0x5D, 0xB8,
    0x5D, 0xB8, 0x5D, 0xB8, 0x5D, 0xB8, 0x5D, 0xB9, 0x5D, 0xB9, 0x5D, 0xB9, 0x5D, 0xB9, 0x5D, 0xB9,
    0x5D, 0xB9, 0x5D, 0xB8, 0x5D, 0xB8, 0x5D, 0xB8, 0x5D, 0xB8, 0x5D, 0xB8, 0x5D, 0xB8, 0x5D, 0xB8,
    0x5D, 0xB8, 0x5D, 0xB9, 0x5D, 0xB9, 0x5D, 0xB8, 0x5D, 0xB8, 0x5D, 0xB8, 0x5D, 0xB8, 0x5D, 0xB8,
    0x5D, 0xB8, 0x5D, 0xB8, 0x5D, 0xB8, 0x5D, 0xB8, 0x5D, 0xB8, 0x5D, 0xB8, 0x5D, 0x98, 0x5D, 0x98,
    0x55, 0x98, 0x55, 0x99, 0x55, 0xBA, 0x55, 0xDC, 0x55, 0xFD, 0x55, 0xDD, 0x55, 0xFD, 0x4D, 0xFD,
    0x55, 0xDD, 0x55, 0xDD, 0x55, 0xDD, 0x5D, 0xFD, 0x5D, 0xFD, 0x5D, 0xDD, 0x5D, 0xBC, 0x5D, 0xDD,
    0x65, 0xFD, 0x65, 0xFD, 0x6D, 0xFD, 0x6D, 0xDC, 0x6D, 0x39, 0x3B, 0x10, 0x00, 0xA6, 0x00, 0x24,
    0x00, 0x03, 0x00, 0x04, 0x00, 0x04, 0x2A, 0x0B, 0x75, 0x7A, 0x75, 0xDC, 0x33, 0x30, 0x08, 0x45,
    0x21, 0x08, 0x2A, 0x0B, 0x5C, 0x73, 0x6D, 0x77, 0x5C, 0x53, 0x09, 0x69, 0x09, 0xAB, 0x01, 0xCD,
    0x01, 0xED, 0x09, 0xCC, 0x01, 0x4B, 0x09, 0x8C, 0x09, 0xCD, 0x01, 0xED, 0x01, 0xED, 0x02, 0x0D,
    0x02, 0x0D, 0x02, 0x0D, 0x02, 0x0D, 0x01, 0xED, 0x01, 0xED, 0x01, 0xED, 0x01, 0xED, 0x01, 0xED,
    0x01, 0xED, 0x01, 0xED, 0x02, 0x0D, 0x02, 0x0D, 0x02, 0x0D, 0x02, 0x0D, 0x0A, 0x0D, 0x09, 0xED,
    0x09, 0xED, 0x09, 0xAC, 0x01, 0x4A, 0x01, 0x8B, 0x11, 0xEC, 0x11, 0x8B, 0x09, 0x2A, 0x11, 0xCC,
    0x11, 0xED, 0x09, 0xED, 0x09, 0xED, 0x11, 0xED, 0x11, 0xED, 0x11, 0xED, 0x21, 0xED, 0x44, 0x35,
    0x22, 0x8E, 0x5D, 0x17, 0x5D, 0x98, 0x5D, 0x98, 0x5D, 0xB8, 0x5D, 0xB8, 0x5D, 0xB8, 0x5D, 0xB9,
    0x5D, 0xB9, 0x5D, 0xB9, 0x5D, 0xB9, 0x5D, 0xB9, 0x5D, 0xB9, 0x5D, 0xB8, 0x65, 0xB8, 0x5D, 0xB8,
    0x5D, 0xB8, 0x5D, 0xB8, 0x5D, 0xB8, 0x5D, 0xB8, 0x5D, 0xB8, 0x5D, 0xB8, 0x5D, 0xB8, 0x5D, 0xB8,
    0x5D, 0xB8, 0x5D, 0xB8, 0x5D, 0xB9, 0x5D, 0xB9, 0x5D, 0xB9, 0x5D, 0xB9, 0x5D, 0xB9, 0x5D, 0xB9,
    0x5D, 0xB8, 0x5D, 0xB8, 0x5D, 0xB8, 0x5D, 0xB8, 0x5D, 0xB8, 0x5D, 0xB8, 0x5D, 0xB8, 0x5D, 0xB8,
    0x5D, 0xB9, 0x5D, 0xB9, 0x5D, 0xB8, 0x5D, 0xB8, 0x5D, 0xB8, 0x5D, 0xB8, 0x5D, 0xB8, 0x5D, 0xB8,
    0x5D, 0xB8, 0x5D, 0xB8, 0x5D, 0xB8, 0x5D, 0x98, 0x5D, 0x98, 0x5D, 0x98, 0x55, 0x98, 0x55, 0x99,
    0x55, 0xBB, 0x55, 0xDC, 0x55, 0xDD, 0x55, 0xDD, 0x55, 0xDD, 0x55, 0xDD, 0x55, 0xDD, 0x55, 0xFD,
    0x55, 0xFD, 0x55, 0xFD, 0x5D, 0xFD, 0x65, 0xDD, 0x65, 0x9B, 0x3B, 0xB4, 0x54, 0x56, 0x4B, 0xD4,
    0x4B, 0xB3, 0x5B, 0xF4, 0x32, 0xAE, 0x11, 0x08, 0x00, 0x24, 0x00, 0x04, 0x00, 0x04, 0x00, 0x04,
    0x00, 0x04, 0x00, 0x45, 0x53, 0xF4, 0x75, 0xDC, 0x75, 0xDC, 0x32, 0xCF, 0x08, 0x25, 0x10, 0xC6,
    0x3A, 0xAD, 0x6C, 0xF5, 0x6C, 0xD6, 0x22, 0x0B, 0x09, 0xAB, 0x0A, 0x0D, 0x01, 0xCD, 0x09, 0xCC,
    0x01, 0x4A, 0x09, 0xAC, 0x09, 0xCD, 0x01, 0xED, 0x02, 0x0D, 0x02, 0x0D, 0x02, 0x0D, 0x02, 0x0D,
    0x02, 0x0D, 0x02, 0x0D, 0x02, 0x0D, 0x01, 0xED, 0x01, 0xED, 0x01, 0xED, 0x01, 0xED, 0x01, 0xED,
    0x02, 0x0D, 0x02, 0x0D, 0x02, 0x0D, 0x01, 0xED, 0x01, 0xED, 0x0A, 0x0D, 0x09, 0xED, 0x09, 0xAC,
    0x01, 0x2A, 0x09, 0x8B, 0x11, 0xCC, 0x09, 0x8B, 0x09, 0x4B, 0x11, 0xCD, 0x11, 0xED, 0x09, 0xED,
    0x09, 0xED, 0x09, 0xED, 0x09, 0xED, 0x11, 0xED, 0x11, 0xCD, 0x19, 0xAC, 0x2B, 0x50, 0x54, 0xF6,
    0x5D, 0x98, 0x5D, 0xB8, 0x5D, 0xB8, 0x5D, 0xB8, 0x5D, 0xB8, 0x5D, 0xB9, 0x5D, 0xB9, 0x5D, 0xB9,
    0x5D, 0xB9, 0x5D, 0xB9, 0x5D, 0xB9, 0x5D, 0xB8, 0x5D, 0xB8, 0x65, 0xB8, 0x5D, 0xB8, 0x5D, 0xB8,
    0x5D, 0xB8, 0x5D, 0xB8, 0x5D, 0xB8, 0x5D, 0xB8, 0x5D, 0xB8, 0x5D, 0xB8, 0x5D, 0xB8, 0x5D, 0xB8,
    0x5D, 0xB8, 0x5D, 0xB9, 0x5D, 0xB9, 0x5D, 0xB9, 0x5D, 0xB9, 0x5D, 0xB9, 0x5D, 0xB9, 0x5D, 0xB8,
    0x5D, 0xB8, 0x5D, 0xB8, 0x5D, 0xB8, 0x5D, 0xB8, 0x5D, 0xB8, 0x5D, 0xB8, 0x5D, 0xB8, 0x5D, 0xB8,
    0x5D, 0xB8, 0x5D, 0xB8, 0x5D, 0xB8, 0x5D, 0xB8, 0x5D, 0xB8, 0x5D, 0xB8, 0x5D, 0xB8, 0x5D, 0xB8,
    0x5D, 0xB8, 0x5D, 0x98, 0x5D, 0x98, 0x5D, 0x98, 0x5D, 0x98, 0x55, 0x99, 0x55, 0xDB, 0x55, 0xFC,
    0x55, 0xFD, 0x55, 0xFD, 0x55, 0xDD, 0x55, 0xFD, 0x55, 0xFD, 0x55, 0xDD, 0x5D, 0xDD, 0x5D, 0xFD,
    0x5D, 0xFD, 0x65, 0xBB, 0x4C, 0x56, 0x2A, 0x8E, 0x00, 0xC8, 0x00, 0x05, 0x00, 0x04, 0x00, 0x24,
    0x00, 0x04, 0x00, 0x04, 0x00, 0x04, 0x00, 0x04, 0x00, 0x04, 0x00, 0x24, 0x00, 0x24, 0x00, 0x05,
    0x2A, 0x0C, 0x5C, 0x76, 0x6D, 0xDC, 0x6D, 0x9B, 0x32, 0x4D, 0x08, 0x04, 0x3A, 0x4B, 0x53, 0x4F,
    0x7C, 0xD6, 0x3A, 0xCE, 0x01, 0x49, 0x09, 0xEC, 0x02, 0x0D, 0x09, 0xCC, 0x01, 0x4A, 0x09, 0x8C,
    0x09, 0xCD, 0x01, 0xED, 0x01, 0xED, 0x02, 0x0D, 0x02, 0x0D, 0x02, 0x0D, 0x02, 0x0D, 0x02, 0x0D,
    0x02, 0x0D, 0x02, 0x0D, 0x02, 0x0D, 0x01, 0xED, 0x01, 0xED, 0x01, 0xED, 0x02, 0x0D, 0x02, 0x0D,
    0x0A, 0x0D, 0x02, 0x0D, 0x02, 0x0D, 0x0A, 0x0D, 0x12, 0x0D, 0x11, 0xCC, 0x01, 0x4A, 0x09, 0x8B,
    0x19, 0xCD, 0x11, 0x8B, 0x09, 0x4B, 0x11, 0xCD, 0x11, 0xED, 0x11, 0xED, 0x09, 0xED, 0x09, 0xED,
    0x09, 0xED, 0x09, 0xED, 0x11, 0xCD, 0x11, 0xCD, 0x19, 0xCD, 0x65, 0x57, 0x5D, 0x98, 0x5D, 0xB8,
    0x5D, 0xB9, 0x5D, 0xB9, 0x5D, 0xB9, 0x5D, 0xB9, 0x5D, 0xB9, 0x5D, 0xB9, 0x5D, 0xB9, 0x5D, 0xB9,
    0x5D, 0xB9, 0x5D, 0xB8, 0x5D, 0xB8, 0x5D, 0xB8, 0x65, 0xB8, 0x65, 0xB8, 0x65, 0xB8, 0x65, 0xB8,
    0x5D, 0xB8, 0x5D, 0xB8, 0x5D, 0xB8, 0x5D, 0xB8, 0x5D, 0xB8, 0x5D, 0xB8, 0x5D, 0xB8, 0x5D, 0xB8,
    0x5D, 0xB8, 0x5D, 0xB9, 0x5D, 0xB8, 0x5D, 0xB9, 0x5D, 0xB9, 0x5D, 0xB9, 0x5D, 0xB8, 0x5D, 0xB8,
    0x5D, 0xB8, 0x5D, 0xB8, 0x5D, 0xB8, 0x5D, 0xB8, 0x5D, 0xB8, 0x5D, 0xB8, 0x5D, 0xB8, 0x5D, 0xB8,
    0x5D, 0xB9, 0x5D, 0xB8, 0x5D, 0xB8, 0x5D, 0xB8, 0x5D, 0xB8, 0x5D, 0xB8, 0x5D, 0xB8, 0x5D, 0x98,
    0x5D, 0x98, 0x55, 0x98, 0x55, 0x99, 0x55, 0x9A, 0x55, 0xBB, 0x55, 0xFD, 0x55, 0xFD, 0x55, 0xFD,
    0x55, 0xFE, 0x55, 0xDD, 0x55, 0xDD, 0x5D, 0xDD, 0x5D, 0xDE, 0x5D, 0xFD, 0x5D, 0xDC, 0x54, 0xF8,
    0x32, 0xCF, 0x00, 0x86, 0x00, 0x25, 0x00, 0x05, 0x00, 0x04, 0x00, 0x24, 0x00, 0x24, 0x00, 0x04,
    0x00, 0x24, 0x00, 0x25, 0x00, 0x25, 0x08, 0x45, 0x08, 0x25, 0x00, 0x05, 0x00, 0x66, 0x43, 0x32,
    0x6D, 0x7B, 0x6D, 0xFC, 0x5C, 0xB7, 0x08, 0xA6, 0x10, 0xA5, 0x52, 0xCE, 0x5B, 0x50, 0x53, 0x50,
    0x01, 0x08, 0x01, 0xAB, 0x01, 0xED, 0x09, 0xCC, 0x01, 0x2A, 0x09, 0xAC, 0x09, 0xED, 0x01, 0xED,
    0x01, 0xED, 0x02, 0x0D, 0x02, 0x0D, 0x01, 0xED, 0x02, 0x0D, 0x02, 0x0D, 0x02, 0x0D, 0x02, 0x0D,
    0x02, 0x0D, 0x02, 0x0D, 0x01, 0xED, 0x01, 0xED, 0x01, 0xED, 0x02, 0x0D, 0x0A, 0x0E, 0x0A, 0x0D,
    0x0A, 0x0D, 0x0A, 0x0D, 0x09, 0xED, 0x09, 0xCC, 0x01, 0x4A, 0x11, 0x8C, 0x19, 0xED, 0x11, 0xAC,
    0x09, 0x4B, 0x19, 0xCC, 0x11, 0xED, 0x09, 0xED, 0x09, 0xED, 0x09, 0xED, 0x09, 0xED, 0x09, 0xED,
    0x09, 0xED, 0x11, 0xCD, 0x11, 0xCD, 0x21, 0xCD, 0x65, 0x98, 0x5D, 0xB8, 0x5D, 0xB9, 0x5D, 0xB9,
    0x5D, 0xB8, 0x5D, 0xB8, 0x5D, 0xB9, 0x5D, 0xB9, 0x5D, 0xB8, 0x5D, 0xB9, 0x5D, 0xB9, 0x5D, 0xB8,
    0x5D, 0xB8, 0x5D, 0xB8, 0x65, 0xB8, 0x65, 0xB8, 0x65, 0xB8, 0x65, 0xB8, 0x5D, 0xB8, 0x5D, 0xB8,
    0x5D, 0xB8, 0x5D, 0xB8, 0x5D, 0xB8, 0x5D, 0xB8, 0x5D, 0xB8, 0x5D, 0xB8, 0x5D, 0xB8, 0x5D, 0xB8,
    0x5D, 0xB9, 0x5D, 0xB9, 0x5D, 0xB9, 0x5D, 0xB9, 0x5D, 0xB9, 0x5D, 0xB8, 0x5D, 0xB8, 0x5D, 0xB8,
    0x5D, 0xB8, 0x5D, 0xB8, 0x5D, 0xB8, 0x5D, 0xB8, 0x5D, 0xB8, 0x5D, 0xB9, 0x5D, 0xB8, 0x5D, 0xB9,
    0x5D, 0xB8, 0x5D, 0xB8, 0x5D, 0xB8, 0x5D, 0xB8, 0x5D, 0xB8, 0x5D, 0x98, 0x5D, 0x98, 0x55, 0x98,
    0x55, 0x99, 0x55, 0xBA, 0x55, 0xDB, 0x55, 0xFD, 0x55, 0xFD, 0x55, 0xFD, 0x55, 0xFD, 0x55, 0xDD,
    0x55, 0xDD, 0x5D, 0xFD, 0x5D, 0xFD, 0x65, 0xDC, 0x65, 0x79, 0x43, 0xB2, 0x09, 0x07, 0x00, 0x04,
    0x00, 0x04, 0x00, 0x24, 0x00, 0x24, 0x00, 0x24, 0x00, 0x24, 0x00, 0x24, 0x00, 0x04, 0x00, 0x04,
    0x08, 0x25, 0x08, 0x26, 0x10, 0x87, 0x08, 0x46, 0x00, 0x05, 0x21, 0xEC, 0x6D, 0x19, 0x6D, 0xFC,
    0x6D, 0xDC, 0x32, 0xEF, 0x00, 0x23, 0x29, 0x88, 0x42, 0x4C, 0x3A, 0x6D, 0x11, 0x49, 0x01, 0x8B,
    0x01, 0xCC, 0x09, 0xCC, 0x01, 0x2A, 0x09, 0x8B, 0x09, 0xEC, 0x01, 0xED, 0x01, 0xED, 0x01, 0xED,
    0x02, 0x0D, 0x01, 0xED, 0x01, 0xED, 0x02, 0x0D, 0x02, 0x0D, 0x02, 0x0D, 0x02, 0x0D, 0x02, 0x0D,
    0x01, 0xED, 0x01, 0xED, 0x01, 0xED, 0x01, 0xED, 0x02, 0x0D, 0x0A, 0x0D, 0x0A, 0x0D, 0x0A, 0x0D,
    0x09, 0xED, 0x09, 0xAC, 0x01, 0x4A, 0x11, 0xAC, 0x11, 0xED, 0x09, 0x8B, 0x01, 0x4A, 0x11, 0xAC,
    0x19, 0xED, 0x12, 0x0D, 0x09, 0xED, 0x09, 0xED, 0x09, 0xED, 0x09, 0xED, 0x09, 0xED, 0x09, 0xCD,
    0x11, 0xCD, 0x11, 0xED, 0x21, 0xCD, 0x5D, 0xB9, 0x65, 0xB9, 0x5D, 0xB9, 0x5D, 0xB8, 0x5D, 0xB8,
    0x5D, 0xB8, 0x5D, 0xB8, 0x5D, 0xB8, 0x5D, 0xB8, 0x65, 0xB9, 0x65, 0xB8, 0x65, 0xB8, 0x5D, 0xB8,
    0x65, 0xB8, 0x65, 0xB8, 0x65, 0xB8, 0x65, 0xB8, 0x65, 0xB8, 0x5D, 0xB8, 0x5D, 0xB8, 0x5D, 0xB8,
    0x65, 0xB8, 0x65, 0xB8, 0x5D, 0xB8, 0x5D, 0xB8, 0x5D, 0xB8, 0x5D, 0xB8, 0x5D, 0xB9, 0x5D, 0xB9,
    0x5D, 0xB9, 0x5D, 0xB9, 0x5D, 0xB9, 0x5D, 0xB9, 0x5D, 0xB8, 0x5D, 0xB8, 0x5D, 0xB8, 0x5D, 0xB8,
    0x5D, 0xB8, 0x5D, 0xB8, 0x5D, 0xB8, 0x5D, 0xB8, 0x5D, 0xB8, 0x5D, 0xB9, 0x5D, 0xB8, 0x5D, 0xB8,
    0x5D, 0xB8, 0x5D, 0xB8, 0x5D, 0xB8, 0x5D, 0x98, 0x5D, 0x98, 0x55, 0x98, 0x55, 0x99, 0x55, 0xBA,
    0x55, 0xDC, 0x55, 0xDD, 0x55, 0xDD, 0x55, 0xDD, 0x55, 0xFD, 0x55, 0xFD, 0x5D, 0xFD, 0x5D, 0xFD,
    0x5D, 0xDD, 0x65, 0xDC, 0x5C, 0xD7, 0x22, 0x0B, 0x00, 0x03, 0x00, 0x03, 0x00, 0x23, 0x00, 0x24,
    0x08, 0x65, 0x08, 0x24, 0x08, 0x24, 0x00, 0x24, 0x00, 0x24, 0x08, 0x24, 0x00, 0x24, 0x08, 0x25,
    0x18, 0x87, 0x10, 0x87, 0x08, 0x25, 0x08, 0xA7, 0x64, 0x76, 0x75, 0xFC, 0x65, 0xFD, 0x6D, 0xBC,
    0x32, 0xAE, 0x08, 0x24, 0x39, 0xA9, 0x3A, 0x0B, 0x11, 0x08, 0x09, 0x6A, 0x09, 0xCC, 0x09, 0xCC,
    0x01, 0x6B, 0x09, 0x6B, 0x09, 0xCC, 0x01, 0xED, 0x01, 0xED, 0x01, 0xED, 0x01, 0xED, 0x01, 0xED,
    0x02, 0x0D, 0x02, 0x0D, 0x02, 0x0D, 0x02, 0x0D, 0x02, 0x0D, 0x02, 0x0D, 0x01, 0xED, 0x01, 0xED,
    0x01, 0xED, 0x01, 0xED, 0x01, 0xED, 0x02, 0x0D, 0x09, 0xED, 0x09, 0xED, 0x09, 0xED, 0x09, 0xAC,
    0x01, 0x2A, 0x11, 0xAC, 0x1A, 0x0D, 0x11, 0xCC, 0x01, 0x6A, 0x11, 0xCC, 0x12, 0x0D, 0x12, 0x0D,
    0x09, 0xED, 0x09, 0xED, 0x09, 0xED, 0x09, 0xED, 0x0A, 0x0D, 0x09, 0xED, 0x09, 0xCD, 0x09, 0xCD,
    0x11, 0xCD, 0x21, 0xCD, 0x5D, 0xB9, 0x5D, 0xB9, 0x5D, 0xB9, 0x5D, 0xB9, 0x5D, 0xB9, 0x5D, 0xB8,
    0x5D, 0xB8, 0x5D, 0xB8, 0x5D, 0xB8, 0x5D, 0xB8, 0x65, 0xB8, 0x65, 0xB8, 0x5D, 0xB8, 0x5D, 0xB8,
    0x65, 0xB8, 0x65, 0xB8, 0x5D, 0xB8, 0x5D, 0xB8, 0x65, 0xB8, 0x5D, 0xB8, 0x5D, 0xB8, 0x5D, 0xB8,
    0x5D, 0xB8, 0x5D, 0xB8, 0x5D, 0xB8, 0x5D, 0xB8, 0x5D, 0xB8, 0x5D, 0xB8, 0x5D, 0xB8, 0x5D, 0xB8,
    0x5D, 0xB8, 0x5D, 0xB8, 0x5D, 0xB8, 0x5D, 0xB8, 0x5D, 0xB8, 0x5D, 0xB8, 0x5D, 0xB8, 0x5D, 0xB8,
    0x5D, 0xB9, 0x5D, 0xB8, 0x5D, 0xB8, 0x5D, 0xB9, 0x5D, 0xB8, 0x5D, 0xB8, 0x5D, 0xB8, 0x5D, 0x98,
    0x5D, 0x98, 0x5D, 0xB8, 0x55, 0x98, 0x55, 0x98, 0x55, 0x99, 0x55, 0xBA, 0x55, 0xDC, 0x55, 0xFD,
    0x55, 0xFD, 0x55, 0xDD, 0x55, 0xFD, 0x55, 0xFD, 0x5D, 0xFD, 0x5D, 0xFD, 0x65, 0xDD, 0x6D, 0x7A,
    0x4B, 0xF4, 0x08, 0xE6, 0x00, 0x23, 0x00, 0x03, 0x00, 0x03, 0x00, 0x03, 0x00, 0x24, 0x08, 0x24,
    0x08, 0x24, 0x08, 0x24, 0x08, 0x24, 0x08, 0x25, 0x08, 0x25, 0x08, 0x25, 0x08, 0x25, 0x08, 0x46,
    0x08, 0x25, 0x00, 0x25, 0x32, 0x6E, 0x6D, 0x7B, 0x6D, 0xFD, 0x6D, 0xFD, 0x65, 0x18, 0x11, 0x07,
    0x20, 0xC6, 0x31, 0x89, 0x29, 0x49, 0x09, 0x29, 0x11, 0xCC, 0x11, 0xCC, 0x09, 0x8B, 0x09, 0x6B,
    0x09, 0xCC, 0x01, 0xED, 0x01, 0xED, 0x01, 0xED, 0x01, 0xED, 0x01, 0xED, 0x01, 0xED, 0x02, 0x0E,
    0x02, 0x0D, 0x02, 0x0D, 0x02, 0x0D, 0x02, 0x0D, 0x02, 0x0D, 0x01, 0xED, 0x01, 0xED, 0x01, 0xED,
    0x01, 0xED, 0x0A, 0x0D, 0x0A, 0x0D, 0x09, 0xED, 0x11, 0xED, 0x09, 0xAC, 0x01, 0x4A, 0x09, 0xAC,
    0x19, 0xED, 0x09, 0xAC, 0x01, 0x4A, 0x09, 0xCC, 0x12, 0x0D, 0x1A, 0x4E, 0x12, 0x2D, 0x0A, 0x0D,
    0x09, 0xED, 0x0A, 0x0D, 0x0A, 0x0E, 0x12, 0x0E, 0x12, 0x0E, 0x09, 0xED, 0x09, 0xCD, 0x11, 0xCD,
    0x21, 0xCD, 0x5D, 0xB9, 0x5D, 0xB9, 0x5D, 0xB9, 0x5D, 0xB9, 0x5D, 0xB9, 0x5D, 0xB8, 0x5D, 0xB8,
    0x5D, 0xB8, 0x65, 0xB8, 0x65, 0xB8, 0x65, 0xB8, 0x65, 0xB8, 0x65, 0xB8, 0x65, 0xB8, 0x65, 0xB8,
    0x5D, 0xB8, 0x65, 0xB8, 0x65, 0xB8, 0x5D, 0xB8, 0x5D, 0xB8, 0x65, 0xB8, 0x65, 0xB8, 0x5D, 0xB8,
    0x5D, 0xB8, 0x5D, 0xB8, 0x5D, 0xB8, 0x5D, 0xB8, 0x5D, 0xB8, 0x5D, 0xB8, 0x5D, 0xB8, 0x5D, 0xB8,
    0x5D, 0xB8, 0x5D, 0xB8, 0x5D, 0xB8, 0x5D, 0xB8, 0x5D, 0xB8, 0x5D, 0xB8, 0x5D, 0xB8, 0x5D, 0xB9,
    0x5D, 0xB8, 0x5D, 0xB8, 0x5D, 0xB8, 0x5D, 0xB8, 0x5D, 0xB8, 0x5D, 0xB8, 0x5D, 0xB8, 0x5D, 0x98,
    0x5D, 0x98, 0x55, 0x98, 0x55, 0x99, 0x55, 0xBA, 0x55, 0xDC, 0x55, 0xFD, 0x55, 0xFD, 0x55, 0xFD,
    0x5D, 0xFD, 0x5D, 0xFD, 0x5D, 0xDD, 0x65, 0xFD, 0x6D, 0xDC, 0x64, 0xF8, 0x22, 0x0C, 0x00, 0x65,
    0x00, 0x24, 0x08, 0x24, 0x08, 0x04, 0x00, 0x23, 0x00, 0x23, 0x00, 0x24, 0x08, 0x23, 0x00, 0x23,
    0x00, 0x23, 0x08, 0x24, 0x08, 0x24, 0x08, 0x25, 0x08, 0x25, 0x00, 0x26, 0x00, 0x25, 0x00, 0x04,
    0x19, 0x6A, 0x5C, 0xD8, 0x6D, 0xDC, 0x65, 0xFD, 0x6D, 0xDC, 0x43, 0x30, 0x00, 0x04, 0x20, 0xE7,
    0x31, 0x89, 0x10, 0xE8, 0x11, 0xAB, 0x11, 0xEC, 0x09, 0x8B, 0x01, 0x6B, 0x09, 0xCC, 0x09, 0xED,
    0x01, 0xED, 0x01, 0xED, 0x01, 0xED, 0x01, 0xED, 0x01, 0xED, 0x01, 0xED, 0x02, 0x0D, 0x02, 0x0D,
    0x02, 0x0D, 0x02, 0x0D, 0x02, 0x0D, 0x01, 0xED, 0x01, 0xED, 0x01, 0xED, 0x01, 0xED, 0x0A, 0x2E,
    0x0A, 0x0D, 0x09, 0xED, 0x11, 0xED, 0x09, 0xAC, 0x01, 0x4A, 0x09, 0xAC, 0x11, 0xCD, 0x09, 0x6B,
    0x01, 0x2A, 0x09, 0xAC, 0x11, 0xED, 0x11, 0xED, 0x12, 0x0D, 0x0A, 0x0D, 0x09, 0xED, 0x09, 0xED,
    0x0A, 0x0D, 0x0A, 0x0D, 0x0A, 0x0E, 0x12, 0x0E, 0x09, 0xED, 0x09, 0xCD, 0x11, 0xCD, 0x21, 0xCD,
    0x5D, 0xB9, 0x5D, 0xB9, 0x5D, 0xB9, 0x5D, 0xB9, 0x5D, 0xB9, 0x5D, 0xB8, 0x5D, 0xB8, 0x65, 0xB8,
    0x65, 0xB8, 0x65, 0xB8, 0x65, 0xB8, 0x65, 0xB8, 0x65, 0xB8, 0x5D, 0xB8, 0x5D, 0xB8, 0x5D, 0xB8,
    0x5D, 0xB8, 0x65, 0xB8, 0x5D, 0xB8, 0x5D, 0xB8, 0x5D, 0xB8, 0x65, 0xB8, 0x5D, 0xB8, 0x5D, 0xB8,
    0x5D, 0xB8, 0x5D, 0xB8, 0x5D, 0xB8, 0x5D, 0xB8, 0x5D, 0xB8, 0x5D, 0xB8, 0x5D, 0xB8, 0x5D, 0xB8,
    0x5D, 0xB8, 0x5D, 0xB8, 0x5D, 0xB8, 0x5D, 0xB8, 0x5D, 0xB8, 0x5D, 0xB8, 0x5D, 0xB9, 0x5D, 0xB8,
    0x5D, 0xB8, 0x5D, 0xB8, 0x5D, 0xB8, 0x5D, 0xB8, 0x5D, 0xB8, 0x5D, 0x98, 0x5D, 0x98, 0x5D, 0x98,
    0x55, 0x99, 0x55, 0xBA, 0x55, 0xDC, 0x55, 0xFD, 0x55, 0xFD, 0x55, 0xFD, 0x5D, 0xFD, 0x5D, 0xFD,
    0x5D, 0xFD, 0x65, 0xFD, 0x65, 0x9A, 0x43, 0xB2, 0x09, 0x07, 0x00, 0x24, 0x00, 0x24, 0x08, 0x24,
    0x08, 0x24, 0x08, 0x24, 0x08, 0x24, 0x08, 0x24, 0x08, 0x24, 0x08, 0x44, 0x08, 0x24, 0x08, 0x24,
    0x08, 0x25, 0x08, 0x25, 0x08, 0x26, 0x10, 0x87, 0x10, 0xA8, 0x08, 0x26, 0x19, 0x69, 0x64, 0xD8,
    0x6D, 0xDD, 0x6D, 0xFD, 0x6D, 0xFD, 0x64, 0xF8, 0x08, 0xC7, 0x10, 0x45, 0x28, 0xE7, 0x21, 0x29,
    0x11, 0x6A, 0x19, 0xEC, 0x11, 0xAC, 0x01, 0x4A, 0x09, 0xCC, 0x09, 0xED, 0x02, 0x0D, 0x02, 0x0D,
    0x01, 0xED, 0x01, 0xED, 0x02, 0x0D, 0x02, 0x0D, 0x01, 0xED, 0x02, 0x0D, 0x02, 0x0D, 0x02, 0x0D,
    0x02, 0x0D, 0x02, 0x0D, 0x01, 0xED, 0x01, 0xED, 0x01, 0xED, 0x0A, 0x0D, 0x12, 0x4E, 0x12, 0x0D,
    0x11, 0xCC, 0x11, 0xCC, 0x01, 0x6B, 0x09, 0xAC, 0x09, 0xAC, 0x09, 0x6B, 0x01, 0x6B, 0x09, 0xCC,
    0x11, 0xED, 0x12, 0x0D, 0x0A, 0x0D, 0x09, 0xED, 0x09, 0xED, 0x01, 0xED, 0x01, 0xED, 0x09, 0xED,
    0x0A, 0x0D, 0x0A, 0x0D, 0x09, 0xED, 0x09, 0xED, 0x09, 0xED, 0x11, 0xCD, 0x19, 0xAC, 0x5D, 0xB8,
    0x5D, 0xB9, 0x5D, 0xB9, 0x5D, 0xB9, 0x5D, 0xB9, 0x65, 0xB8, 0x65, 0xB8, 0x5D, 0xB8, 0x5D, 0xB8,
    0x65, 0xB8, 0x65, 0xB8, 0x5D, 0xB8, 0x5D, 0xB8, 0x5D, 0xB8, 0x5D, 0xB8, 0x5D, 0xB8, 0x5D, 0xB8,
    0x5D, 0xB8, 0x5D, 0xB8, 0x5D, 0xB8, 0x5D, 0xB8, 0x5D, 0xB8, 0x5D, 0xB8, 0x5D, 0xB8, 0x5D, 0xB8,
    0x5D, 0xB8, 0x5D, 0xB8, 0x5D, 0xB8, 0x5D, 0xB8, 0x5D, 0xB8, 0x5D, 0xB8, 0x5D, 0xB8, 0x5D, 0xB8,
    0x5D, 0xB8, 0x5D, 0xB8, 0x5D, 0xB8, 0x5D, 0xB8, 0x5D, 0xB8, 0x5D, 0xB9, 0x5D, 0xB8, 0x5D, 0xB8,
    0x5D, 0xB8, 0x5D, 0xB8, 0x5D, 0xB8, 0x5D, 0xB8, 0x5D, 0x98, 0x55, 0x98, 0x55, 0x99, 0x55, 0xBA,
    0x5D, 0xDC, 0x5D, 0xFD, 0x5D, 0xFD, 0x5D, 0xFD, 0x5D, 0xFD, 0x5D, 0xFD, 0x65, 0xFD, 0x6D, 0xDC,
    0x5C, 0xD7, 0x2A, 0x4C, 0x00, 0x24, 0x00, 0x24, 0x00, 0x24, 0x00, 0x24, 0x00, 0x25, 0x08, 0x45,
    0x00, 0x25, 0x00, 0x25, 0x08, 0x25, 0x10, 0x45, 0x10, 0x46, 0x10, 0x46, 0x18, 0x87, 0x10, 0x87,
    0x10, 0x67, 0x10, 0x47, 0x18, 0x88, 0x10, 0x66, 0x19, 0x8A, 0x64, 0xD8, 0x6D, 0xFD, 0x65, 0xFD,
    0x65, 0xFD, 0x6D, 0xDB, 0x43, 0x51, 0x00, 0x04, 0x10, 0x45, 0x18, 0x86, 0x10, 0xE8, 0x19, 0xCB,
    0x11, 0xAC, 0x01, 0x4A, 0x11, 0xCC, 0x09, 0xED, 0x0A, 0x0D, 0x01, 0xED, 0x02, 0x0D, 0x02, 0x0D,
    0x0A, 0x2E, 0x0A, 0x4E, 0x02, 0x0D, 0x02, 0x0D, 0x02, 0x0D, 0x02, 0x0D, 0x02, 0x0D, 0x02, 0x0D,
    0x01, 0xED, 0x01, 0xED, 0x01, 0xED, 0x01, 0xED, 0x09, 0xED, 0x12, 0x0D, 0x11, 0xEC, 0x09, 0x8B,
    0x09, 0xAB, 0x11, 0xCC, 0x09, 0xCC, 0x01, 0x6A, 0x09, 0x8B, 0x11, 0xED, 0x12, 0x0D, 0x12, 0x2E,
    0x12, 0x0D, 0x0A, 0x0D, 0x09, 0xED, 0x01, 0xED, 0x01, 0xED, 0x02, 0x0D, 0x02, 0x0D, 0x02, 0x0D,
    0x0A, 0x0D, 0x09, 0xED, 0x09, 0xED, 0x09, 0xED, 0x11, 0xED, 0x19, 0xCD, 0x5D, 0xB8, 0x5D, 0xB8,
    0x5D, 0xB9, 0x5D, 0xB9, 0x5D, 0xB9, 0x5D, 0xB8, 0x5D, 0xB8, 0x5D, 0xB8, 0x5D, 0xB8, 0x65, 0xB8,
    0x65, 0xB8, 0x65, 0xB8, 0x5D, 0xB8, 0x5D, 0xB8, 0x5D, 0xB8, 0x5D, 0xB8, 0x5D, 0xB8, 0x5D, 0xB8,
    0x5D, 0xB8, 0x5D, 0xB8, 0x5D, 0xB8, 0x65, 0xB8, 0x5D, 0xB8, 0x5D, 0xB8, 0x5D, 0xB8, 0x5D, 0xB8,
    0x5D, 0xB8, 0x5D, 0xB8, 0x5D, 0xB8, 0x5D, 0xB8, 0x5D, 0xB8, 0x5D, 0xB8, 0x5D, 0xB8, 0x5D, 0xB8,
    0x5D, 0xB8, 0x5D, 0xB8, 0x5D, 0xB8, 0x5D, 0xB8, 0x5D, 0xB9, 0x5D, 0xB8, 0x5D, 0xB8, 0x5D, 0xB8,
    0x5D, 0xB8, 0x5D, 0xB8, 0x5D, 0x98, 0x5D, 0x98, 0x55, 0x99, 0x55, 0x99, 0x55, 0xDB, 0x5D, 0xFD,
    0x5D, 0xFD, 0x5D, 0xFD, 0x5D, 0xFD, 0x5D, 0xFD, 0x65, 0xDC, 0x6D, 0x5A, 0x43, 0x71, 0x11, 0x07,
    0x00, 0x03, 0x00, 0x03, 0x00, 0x04, 0x08, 0x25, 0x00, 0x25, 0x00, 0x25, 0x00, 0x45, 0x00, 0x25,
    0x00, 0x25, 0x08, 0x46, 0x10, 0x66, 0x08, 0x46, 0x08, 0x25, 0x08, 0x25, 0x08, 0x25, 0x08, 0x25,
    0x00, 0x25, 0x08, 0x26, 0x21, 0xAB, 0x64, 0xD8, 0x6D, 0xDD, 0x65, 0xFD, 0x65, 0xFD, 0x65, 0xFC,
    0x65, 0x18, 0x09, 0x07, 0x08, 0x04, 0x10, 0x25, 0x10, 0x87, 0x19, 0x8B, 0x11, 0xAB, 0x01, 0x2A,
    0x09, 0x6B, 0x09, 0xCD, 0x01, 0xCD, 0x01, 0xED, 0x02, 0x0D, 0x02, 0x0D, 0x02, 0x0E, 0x0A, 0x2E,
    0x0A, 0x4E, 0x02, 0x0D, 0x02, 0x0D, 0x01, 0xED, 0x02, 0x0D, 0x02, 0x0D, 0x02, 0x0D, 0x02, 0x0D,
    0x02, 0x0D, 0x01, 0xED, 0x09, 0xED, 0x09, 0xED, 0x09, 0xCC, 0x01, 0x6B, 0x09, 0x8B, 0x11, 0xEC,
    0x11, 0xCC, 0x01, 0x6B, 0x01, 0x6B, 0x09, 0xCC, 0x09, 0xED, 0x09, 0xED, 0x0A, 0x0E, 0x0A, 0x0E,
    0x0A, 0x0E, 0x01, 0xED, 0x01, 0xED, 0x02, 0x0D, 0x02, 0x0D, 0x02, 0x0D, 0x02, 0x0D, 0x0A, 0x0D,
    0x09, 0xED, 0x09, 0xED, 0x09, 0xED, 0x11, 0xED, 0x22, 0x0D, 0x5D, 0xB8, 0x5D, 0xB8, 0x65, 0xB9,
    0x5D, 0xB9, 0x5D, 0xB9, 0x65, 0xB8, 0x65, 0xB8, 0x65, 0xB8, 0x65, 0xB8, 0x5D, 0xB8, 0x65, 0xB8,
    0x65, 0xB8, 0x5D, 0xB8, 0x65, 0xB8, 0x5D, 0xB8, 0x5D, 0xB8, 0x5D, 0xB8, 0x5D, 0xB8, 0x5D, 0xB8,
    0x5D, 0xB8, 0x5D, 0xB8, 0x5D, 0xB8, 0x5D, 0xB8, 0x5D, 0xB8, 0x5D, 0xB8, 0x5D, 0xB8, 0x5D, 0xB8,
    0x5D, 0xB8, 0x5D, 0xB8, 0x5D, 0xB8, 0x5D, 0xB8, 0x5D, 0xB8, 0x5D, 0xB8, 0x5D, 0xB8, 0x5D, 0xB8,
    0x5D, 0xB8, 0x5D, 0xB8, 0x5D, 0xB8, 0x5D, 0xB9, 0x5D, 0xB8, 0x5D, 0xB8, 0x5D, 0x98, 0x5D, 0xB8,
    0x5D, 0xB8, 0x5D, 0x98, 0x5D, 0x98, 0x55, 0xBA, 0x55, 0xDB, 0x5D, 0xFD, 0x5D, 0xFD, 0x5D, 0xFD,
    0x5D, 0xFD, 0x65, 0xFD, 0x6D, 0xBC, 0x54, 0x76, 0x21, 0xEB, 0x00, 0x23, 0x00, 0x03, 0x00, 0x03,
    0x00, 0x03, 0x00, 0x24, 0x08, 0x46, 0x00, 0x25, 0x00, 0x05, 0x08, 0x25, 0x08, 0x25, 0x00, 0x25,
    0x00, 0x26, 0x08, 0x26, 0x08, 0x46, 0x00, 0x25, 0x00, 0x25, 0x00, 0x25, 0x00, 0x04, 0x00, 0x04,
    0x21, 0xCA, 0x6D, 0x18, 0x6D, 0xDD, 0x65, 0xFD, 0x65, 0xFD, 0x65, 0xFD, 0x6D, 0xBB, 0x3B, 0x0F,
    0x00, 0x23, 0x10, 0x03, 0x08, 0x45, 0x11, 0x29, 0x19, 0xAB, 0x01, 0x2A, 0x01, 0x4B, 0x09, 0xCC,
    0x09, 0xCD, 0x01, 0xED, 0x01, 0xED, 0x01, 0xED, 0x02, 0x0D, 0x02, 0x0D, 0x02, 0x0D, 0x02, 0x0D,
    0x01, 0xED, 0x01, 0xED, 0x01, 0xED, 0x02, 0x0D, 0x02, 0x0D, 0x02, 0x0D, 0x02, 0x0D, 0x02, 0x0D,
    0x0A, 0x0D, 0x09, 0xED, 0x09, 0xCC, 0x01, 0x2A, 0x09, 0x8B, 0x11, 0xCC, 0x01, 0x8B, 0x01, 0x4A,
    0x01, 0x6A, 0x01, 0x8B, 0x09, 0xCC, 0x09, 0xED, 0x09, 0xED, 0x0A, 0x0D, 0x0A, 0x0D, 0x02, 0x0D,
    0x01, 0xED, 0x02, 0x0D, 0x02, 0x0D, 0x02, 0x0D, 0x02, 0x0D, 0x02, 0x0D, 0x09, 0xED, 0x09, 0xED,
    0x09, 0xED, 0x09, 0xED, 0x12, 0x0D, 0x21, 0xED, 0x5D, 0xB9, 0x5D, 0xB9, 0x65, 0xB8, 0x5D, 0xB9,
    0x65, 0xB9, 0x65, 0xB8, 0x65, 0xB8, 0x65, 0xB8, 0x65, 0xB8, 0x65, 0xB8, 0x65, 0xB8, 0x5D, 0xB8,
    0x5D, 0xB8, 0x5D, 0xB8, 0x5D, 0xB8, 0x5D, 0xB8, 0x5D, 0xB8, 0x5D, 0xB8, 0x5D, 0xB8, 0x5D, 0xB8,
    0x5D, 0xB8, 0x5D, 0xB8, 0x5D, 0xB8, 0x5D, 0xB8, 0x5D, 0xB8, 0x5D, 0xB8, 0x5D, 0xB8, 0x5D, 0xB8,
    0x5D, 0xB8, 0x5D, 0xB8, 0x5D, 0xB8, 0x5D, 0xB8, 0x5D, 0xB8, 0x65, 0xB8, 0x5D, 0xB8, 0x5D, 0xB8,
    0x5D, 0xB8, 0x5D, 0xB8, 0x5D, 0xB8, 0x5D, 0xB8, 0x5D, 0xB8, 0x5D, 0xB8, 0x5D, 0xB8, 0x5D, 0xB8,
    0x5D, 0x99, 0x5D, 0xB9, 0x5D, 0xDC, 0x5D, 0xFD, 0x5D, 0xFD, 0x5D, 0xFD, 0x5D, 0xFE, 0x65, 0xFD,
    0x65, 0x19, 0x3A, 0xEF, 0x00, 0x66, 0x00, 0x24, 0x00, 0x23, 0x00, 0x02, 0x00, 0x04, 0x00, 0x25,
    0x08, 0x46, 0x10, 0x87, 0x00, 0x25, 0x08, 0x66, 0x18, 0xE8, 0x10, 0x87, 0x08, 0x47, 0x08, 0x47,
    0x18, 0xA8, 0x18, 0xC8, 0x08, 0x66, 0x00, 0x04, 0x00, 0x04, 0x00, 0x04, 0x2A, 0x0B, 0x64, 0xF8,
    0x6D, 0xDD, 0x65, 0xFE, 0x66, 0x1D, 0x5D, 0xFC, 0x65, 0xBC, 0x43, 0x92, 0x00, 0x44, 0x08, 0x23,
    0x08, 0x24, 0x10, 0xC7, 0x19, 0x8B, 0x09, 0x8B, 0x09, 0x8B, 0x11, 0xED, 0x09, 0xED, 0x09, 0xED,
    0x01, 0xED, 0x01, 0xED, 0x01, 0xED, 0x02, 0x0D, 0x02, 0x0D, 0x02, 0x0D, 0x02, 0x2E, 0x02, 0x0D,
    0x01, 0xED, 0x01, 0xED, 0x01, 0xED, 0x01, 0xED, 0x02, 0x0D, 0x0A, 0x0D, 0x0A, 0x0D, 0x09, 0xED,
    0x09, 0x8B, 0x01, 0x2A, 0x11, 0xAC, 0x19, 0xED, 0x09, 0x6B, 0x01, 0x2A, 0x01, 0x4A, 0x01, 0x6B,
    0x09, 0xCC, 0x09, 0xED, 0x09, 0xED, 0x09, 0xED, 0x02, 0x0D, 0x02, 0x0D, 0x01, 0xED, 0x02, 0x0D,
    0x02, 0x0D, 0x02, 0x0D, 0x02, 0x0D, 0x02, 0x0D, 0x02, 0x0D, 0x01, 0xED, 0x09, 0xED, 0x09, 0xED,
    0x09, 0xED, 0x11, 0xED, 0x21, 0xED, 0x5D, 0xB9, 0x5D, 0xB9, 0x5D, 0xB8, 0x5D, 0xB8, 0x65, 0xB9,
    0x65, 0xB8, 0x65, 0xB8, 0x65, 0xB8, 0x65, 0xB8, 0x65, 0xB8, 0x65, 0xB8, 0x65, 0xB8, 0x65, 0xB8,
    0x5D, 0xB8, 0x5D, 0xB8, 0x5D, 0xB8, 0x65, 0xB8, 0x5D, 0xB8, 0x5D, 0xB8, 0x5D, 0xB8, 0x5D, 0xB8,
    0x5D, 0xB8, 0x5D, 0xB8, 0x5D, 0xB8, 0x5D, 0xB8, 0x5D, 0xB8, 0x5D, 0xB8, 0x5D, 0xB8, 0x5D, 0xB8,
    0x5D, 0xB8, 0x5D, 0xB8, 0x5D, 0xB8, 0x5D, 0xB8, 0x5D, 0xB8, 0x5D, 0xB8, 0x5D, 0xB8, 0x5D, 0xB8,
    0x5D, 0xB8, 0x5D, 0xB8, 0x5D, 0xB8, 0x5D, 0xB8, 0x5D, 0x98, 0x5D, 0xB8, 0x5D, 0xB8, 0x5D, 0xB9,
    0x65, 0xBB, 0x5D, 0xFC, 0x5D, 0xFD, 0x5D, 0xFD, 0x5D, 0xFD, 0x65, 0xDD, 0x5C, 0xD8, 0x19, 0x69,
    0x00, 0x04, 0x00, 0x24, 0x00, 0x24, 0x00, 0x04, 0x00, 0x05, 0x00, 0x26, 0x00, 0x26, 0x00, 0x26,
    0x00, 0x26, 0x00, 0x26, 0x00, 0x46, 0x08, 0x68, 0x10, 0x89, 0x10, 0x88, 0x10, 0x88, 0x08, 0x46,
    0x00, 0x05, 0x00, 0x03, 0x00, 0x03, 0x00, 0x24, 0x32, 0xAE, 0x6D, 0x39, 0x65, 0xDC, 0x65, 0xFD,
    0x66, 0x1D, 0x65, 0xFD, 0x6D, 0xDC, 0x54, 0x56, 0x08, 0xC7, 0x10, 0x24, 0x10, 0x65, 0x08, 0x45,
    0x19, 0x49, 0x09, 0x6A, 0x09, 0x6B, 0x11, 0xED, 0x12, 0x0D, 0x0A, 0x0D, 0x01, 0xED, 0x01, 0xED,
    0x02, 0x0D, 0x02, 0x0D, 0x02, 0x0D, 0x02, 0x0D, 0x02, 0x0D, 0x02, 0x0D, 0x02, 0x0D, 0x01, 0xED,
    0x01, 0xED, 0x01, 0xED, 0x01, 0xED, 0x0A, 0x0D, 0x0A, 0x0D, 0x12, 0x0D, 0x09, 0xAC, 0x01, 0x2A,
    0x11, 0x8B, 0x11, 0xAC, 0x09, 0x4B, 0x01, 0x2A, 0x01, 0x6B, 0x01, 0xAC, 0x09, 0xED, 0x0A, 0x0D,
    0x09, 0xED, 0x09, 0xED, 0x01, 0xED, 0x01, 0xED, 0x01, 0xED, 0x01, 0xED, 0x01, 0xED, 0x02, 0x0D,
    0x02, 0x0D, 0x02, 0x0D, 0x02, 0x0D, 0x02, 0x0D, 0x01, 0xED, 0x09, 0xED, 0x09, 0xED, 0x09, 0xED,
    0x11, 0xED, 0x19, 0xED, 0x5D, 0xB9, 0x5D, 0xB9, 0x5D, 0xB8, 0x5D, 0xB9, 0x65, 0xB9, 0x65, 0xB8,
    0x65, 0xB8, 0x65, 0xB8, 0x65, 0xB8, 0x65, 0xB8, 0x65, 0xB8, 0x65, 0xB8, 0x65, 0xB8, 0x5D, 0xB8,
    0x5D, 0xB8, 0x65, 0xB8, 0x65, 0xB8, 0x5D, 0xB8, 0x5D, 0xB8, 0x5D, 0xB8, 0x5D, 0xB8, 0x5D, 0xB8,
    0x5D, 0xB8, 0x5D, 0xB8, 0x5D, 0xB8, 0x5D, 0xB8, 0x5D, 0xB8, 0x5D, 0xB8, 0x5D, 0xB8, 0x5D, 0xB8,
    0x5D, 0xB8, 0x5D, 0xB8, 0x5D, 0xB8, 0x5D, 0xB8, 0x5D, 0xB8, 0x5D, 0xB8, 0x5D, 0xB8, 0x5D, 0xB8,
    0x5D, 0xB8, 0x5D, 0xB8, 0x5D, 0x98, 0x5D, 0x98, 0x5D, 0x98, 0x5D, 0x98, 0x5D, 0xDA, 0x5D, 0xDC,
    0x65, 0xFD, 0x66, 0x1D, 0x66, 0x1D, 0x65, 0xBB, 0x54, 0x35, 0x19, 0x48, 0x00, 0x24, 0x00, 0x04,
    0x00, 0x05, 0x00, 0x26, 0x00, 0x47, 0x08, 0x69, 0x10, 0xC9, 0x08, 0x47, 0x08, 0x47, 0x10, 0x68,
    0x10, 0x68, 0x08, 0x48, 0x08, 0x68, 0x10, 0x88, 0x10, 0x88, 0x10, 0x67, 0x00, 0x05, 0x00, 0x04,
    0x00, 0x03, 0x00, 0x44, 0x3B, 0x30, 0x6D, 0x9A, 0x65, 0xFD, 0x65, 0xFD, 0x65, 0xFD, 0x66, 0x1D,
    0x65, 0xFD, 0x65, 0x19, 0x21, 0xCB, 0x10, 0x66, 0x18, 0x86, 0x18, 0xE7, 0x10, 0xE8, 0x11, 0x6A,
    0x01, 0x6A, 0x11, 0xED, 0x11, 0xED, 0x0A, 0x0D, 0x0A, 0x0D, 0x02, 0x0D, 0x02, 0x0D, 0x02, 0x0D,
    0x02, 0x0D, 0x02, 0x0D, 0x02, 0x0D, 0x02, 0x0D, 0x01, 0xED, 0x01, 0xED, 0x02, 0x0D, 0x02, 0x0D,
    0x02, 0x0D, 0x0A, 0x0D, 0x09, 0xED, 0x09, 0xCD, 0x09, 0x8B, 0x01, 0x4A, 0x11, 0xAC, 0x11, 0x8C,
    0x09, 0x6B, 0x01, 0x2A, 0x01, 0x4A, 0x09, 0xAC, 0x09, 0xED, 0x0A, 0x0D, 0x0A, 0x0D, 0x09, 0xED,
    0x01, 0xED, 0x01, 0xED, 0x01, 0xED, 0x01, 0xED, 0x01, 0xED, 0x02, 0x0D, 0x02, 0x0D, 0x02, 0x0D,
    0x02, 0x0D, 0x02, 0x0D, 0x02, 0x0D, 0x01, 0xED, 0x01, 0xED, 0x09, 0xED, 0x0A, 0x0D, 0x09, 0xED,
    0x19, 0xED, 0x5D, 0xB9, 0x5D, 0xB9, 0x5D, 0xB8, 0x5D, 0xB9, 0x65, 0xB9, 0x65, 0xB8, 0x65, 0xB8,
    0x65, 0xB8, 0x5D, 0xB8, 0x65, 0xB8, 0x65, 0xB8, 0x65, 0xB8, 0x65, 0xB8, 0x5D, 0xB8, 0x65, 0xB8,
    0x5D, 0xB8, 0x5D, 0xB8, 0x5D, 0xB8, 0x5D, 0xB8, 0x5D, 0xB8, 0x5D, 0xB8, 0x5D, 0xB8, 0x5D, 0xB8,
    0x5D, 0xB8, 0x5D, 0xB8, 0x5D, 0xB8, 0x5D, 0xB8, 0x5D, 0xB8, 0x5D, 0xB8, 0x65, 0xB8, 0x5D, 0xB8,
    0x65, 0xB8, 0x5D, 0xB8, 0x5D, 0xB8, 0x5D, 0xB8, 0x5D, 0xB8, 0x5D, 0xB8, 0x5D, 0xB8, 0x5D, 0xB8,
    0x5D, 0xB8, 0x5D, 0x98, 0x5D, 0xB8, 0x5D, 0x98, 0x5D, 0xB9, 0x5D, 0xDB, 0x5D, 0xFD, 0x66, 0x1D,
    0x65, 0xFD, 0x65, 0x9B, 0x3B, 0x10, 0x00, 0x24, 0x00, 0x03, 0x00, 0x05, 0x00, 0x06, 0x08, 0x69,
    0x08, 0xAA, 0x10, 0xEB, 0x10, 0xEB, 0x08, 0xA9, 0x10, 0xC9, 0x18, 0xEA, 0x10, 0xA9, 0x10, 0x89,
    0x10, 0x89, 0x08, 0x68, 0x08, 0x26, 0x00, 0x25, 0x00, 0x26, 0x00, 0x26, 0x00, 0x26, 0x11, 0x08,
    0x4B, 0xD3, 0x6D, 0xBB, 0x65, 0xFD, 0x5D, 0xFE, 0x5D, 0xFD, 0x5D, 0xFD, 0x65, 0xFD, 0x65, 0x5A,
    0x22, 0x2C, 0x10, 0x86, 0x29, 0x48, 0x42, 0x2C, 0x08, 0xA7, 0x11, 0x29, 0x11, 0x6B, 0x11, 0xCC,
    0x11, 0xED, 0x09, 0xED, 0x0A, 0x0D, 0x02, 0x0D, 0x02, 0x0D, 0x02, 0x0D, 0x01, 0xED, 0x02, 0x0D,
    0x02, 0x0D, 0x02, 0x0D, 0x02, 0x0D, 0x02, 0x0D, 0x02, 0x0D, 0x02, 0x0D, 0x02, 0x0D, 0x09, 0xED,
    0x0A, 0x0D, 0x11, 0xED, 0x01, 0x6B, 0x01, 0x4A, 0x11, 0xAC, 0x09, 0x6B, 0x01, 0x4A, 0x01, 0x2A,
    0x01, 0x4A, 0x09, 0xAC, 0x09, 0xCD, 0x09, 0xED, 0x0A, 0x0D, 0x02, 0x0D, 0x02, 0x0D, 0x02, 0x0D,
    0x01, 0xED, 0x02, 0x0D, 0x02, 0x0D, 0x02, 0x0D, 0x02, 0x0D, 0x02, 0x0D, 0x02, 0x0D, 0x02, 0x0D,
    0x02, 0x0D, 0x02, 0x0D, 0x02, 0x0D, 0x0A, 0x0D, 0x0A, 0x0D, 0x0A, 0x0D, 0x0A, 0x0D, 0x19, 0xED,
    0x5D, 0xB9, 0x5D, 0xB9, 0x5D, 0xB8, 0x5D, 0xB8, 0x65, 0xB9, 0x5D, 0xB8, 0x65, 0xB8, 0x65, 0xB8,
    0x5D, 0xB8, 0x65, 0xB8, 0x65, 0xB8, 0x65, 0xB8, 0x65, 0xB8, 0x65, 0xB8, 0x65, 0xB8, 0x5D, 0xB8,
    0x5D, 0xB8, 0x5D, 0xB8, 0x5D, 0xB8, 0x5D, 0xB8, 0x5D, 0xB8, 0x5D, 0xB8, 0x5D, 0xB8, 0x5D, 0xB8,
    0x5D, 0xB8, 0x5D, 0xB8, 0x5D, 0xB8, 0x5D, 0xB8, 0x5D, 0xB8, 0x5D, 0xB8, 0x5D, 0xB8, 0x65, 0xB8,
    0x5D, 0xB8, 0x5D, 0xB8, 0x5D, 0xB8, 0x5D, 0xB8, 0x5D, 0xB8, 0x5D, 0xB8, 0x5D, 0xB8, 0x5D, 0xB8,
    0x5D, 0xB8, 0x5D, 0xB8, 0x5D, 0xB9, 0x5D, 0xDA, 0x5D, 0xFC, 0x65, 0xFD, 0x6D, 0xFD, 0x5D, 0x19,
    0x2A, 0x6D, 0x00, 0x24, 0x00, 0x03, 0x00, 0x05, 0x00, 0x48, 0x08, 0x8A, 0x11, 0x0D, 0x19, 0x2D,
    0x19, 0x2D, 0x08, 0xAA, 0x10, 0xA9, 0x21, 0x2C, 0x10, 0xAA, 0x10, 0x89, 0x18, 0xCA, 0x10, 0xA9,
    0x00, 0x26, 0x00, 0x05, 0x00, 0x26, 0x08, 0x68, 0x00, 0x68, 0x22, 0x0D, 0x64, 0xD8, 0x6D, 0xDC,
    0x65, 0xFD, 0x5D, 0xFD, 0x5D, 0xFD, 0x5D, 0xFD, 0x65, 0xFD, 0x6D, 0x9A, 0x32, 0xCF, 0x08, 0x25,
    0x31, 0xA9, 0x52, 0xCE, 0x31, 0xCA, 0x00, 0xA7, 0x00, 0xE8, 0x09, 0x8B, 0x1A, 0x2D, 0x0A, 0x0D,
    0x02, 0x0D, 0x02, 0x0D, 0x02, 0x0D, 0x02, 0x0D, 0x01, 0xED, 0x01, 0xED, 0x01, 0xED, 0x01, 0xED,
    0x01, 0xED, 0x01, 0xED, 0x02, 0x0D, 0x02, 0x0D, 0x02, 0x0D, 0x09, 0xED, 0x09, 0xED, 0x09, 0xCC,
    0x01, 0x4A, 0x01, 0x6B, 0x09, 0x6B, 0x01, 0x4A, 0x09, 0x6B, 0x01, 0x4A, 0x09, 0x8B, 0x09, 0xCD,
    0x09, 0xED, 0x09, 0xED, 0x0A, 0x0D, 0x02, 0x0D, 0x02, 0x0D, 0x02, 0x0D, 0x02, 0x0D, 0x02, 0x0D,
    0x01, 0xED, 0x01, 0xED, 0x02, 0x0D, 0x02, 0x0D, 0x02, 0x0D, 0x02, 0x0D, 0x02, 0x0D, 0x02, 0x0D,
    0x02, 0x0D, 0x02, 0x0D, 0x0A, 0x0D, 0x0A, 0x0D, 0x0A, 0x0D, 0x0A, 0x0E, 0x11, 0xED, 0x5D, 0xB9,
    0x5D, 0xB9, 0x5D, 0xB8, 0x5D, 0xB9, 0x5D, 0xB9, 0x5D, 0xB8, 0x5D, 0xB8, 0x5D, 0xB8, 0x5D, 0xB8,
    0x65, 0xB8, 0x65, 0xB8, 0x65, 0xB8, 0x65, 0xB8, 0x65, 0xB8, 0x5D, 0xB8, 0x5D, 0xB8, 0x5D, 0xB8,
    0x5D, 0xB8, 0x5D, 0xB8, 0x5D, 0xB8, 0x5D, 0xB8, 0x5D, 0xB8, 0x5D, 0xB8, 0x5D, 0xB8, 0x5D, 0xB8,
    0x5D, 0xB8, 0x5D, 0xB8, 0x5D, 0xB8, 0x5D, 0xB8, 0x5D, 0xB8, 0x5D, 0xB8, 0x5D, 0xB8, 0x5D, 0xB8,
    0x5D, 0xB9, 0x5D, 0xB9, 0x5D, 0xB9, 0x5D, 0xB8, 0x5D, 0xB8, 0x5D, 0xB8, 0x5D, 0xB8, 0x5D, 0xB8,
    0x5D, 0x98, 0x55, 0x99, 0x5D, 0xDB, 0x65, 0xFD, 0x65, 0xFD, 0x5D, 0x19, 0x19, 0xCA, 0x00, 0x03,
    0x00, 0x04, 0x08, 0x67, 0x11, 0x0B, 0x21, 0x8E, 0x21, 0x8F, 0x21, 0x8F, 0x19, 0x6E, 0x08, 0xCC,
    0x08, 0xAA, 0x21, 0x6D, 0x29, 0x6D, 0x21, 0x2D, 0x21, 0x2B, 0x10, 0xA9, 0x00, 0x26, 0x00, 0x06,
    0x00, 0x27, 0x00, 0x68, 0x00, 0xC9, 0x3A, 0xF1, 0x6D, 0x5A, 0x6D, 0xDC, 0x5D, 0xFD, 0x5D, 0xFE,
    0x5D, 0xFD, 0x5D, 0xFD, 0x5D, 0xFD, 0x6D, 0xBB, 0x3B, 0x51, 0x00, 0x44, 0x10, 0x85, 0x4A, 0xCE,
    0x4A, 0xAE, 0x08, 0x86, 0x00, 0xA7, 0x01, 0x09, 0x09, 0xCC, 0x12, 0x2D, 0x0A, 0x0D, 0x02, 0x0D,
    0x02, 0x0D, 0x02, 0x0D, 0x01, 0xED, 0x01, 0xED, 0x01, 0xED, 0x01, 0xED, 0x01, 0xED, 0x01, 0xCD,
    0x01, 0xED, 0x02, 0x0D, 0x0A, 0x0D, 0x0A, 0x0D, 0x09, 0xED, 0x09, 0xAC, 0x01, 0x4A, 0x01, 0x4A,
    0x01, 0x4B, 0x01, 0x4A, 0x01, 0x2A, 0x01, 0x4A, 0x09, 0xAC, 0x11, 0xED, 0x09, 0xED, 0x09, 0xED,
    0x0A, 0x0D, 0x02, 0x0D, 0x02, 0x0D, 0x02, 0x0D, 0x02, 0x0D, 0x01, 0xED, 0x02, 0x0D, 0x02, 0x0D,
    0x01, 0xED, 0x02, 0x0D, 0x02, 0x0D, 0x02, 0x0D, 0x02, 0x0D, 0x02, 0x0D, 0x02, 0x0D, 0x02, 0x0D,
    0x0A, 0x0D, 0x0A, 0x0D, 0x0A, 0x0D, 0x09, 0xED, 0x09, 0xED, 0x19, 0xCD, 0x5D, 0xB9, 0x5D, 0xB9,
    0x5D, 0xB9, 0x5D, 0xB9, 0x65, 0xB9, 0x65, 0xB9, 0x65, 0xB9, 0x65, 0xB9, 0x65, 0xB9, 0x65, 0xB9,
    0x65, 0xB8, 0x65, 0xB8, 0x65, 0xB8, 0x65, 0xB8, 0x65, 0xB8, 0x5D, 0xB9, 0x5D, 0xB9, 0x5D, 0xB9,
    0x5D, 0xB9, 0x5D, 0xB9, 0x5D, 0xB9, 0x5D, 0xB9, 0x5D, 0xB8, 0x5D, 0xB8, 0x5D, 0xB8, 0x5D, 0xB8,
    0x5D, 0xB8, 0x5D, 0xB8, 0x5D, 0xB8, 0x5D, 0xB8, 0x5D, 0xB8, 0x5D, 0xB8, 0x5D, 0xB8, 0x5D, 0xB8,
    0x5D, 0xB8, 0x5D, 0xB8, 0x5D, 0xB9, 0x5D, 0xB8, 0x5D, 0xB8, 0x5D, 0xB8, 0x5D, 0xB9, 0x5D, 0xB8,
    0x5D, 0xB9, 0x5D, 0xFC, 0x65, 0xDC, 0x5C, 0xF8, 0x2A, 0x4D, 0x00, 0x04, 0x00, 0x04, 0x08, 0x47,
    0x21, 0x2D, 0x21, 0xAF, 0x21, 0xD0, 0x21, 0xD0, 0x21, 0xD0, 0x19, 0x6E, 0x08, 0xAB, 0x19, 0x0B,
    0x21, 0x6D, 0x21, 0x6C, 0x10, 0xA9, 0x00, 0x27, 0x00, 0x27, 0x00, 0x27, 0x00, 0x27, 0x00, 0x27,
    0x19, 0xCC, 0x5C, 0xB8, 0x6D, 0xBC, 0x65, 0xFD, 0x5D, 0xFD, 0x5D, 0xFE, 0x5D, 0xFE, 0x5D, 0xFD,
    0x5D, 0xDC, 0x65, 0x9B, 0x43, 0x92, 0x19, 0x49, 0x00, 0x24, 0x42, 0x6C, 0x53, 0x30, 0x21, 0x69,
    0x00, 0x66, 0x01, 0x09, 0x11, 0xCC, 0x11, 0xED, 0x0A, 0x0D, 0x0A, 0x0D, 0x02, 0x0D, 0x02, 0x0D,
    0x02, 0x0D, 0x01, 0xED, 0x01, 0xED, 0x01, 0xED, 0x01, 0xED, 0x01, 0xED, 0x01, 0xED, 0x01, 0xED,
    0x09, 0xED, 0x0A, 0x0D, 0x11, 0xED, 0x01, 0x6B, 0x01, 0x2A, 0x01, 0x2A, 0x01, 0x6B, 0x01, 0x8B,
    0x01, 0x6B, 0x01, 0x8B, 0x09, 0xCC, 0x11, 0xED, 0x0A, 0x0D, 0x0A, 0x0D, 0x0A, 0x0D, 0x09, 0xED,
    0x0A, 0x0D, 0x02, 0x0D, 0x02, 0x0D, 0x02, 0x0D, 0x0A, 0x0E, 0x0A, 0x2E, 0x02, 0x0D, 0x02, 0x0D,
    0x02, 0x0D, 0x02, 0x0D, 0x02, 0x0D, 0x02, 0x0D, 0x02, 0x0D, 0x02, 0x0D, 0x02, 0x0D, 0x0A, 0x0D,
    0x0A, 0x0D, 0x0A, 0x0D, 0x0A, 0x0D, 0x09, 0xCD, 0x11, 0xCD, 0x5D, 0xB8, 0x5D, 0xB9, 0x5D, 0xB9,
    0x5D, 0xB9, 0x5D, 0xB9, 0x5D, 0xB9, 0x5D, 0xB9, 0x5D, 0xB9, 0x5D, 0xB9, 0x5D, 0xB8, 0x5D, 0xB8,
    0x65, 0xB8, 0x65, 0xB8, 0x5D, 0xB8, 0x5D, 0xB8, 0x65, 0xB9, 0x5D, 0xB9, 0x5D, 0xB9, 0x5D, 0xB9,
    0x5D, 0xB9, 0x5D, 0xB9, 0x5D, 0xB9, 0x5D, 0xB8, 0x5D, 0xB8, 0x5D, 0xB8, 0x5D, 0xB8, 0x5D, 0xB8,
    0x65, 0xB8, 0x65, 0xB8, 0x5D, 0xB8, 0x5D, 0xB8, 0x5D, 0xB8, 0x5D, 0xB8, 0x5D, 0xB8, 0x5D, 0xB8,
    0x5D, 0xB8, 0x5D, 0xB8, 0x5D, 0xB9, 0x5D, 0xB9, 0x5D, 0xB8, 0x5D, 0xB9, 0x5D, 0xB9, 0x5D, 0xDA,
    0x65, 0xDC, 0x54, 0xF9, 0x22, 0x6E, 0x00, 0x66, 0x00, 0x25, 0x00, 0x26, 0x19, 0x0C, 0x29, 0xB0,
    0x29, 0xD0, 0x21, 0xD0, 0x21, 0xD1, 0x21, 0xD0, 0x11, 0x4E, 0x00, 0xAB, 0x08, 0x8A, 0x08, 0xAA,
    0x08, 0xA9, 0x08, 0x68, 0x08, 0x68, 0x00, 0x68, 0x00, 0x89, 0x00, 0xA9, 0x3B, 0x52, 0x65, 0x5B,
    0x65, 0xFD, 0x5D, 0xFD, 0x5D, 0xFD, 0x5D, 0xFD, 0x5D, 0xFD, 0x55, 0xDC, 0x5D, 0xDB, 0x65, 0x79,
    0x43, 0x92, 0x19, 0xAA, 0x11, 0x07, 0x29, 0xEA, 0x53, 0x91, 0x42, 0xCE, 0x00, 0x66, 0x00, 0xA7,
    0x11, 0xAB, 0x12, 0x0D, 0x12, 0x0D, 0x0A, 0x0D, 0x02, 0x0D, 0x02, 0x0D, 0x02, 0x0D, 0x02, 0x0D,
    0x02, 0x0D, 0x01, 0xED, 0x01, 0xED, 0x01, 0xED, 0x02, 0x0D, 0x0A, 0x0D, 0x0A, 0x0D, 0x12, 0x0D,
    0x11, 0xED, 0x01, 0x8B, 0x01, 0x09, 0x01, 0x4A, 0x09, 0x8B, 0x01, 0x6B, 0x01, 0x6B, 0x09, 0xCC,
    0x11, 0xED, 0x09, 0xED, 0x09, 0xED, 0x0A, 0x0D, 0x0A, 0x0E, 0x09, 0xED, 0x09, 0xED, 0x0A, 0x0D,
    0x02, 0x0D, 0x02, 0x0D, 0x02, 0x0D, 0x0A, 0x2E, 0x0A, 0x2E, 0x02, 0x0D, 0x02, 0x0D, 0x02, 0x0D,
    0x02, 0x0D, 0x02, 0x0D, 0x01, 0xED, 0x02, 0x0D, 0x02, 0x0D, 0x02, 0x0D, 0x0A, 0x0D, 0x0A, 0x0D,
    0x0A, 0x0E, 0x0A, 0x0E, 0x09, 0xED, 0x11, 0xCD, 0x5D, 0xB8, 0x5D, 0xB8, 0x5D, 0xB9, 0x5D, 0xB9,
    0x5D, 0xB9, 0x5D, 0xB9, 0x5D, 0xB9, 0x5D, 0xB9, 0x5D, 0xB9, 0x5D, 0xB8, 0x5D, 0xB8, 0x5D, 0xB8,
    0x65, 0xB8, 0x5D, 0xB8, 0x5D, 0xB8, 0x5D, 0xB9, 0x5D, 0xB9, 0x5D, 0xB9, 0x5D, 0xB9, 0x5D, 0xB9,
    0x5D, 0xB9, 0x5D, 0xB9, 0x5D, 0xB8, 0x5D, 0xB8, 0x5D, 0xB8, 0x5D, 0xB8, 0x5D, 0xB8, 0x65, 0xB8,
    0x5D, 0xB8, 0x5D, 0xB8, 0x5D, 0xB8, 0x5D, 0xB8, 0x5D, 0xB8, 0x5D, 0xB8, 0x5D, 0xB8, 0x5D, 0xB8,
    0x5D, 0xB8, 0x5D, 0xB8, 0x5D, 0xB8, 0x5D, 0xB8, 0x5D, 0xB9, 0x5D, 0xB9, 0x65, 0xDA, 0x65, 0x9B,
    0x33, 0x31, 0x08, 0xE8, 0x18, 0xC8, 0x10, 0x88, 0x10, 0xA9, 0x31, 0xD0, 0x29, 0xF0, 0x29, 0xF0,
    0x21, 0xF0, 0x21, 0xF1, 0x21, 0xF0, 0x21, 0xAF, 0x19, 0x4E, 0x19, 0x6D, 0x21, 0x6D, 0x19, 0x2C,
    0x10, 0xCA, 0x00, 0x89, 0x09, 0x4C, 0x1A, 0x70, 0x4C, 0x77, 0x65, 0xBC, 0x65, 0xFD, 0x5D, 0xFD,
    0x5D, 0xFD, 0x55, 0xFD, 0x5D, 0xFD, 0x55, 0xDC, 0x5D, 0xBB, 0x65, 0x59, 0x3B, 0x51, 0x19, 0x8A,
    0x21, 0xAA, 0x32, 0x6D, 0x64, 0x33, 0x5B, 0xD2, 0x19, 0x69, 0x00, 0xA7, 0x11, 0x6B, 0x11, 0xCC,
    0x12, 0x0D, 0x0A, 0x2E, 0x0A, 0x2D, 0x0A, 0x2E, 0x02, 0x2E, 0x02, 0x0D, 0x02, 0x0D, 0x0A, 0x0D,
    0x0A, 0x0D, 0x0A, 0x0D, 0x09, 0xED, 0x09, 0xED, 0x0A, 0x0D, 0x11, 0xED, 0x09, 0xAC, 0x01, 0x0A,
    0x01, 0x2A, 0x09, 0x8B, 0x09, 0xAC, 0x01, 0x6B, 0x01, 0x8B, 0x09, 0xEC, 0x0A, 0x0D, 0x09, 0xED,
    0x01, 0xED, 0x01, 0xED, 0x02, 0x0D, 0x02, 0x0D, 0x0A, 0x0E, 0x0A, 0x2E, 0x0A, 0x0D, 0x02, 0x0D,
    0x02, 0x0D, 0x02, 0x0D, 0x02, 0x0D, 0x02, 0x0D, 0x02, 0x0D, 0x02, 0x0D, 0x02, 0x0D, 0x02, 0x0D,
    0x02, 0x0D, 0x01, 0xED, 0x02, 0x0D, 0x02, 0x0D, 0x02, 0x0D, 0x0A, 0x0D, 0x0A, 0x0D, 0x0A, 0x0D,
    0x0A, 0x0D, 0x09, 0xED, 0x11, 0xED, 0x5D, 0xB8, 0x5D, 0xB8, 0x5D, 0xB8, 0x5D, 0xB9, 0x5D, 0xB9,
    0x5D, 0xB9, 0x5D, 0xB9, 0x5D, 0xB9, 0x5D, 0xB9, 0x65, 0xB8, 0x65, 0xB8, 0x65, 0xB8, 0x5D, 0xB8,
    0x65, 0xB8, 0x5D, 0xB8, 0x5D, 0xB9, 0x5D, 0xB9, 0x5D, 0xB9, 0x5D, 0xB9, 0x5D, 0xB9, 0x5D, 0xB9,
    0x5D, 0xB9, 0x65, 0xB8, 0x65, 0xB8, 0x65, 0xB8, 0x5D, 0xB8, 0x5D, 0xB8, 0x5D, 0xB8, 0x5D, 0xB8,
    0x5D, 0xB8, 0x5D, 0xB8, 0x5D, 0xB8, 0x5D, 0xB8, 0x5D, 0xB8, 0x5D, 0xB8, 0x5D, 0xB8, 0x5D, 0xB8,
    0x5D, 0xB8, 0x5D, 0xB8, 0x5D, 0xB8, 0x5D, 0xB9, 0x65, 0xB9, 0x65, 0xDB, 0x65, 0x39, 0x09, 0x29,
    0x00, 0x26, 0x18, 0xC8, 0x18, 0xE9, 0x08, 0x69, 0x29, 0x6E, 0x29, 0xAF, 0x29, 0xD0, 0x21, 0xD0,
    0x21, 0xD0, 0x21, 0xCF, 0x19, 0x8E, 0x19, 0x6D, 0x19, 0x4C, 0x08, 0xCA, 0x00, 0x89, 0x08, 0xEA,
    0x2A, 0xB0, 0x5C, 0xB9, 0x65, 0x7B, 0x5D, 0xDC, 0x5D, 0xFD, 0x5D, 0xFD, 0x5D, 0xFD, 0x55, 0xFD,
    0x55, 0xFD, 0x55, 0xDB, 0x5D, 0x9A, 0x5D, 0x38, 0x3B, 0x50, 0x19, 0x69, 0x29, 0xEB, 0x43, 0x50,
    0x64, 0x94, 0x75, 0x17, 0x4B, 0x2F, 0x00, 0x86, 0x09, 0x4A, 0x19, 0xED, 0x11, 0xED, 0x0A, 0x0D,
    0x0A, 0x2E, 0x0A, 0x2E, 0x02, 0x2E, 0x02, 0x2E, 0x02, 0x2E, 0x0A, 0x2E, 0x0A, 0x0D, 0x12, 0x2E,
    0x12, 0x0D, 0x0A, 0x0D, 0x12, 0x0D, 0x09, 0xCC, 0x01, 0x6B, 0x01, 0x09, 0x09, 0x4A, 0x11, 0xAC,
    0x09, 0x6B, 0x01, 0x6B, 0x09, 0xEC, 0x09, 0xED, 0x09, 0xED, 0x09, 0xED, 0x01, 0xED, 0x01, 0xED,
    0x01, 0xED, 0x01, 0xED, 0x02, 0x0D, 0x0A, 0x2E, 0x0A, 0x0D, 0x02, 0x0D, 0x02, 0x0D, 0x02, 0x0D,
    0x02, 0x0D, 0x02, 0x0D, 0x02, 0x0D, 0x02, 0x0D, 0x02, 0x0D, 0x02, 0x0D, 0x02, 0x0D, 0x02, 0x0D,
    0x02, 0x0D, 0x02, 0x0D, 0x02, 0x0D, 0x02, 0x0D, 0x01, 0xED, 0x0A, 0x0D, 0x0A, 0x0D, 0x0A, 0x0D,
    0x09, 0xED, 0x19, 0xED, 0x5D, 0xB8, 0x5D, 0xB8, 0x5D, 0xB8, 0x5D, 0xB8, 0x5D, 0xB9, 0x5D, 0xB9,
    0x5D, 0xB9, 0x5D, 0xB9, 0x5D, 0xB9, 0x65, 0xB9, 0x5D, 0xB8, 0x5D, 0xB8, 0x5D, 0xB8, 0x5D, 0xB8,
    0x5D, 0xB8, 0x5D, 0xB9, 0x5D, 0xB9, 0x5D, 0xB9, 0x5D, 0xB9, 0x5D, 0xB9, 0x5D, 0xB9, 0x5D, 0xB9,
    0x5D, 0xB8, 0x65, 0xB8, 0x65, 0xB8, 0x5D, 0xB8, 0x5D, 0xB8, 0x5D, 0xB8, 0x5D, 0xB8, 0x5D, 0xB8,
    0x5D, 0xB8, 0x5D, 0xB8, 0x5D, 0xB8, 0x5D, 0xB8, 0x5D, 0xB8, 0x5D, 0xB8, 0x5D, 0xB8, 0x5D, 0xB8,
    0x5D, 0xB8, 0x5D, 0xB8, 0x5D, 0xB9, 0x65, 0xB9, 0x65, 0xDA, 0x4C, 0x75, 0x00, 0x45, 0x00, 0x25,
    0x08, 0x26, 0x08, 0x87, 0x00, 0x26, 0x08, 0x48, 0x10, 0xAA, 0x21, 0x2C, 0x11, 0x0B, 0x11, 0x0B,
    0x08, 0xC9, 0x00, 0x68, 0x00, 0x47, 0x00, 0x47, 0x00, 0xA9, 0x32, 0xB0, 0x4C, 0x37, 0x65, 0x9C,
    0x65, 0xFD, 0x65, 0xDD, 0x5D, 0xFD, 0x5D, 0xFD, 0x5D, 0xFD, 0x5D, 0xFC, 0x55, 0xDC, 0x55, 0xBB,
    0x55, 0x99, 0x55, 0x17, 0x33, 0x10, 0x11, 0x8A, 0x2A, 0x4C, 0x64, 0x95, 0x75, 0x57, 0x75, 0x78,
    0x64, 0x95, 0x09, 0x07, 0x00, 0xE8, 0x11, 0xCC, 0x11, 0xED, 0x0A, 0x0D, 0x0A, 0x0D, 0x0A, 0x0D,
    0x02, 0x0D, 0x02, 0x0D, 0x02, 0x0D, 0x02, 0x2E, 0x0A, 0x0E, 0x12, 0x0E, 0x1A, 0x2E, 0x12, 0x2D,
    0x12, 0x0D, 0x11, 0xEC, 0x01, 0x4A, 0x01, 0x2A, 0x09, 0x8B, 0x09, 0xAC, 0x01, 0x4A, 0x01, 0x8B,
    0x11, 0xED, 0x0A, 0x0D, 0x0A, 0x0D, 0x01, 0xED, 0x01, 0xED, 0x01, 0xED, 0x01, 0xED, 0x01, 0xED,
    0x02, 0x0D, 0x02, 0x0D, 0x0A, 0x2E, 0x01, 0xED, 0x01, 0xED, 0x02, 0x0D, 0x02, 0x0D, 0x02, 0x0D,
    0x02, 0x0D, 0x01, 0xED, 0x01, 0xED, 0x01, 0xED, 0x01, 0xED, 0x02, 0x0D, 0x02, 0x0D, 0x02, 0x0D,
    0x02, 0x0D, 0x02, 0x0D, 0x02, 0x0D, 0x02, 0x0D, 0x0A, 0x0D, 0x0A, 0x0D, 0x09, 0xED, 0x09, 0xED,
    0x19, 0xCD, 0x5D, 0xB8, 0x5D, 0xB8, 0x5D, 0xB8, 0x5D, 0xB8, 0x5D, 0xB9, 0x5D, 0xB9, 0x5D, 0xB9,
    0x5D, 0xB9, 0x5D, 0xB9, 0x5D, 0xB8, 0x5D, 0xB8, 0x5D, 0xB8, 0x5D, 0xB8, 0x5D, 0xB8, 0x5D, 0xB8,
    0x5D, 0xB8, 0x5D, 0xB9, 0x65, 0xB9, 0x5D, 0xB9, 0x5D, 0xB9, 0x5D, 0xB9, 0x5D, 0xB8, 0x5D, 0xB8,
    0x5D, 0xB8, 0x5D, 0xB8, 0x5D, 0xB8, 0x5D, 0xB8, 0x5D, 0xB8, 0x5D, 0xB8, 0x5D, 0xB8, 0x5D, 0xB8,
    0x5D, 0xB8, 0x5D, 0xB8, 0x5D, 0xB8, 0x5D, 0xB8, 0x5D, 0xB8, 0x5D, 0xB8, 0x5D, 0xB8, 0x5D, 0xB8,
    0x5D, 0xB8, 0x5D, 0xB8, 0x5D, 0xB8, 0x65, 0xDA, 0x5C, 0xD7, 0x00, 0x25, 0x00, 0x05, 0x00, 0x06,
    0x00, 0x05, 0x00, 0x04, 0x00, 0x04, 0x00, 0x04, 0x00, 0x04, 0x00, 0x04, 0x00, 0x05, 0x00, 0x05,
    0x11, 0x49, 0x2A, 0x6E, 0x4B, 0xD4, 0x5C, 0xD8, 0x65, 0x9C, 0x65, 0xBD, 0x65, 0xFD, 0x5D, 0xFD,
    0x5E, 0x1D, 0x5D, 0xFD, 0x5D, 0xFC, 0x5D, 0xDB, 0x5D, 0xBA, 0x55, 0x99, 0x5D, 0x79, 0x4D, 0x17,
    0x23, 0x30, 0x09, 0x8A, 0x32, 0xEF, 0x54, 0x33, 0x75, 0x78, 0x6D, 0x98, 0x75, 0x78, 0x3B, 0x0F,
    0x00, 0xE8, 0x09, 0x8B, 0x09, 0xED, 0x09, 0xED, 0x0A, 0x0D, 0x02, 0x0D, 0x02, 0x0D, 0x02, 0x0D,
    0x02, 0x0D, 0x02, 0x0D, 0x0A, 0x2E, 0x0A, 0x0E, 0x12, 0x2D, 0x1A, 0x2E, 0x12, 0x0D, 0x09, 0xAB,
    0x01, 0x4A, 0x09, 0x8B, 0x11, 0xAC, 0x09, 0x6B, 0x01, 0x6A, 0x09, 0xAC, 0x09, 0xED, 0x0A, 0x0D,
    0x0A, 0x0D, 0x01, 0xED, 0x01, 0xED, 0x01, 0xED, 0x01, 0xED, 0x01, 0xED, 0x01, 0xED, 0x02, 0x0D,
    0x0A, 0x2E, 0x0A, 0x2E, 0x02, 0x0D, 0x01, 0xED, 0x02, 0x0D, 0x02, 0x0D, 0x01, 0xED, 0x01, 0xED,
    0x01, 0xED, 0x01, 0xED, 0x01, 0xED, 0x01, 0xED, 0x02, 0x0D, 0x02, 0x0D, 0x02, 0x0D, 0x02, 0x0D,
    0x02, 0x0D, 0x02, 0x0D, 0x02, 0x0D, 0x0A, 0x0D, 0x0A, 0x0D, 0x09, 0xED, 0x09, 0xED, 0x19, 0xED,
    0x5D, 0x98, 0x5D, 0xB9, 0x5D, 0xB8, 0x5D, 0xB8, 0x5D, 0xB9, 0x5D, 0xB9, 0x5D, 0xB9, 0x5D, 0xB9,
    0x5D, 0xB9, 0x5D, 0xB8, 0x5D, 0xB8, 0x5D, 0xB8, 0x5D, 0xB8, 0x5D, 0xB8, 0x5D, 0xB8, 0x5D, 0xB8,
    0x5D, 0xB8, 0x65, 0xB8, 0x5D, 0xB8, 0x5D, 0xB8, 0x5D, 0xB8, 0x5D, 0xB8, 0x5D, 0xB8, 0x5D, 0xB9,
    0x5D, 0xB9, 0x5D, 0xB9, 0x5D, 0xB8, 0x5D, 0xB8, 0x5D, 0xB8, 0x5D, 0xB8, 0x5D, 0xB8, 0x5D, 0xB8,
    0x5D, 0xB8, 0x5D, 0xB8, 0x5D, 0xB8, 0x5D, 0xB8, 0x5D, 0xB8, 0x5D, 0xB8, 0x5D, 0xB8, 0x5D, 0xB8,
    0x65, 0xB8, 0x5D, 0xB8, 0x5D, 0xB9, 0x65, 0x57, 0x32, 0xCE, 0x11, 0x69, 0x00, 0x46, 0x00, 0x05,
    0x00, 0x05, 0x00, 0x05, 0x00, 0x04, 0x00, 0x65, 0x00, 0xC7, 0x3A, 0xCF, 0x5C, 0x76, 0x6D, 0x5A,
    0x6D, 0xBC, 0x6D, 0xFC, 0x65, 0xFD, 0x65, 0xFD, 0x5D, 0xFD, 0x66, 0x1D, 0x65, 0xFD, 0x5D, 0xFC,
    0x5D, 0xDB, 0x5D, 0xDA, 0x5D, 0xB9, 0x55, 0x99, 0x55, 0x98, 0x5D, 0x58, 0x34, 0x13, 0x1A, 0xAE,
    0x4C, 0x13, 0x5C, 0xB5, 0x6D, 0x57, 0x6D, 0x98, 0x6D, 0x98, 0x6C, 0xF6, 0x11, 0x8A, 0x01, 0x8B,
    0x09, 0xEC, 0x09, 0xED, 0x09, 0xED, 0x0A, 0x0D, 0x02, 0x0D, 0x02, 0x0D, 0x02, 0x0D, 0x02, 0x0D,
    0x0A, 0x0D, 0x0A, 0x0D, 0x12, 0x0D, 0x12, 0x0D, 0x11, 0xCC, 0x01, 0x6B, 0x01, 0x6A, 0x09, 0x8B,
    0x09, 0x8B, 0x01, 0x6B, 0x01, 0xAC, 0x09, 0xCC, 0x09, 0xED, 0x0A, 0x0D, 0x02, 0x0D, 0x01, 0xED,
    0x01, 0xED, 0x01, 0xED, 0x01, 0xED, 0x01, 0xED, 0x01, 0xED, 0x01, 0xED, 0x02, 0x0D, 0x0A, 0x0E,
    0x02, 0x0E, 0x02, 0x0D, 0x01, 0xED, 0x01, 0xED, 0x01, 0xED, 0x01, 0xED, 0x01, 0xED, 0x01, 0xED,
    0x01, 0xED, 0x01, 0xED, 0x01, 0xED, 0x02, 0x0D, 0x02, 0x0D, 0x02, 0x0D, 0x02, 0x0D, 0x02, 0x0D,
    0x02, 0x0D, 0x02, 0x0D, 0x02, 0x0D, 0x09, 0xED, 0x09, 0xED, 0x09, 0xED, 0x11, 0xED, 0x5D, 0xB9,
    0x5D, 0xB9, 0x5D, 0xB8, 0x5D, 0xB8, 0x5D, 0xB9, 0x5D, 0xB9, 0x5D, 0xB9, 0x5D, 0xB9, 0x5D, 0xB9,
    0x5D, 0xB8, 0x5D, 0xB8, 0x5D, 0xB8, 0x5D, 0xB8, 0x5D, 0xB8, 0x5D, 0xB8, 0x5D, 0xB8, 0x5D, 0xB8,
    0x5D, 0xB8, 0x5D, 0xB8, 0x5D, 0xB8, 0x5D, 0xB8, 0x5D, 0xB8, 0x5D, 0xB8, 0x5D, 0xB8, 0x5D, 0xB9,
    0x5D, 0xB9, 0x5D, 0xB8, 0x5D, 0xB8, 0x5D, 0xB8, 0x5D, 0xB8, 0x5D, 0xB8, 0x5D, 0xB8, 0x5D, 0xB8,
    0x5D, 0xB8, 0x5D, 0xB9, 0x5D, 0xB9, 0x5D, 0xB8, 0x5D, 0xB8, 0x5D, 0xB8, 0x5D, 0xB8, 0x5D, 0xB8,
    0x5D, 0xB8, 0x65, 0xB9, 0x6D, 0xB9, 0x6D, 0x78, 0x64, 0xF7, 0x54, 0x54, 0x4B, 0xF3, 0x4B, 0xF3,
    0x4C, 0x14, 0x54, 0x75, 0x5C, 0xD7, 0x5C, 0xF8, 0x75, 0xDB, 0x75, 0xFC, 0x6D, 0xFC, 0x65, 0xFD,
    0x65, 0xFC, 0x65, 0xFC, 0x5D, 0xDC, 0x5D, 0xFB, 0x65, 0xDB, 0x5D, 0xDB, 0x5D, 0xBA, 0x5D, 0x99,
    0x5D, 0x99, 0x5D, 0x98, 0x5D, 0x98, 0x55, 0x57, 0x44, 0x74, 0x44, 0x94, 0x5D, 0x17, 0x6D, 0x78,
    0x6D, 0x98, 0x6D, 0x98, 0x6D, 0x98, 0x6D, 0x98, 0x43, 0x71, 0x01, 0x8A, 0x01, 0xEC, 0x09, 0xED,
    0x0A, 0x0D, 0x02, 0x0D, 0x02, 0x0D, 0x02, 0x0D, 0x02, 0x0D, 0x02, 0x0D, 0x0A, 0x0D, 0x0A, 0x0D,
    0x12, 0x0D, 0x12, 0x0D, 0x09, 0xAB, 0x01, 0x4A, 0x09, 0x8B, 0x11, 0xCC, 0x09, 0x8B, 0x01, 0x8B,
    0x09, 0xEC, 0x0A, 0x0D, 0x0A, 0x0D, 0x02, 0x0D, 0x02, 0x0D, 0x02, 0x0D, 0x02, 0x0D, 0x02, 0x0D,
    0x02, 0x0D, 0x01, 0xED, 0x01, 0xED, 0x02, 0x0D, 0x02, 0x0D, 0x02, 0x0D, 0x02, 0x0D, 0x02, 0x0D,
    0x02, 0x0D, 0x01, 0xED, 0x01, 0xED, 0x01, 0xED, 0x01, 0xED, 0x01, 0xED, 0x01, 0xED, 0x01, 0xED,
    0x01, 0xED, 0x01, 0xED, 0x01, 0xED, 0x02, 0x0D, 0x02, 0x0D, 0x02, 0x0D, 0x02, 0x0D, 0x02, 0x0D,
    0x02, 0x0D, 0x01, 0xED, 0x09, 0xED, 0x09, 0xED, 0x0A, 0x0D, 0x11, 0xED, 0x5D, 0xB8, 0x5D, 0xB8,
    0x5D, 0xB8, 0x5D, 0xB8, 0x5D, 0xB9, 0x5D, 0xB9, 0x5D, 0xB9, 0x5D, 0xB9, 0x5D, 0xB9, 0x5D, 0xB8,
    0x5D, 0xB8, 0x5D, 0xB8, 0x5D, 0xB8, 0x5D, 0xB8, 0x5D, 0xB8, 0x5D, 0xB8, 0x5D, 0xB8, 0x5D, 0xB8,
    0x5D, 0xB8, 0x5D, 0xB8, 0x5D, 0xB8, 0x5D, 0xB8, 0x5D, 0xB8, 0x5D, 0xB8, 0x5D, 0xB9, 0x5D, 0xB9,
    0x5D, 0xB9, 0x5D, 0xB8, 0x5D, 0xB8, 0x5D, 0xB8, 0x5D, 0xB8, 0x5D, 0xB8, 0x5D, 0xB8, 0x5D, 0xB9,
    0x5D, 0xB9, 0x5D, 0xB9, 0x5D, 0xB9, 0x5D, 0xB8, 0x5D, 0xB8, 0x65, 0xB8, 0x5D, 0xB8, 0x5D, 0xB8,
    0x65, 0xB8, 0x65, 0x98, 0x65, 0xB8, 0x65, 0x98, 0x65, 0x99, 0x6D, 0x99, 0x6D, 0x99, 0x6D, 0xBA,
    0x6D, 0xBA, 0x65, 0xBA, 0x6D, 0xDA, 0x65, 0xDA, 0x65, 0xDA, 0x65, 0xDA, 0x65, 0xBA, 0x5D, 0xD9,
    0x5D, 0xB9, 0x5D, 0xB9, 0x5D, 0xB9, 0x5D, 0xB9, 0x5D, 0xB9, 0x5D, 0xB9, 0x5D, 0xB8, 0x5D, 0xB8,
    0x5D, 0xB8, 0x5D, 0x98, 0x5D, 0x77, 0x55, 0x37, 0x65, 0x98, 0x65, 0x98, 0x65, 0x98, 0x65, 0xB8,
    0x6D, 0xB8, 0x6D, 0x98, 0x5C, 0xB5, 0x01, 0x8A, 0x01, 0xCC, 0x01, 0xEC, 0x01, 0xED, 0x02, 0x0D,
    0x02, 0x0D, 0x02, 0x0D, 0x0A, 0x0D, 0x0A, 0x0D, 0x0A, 0x0D, 0x12, 0x0D, 0x12, 0x0D, 0x11, 0xEC,
    0x01, 0x8B, 0x01, 0x4A, 0x01, 0x6B, 0x01, 0x6A, 0x09, 0x8B, 0x12, 0x0D, 0x12, 0x0D, 0x0A, 0x0D,
    0x0A, 0x0D, 0x02, 0x0D, 0x02, 0x0D, 0x02, 0x0D, 0x02, 0x0D, 0x02, 0x0D, 0x02, 0x0D, 0x02, 0x0D,
    0x02, 0x0D, 0x02, 0x0D, 0x02, 0x0D, 0x02, 0x0D, 0x02, 0x0D, 0x02, 0x0D, 0x02, 0x0D, 0x01, 0xED,
    0x01, 0xED, 0x01, 0xED, 0x01, 0xED, 0x01, 0xED, 0x01, 0xED, 0x01, 0xED, 0x01, 0xED, 0x02, 0x0D,
    0x01, 0xED, 0x01, 0xED, 0x02, 0x0D, 0x02, 0x0D, 0x02, 0x0D, 0x02, 0x0D, 0x02, 0x0D, 0x02, 0x0E,
    0x02, 0x0D, 0x01, 0xED, 0x0A, 0x0D, 0x0A, 0x0E, 0x11, 0xED, 0x5D, 0xB8, 0x5D, 0xB8, 0x5D, 0xB8,
    0x5D, 0xB8, 0x5D, 0xB9, 0x5D, 0xB9, 0x5D, 0xB8, 0x5D, 0xB9, 0x5D, 0xB9, 0x5D, 0xB8, 0x5D, 0xB8,
    0x5D, 0xB8, 0x5D, 0xB8, 0x5D, 0xB8, 0x5D, 0xB8, 0x5D, 0xB8, 0x5D, 0xB8, 0x5D, 0xB8, 0x5D, 0xB8,
    0x5D, 0xB8, 0x5D, 0xB8, 0x5D, 0xB9, 0x5D, 0xB8, 0x5D, 0xB8, 0x5D, 0xB8, 0x5D, 0xB9, 0x5D, 0xB9,
    0x5D, 0xB8, 0x5D, 0xB8, 0x5D, 0xB8, 0x5D, 0xB8, 0x5D, 0xB8, 0x5D, 0xB8, 0x5D, 0xB9, 0x5D, 0xB9,
    0x5D, 0xB9, 0x5D, 0xB8, 0x5D, 0xB8, 0x5D, 0xB8, 0x5D, 0xB8, 0x5D, 0xB8, 0x5D, 0xB8, 0x65, 0xB8,
    0x65, 0x98, 0x65, 0xB8, 0x65, 0xB8, 0x65, 0xB8, 0x65, 0xB8, 0x65, 0xB8, 0x65, 0xB9, 0x65, 0xB9,
    0x65, 0xB9, 0x65, 0xB9, 0x65, 0xB9, 0x5D, 0x98, 0x5D, 0x98, 0x5D, 0xB8, 0x5D, 0xB8, 0x5D, 0xB8,
    0x5D, 0x98, 0x5D, 0xB8, 0x5D, 0xB9, 0x5D, 0xB9, 0x5D, 0xB8, 0x5D, 0xB8, 0x5D, 0xB8, 0x5D, 0xB8,
    0x5D, 0xB8, 0x5D, 0x98, 0x5D, 0xB8, 0x65, 0xB8, 0x65, 0xB8, 0x65, 0xB8, 0x6D, 0xB8, 0x6D, 0x98,
    0x6D, 0x37, 0x2A, 0x8D, 0x01, 0x6A, 0x01, 0xEC, 0x02, 0x0D, 0x01, 0xED, 0x01, 0xED, 0x02, 0x0D,
    0x0A, 0x0D, 0x0A, 0x0D, 0x0A, 0x0D, 0x12, 0x0D, 0x11, 0xED, 0x09, 0x8B, 0x01, 0x4A, 0x01, 0x6A,
    0x01, 0x6A, 0x01, 0x6B, 0x09, 0xAB, 0x11, 0xED, 0x12, 0x0D, 0x0A, 0x0D, 0x0A, 0x0D, 0x02, 0x0D,
    0x02, 0x0D, 0x02, 0x0D, 0x02, 0x0D, 0x01, 0xED, 0x02, 0x0D, 0x02, 0x0D, 0x02, 0x0D, 0x02, 0x0D,
    0x02, 0x0D, 0x02, 0x0D, 0x02, 0x0D, 0x02, 0x0D, 0x02, 0x0D, 0x01, 0xED, 0x01, 0xED, 0x01, 0xED,
    0x01, 0xED, 0x01, 0xED, 0x01, 0xED, 0x0A, 0x0E, 0x0A, 0x0E, 0x02, 0x0D, 0x02, 0x0D, 0x02, 0x0D,
    0x01, 0xED, 0x01, 0xED, 0x02, 0x0D, 0x02, 0x0D, 0x02, 0x0D, 0x02, 0x0D, 0x02, 0x0E, 0x02, 0x0D,
    0x02, 0x0D, 0x0A, 0x0E, 0x0A, 0x0E, 0x1A, 0x0D, 0x5D, 0xB9, 0x5D, 0xB8, 0x5D, 0xB9, 0x5D, 0xB9,
    0x5D, 0xB9, 0x5D, 0xB9, 0x5D, 0xB9, 0x5D, 0xB9, 0x5D, 0xB9, 0x5D, 0xB8, 0x5D, 0xB8, 0x5D, 0xB8,
    0x5D, 0xB8, 0x5D, 0xB8, 0x5D, 0xB8, 0x5D, 0xB8, 0x5D, 0xB8, 0x5D, 0xB8, 0x5D, 0xB8, 0x5D, 0xB8,
    0x5D, 0xB8, 0x5D, 0xB9, 0x5D, 0xB8, 0x5D, 0xB8, 0x5D, 0xB8, 0x5D, 0xB9, 0x5D, 0xB9, 0x5D, 0xB8,
    0x5D, 0xB8, 0x5D, 0xB8, 0x5D, 0xB8, 0x5D, 0xB8, 0x5D, 0xB8, 0x5D, 0xB8, 0x5D, 0xB8, 0x5D, 0xB8,
    0x5D, 0xB8, 0x65, 0xB8, 0x5D, 0xB8, 0x5D, 0xB9, 0x5D, 0xB8, 0x65, 0xB8, 0x65, 0xB8, 0x65, 0xB8,
    0x65, 0xB8, 0x65, 0xB8, 0x65, 0xB8, 0x65, 0xB8, 0x65, 0xB8, 0x65, 0xB8, 0x65, 0xB8, 0x65, 0xB9,
    0x65, 0xB9, 0x65, 0xB9, 0x5D, 0x98, 0x5D, 0xB8, 0x5D, 0xB9, 0x5D, 0x99, 0x5D, 0x98, 0x65, 0x98,
    0x5D, 0xB8, 0x5D, 0xB9, 0x5D, 0xB9, 0x5D, 0xB8, 0x5D, 0xB8, 0x5D, 0xB8, 0x5D, 0xB8, 0x5D, 0xB8,
    0x5D, 0xB8, 0x65, 0xB8, 0x65, 0xB8, 0x65, 0xB8, 0x6D, 0xB8, 0x6D, 0x98, 0x6D, 0x78, 0x3B, 0x50,
    0x01, 0x29, 0x01, 0xCB, 0x02, 0x0D, 0x02, 0x0D, 0x02, 0x0D, 0x01, 0xED, 0x09, 0xED, 0x12, 0x0D,
    0x12, 0x0D, 0x11, 0xED, 0x11, 0xCC, 0x01, 0x4A, 0x01, 0x2A, 0x01, 0x2A, 0x01, 0x4A, 0x09, 0xAB,
    0x12, 0x0D, 0x12, 0x0D, 0x0A, 0x0D, 0x0A, 0x0D, 0x0A, 0x0D, 0x0A, 0x0D, 0x02, 0x0D, 0x02, 0x0D,
    0x02, 0x0D, 0x02, 0x0D, 0x02, 0x0D, 0x02, 0x0D, 0x02, 0x0D, 0x02, 0x0D, 0x02, 0x0D, 0x02, 0x0D,
    0x02, 0x0D, 0x02, 0x0D, 0x02, 0x0D, 0x02, 0x0D, 0x01, 0xED, 0x01, 0xED, 0x01, 0xED, 0x01, 0xED,
    0x02, 0x0D, 0x0A, 0x0E, 0x0A, 0x2E, 0x02, 0x0D, 0x02, 0x0D, 0x02, 0x0D, 0x02, 0x0D, 0x02, 0x0D,
    0x01, 0xED, 0x02, 0x0D, 0x02, 0x0D, 0x02, 0x0D, 0x02, 0x0D, 0x02, 0x0E, 0x02, 0x0E, 0x0A, 0x0E,
    0x0A, 0x2E, 0x0A, 0x0E, 0x12, 0x0E, 0x5D, 0xB9, 0x5D, 0xB9, 0x5D, 0xB9, 0x5D, 0xB9, 0x5D, 0xB8,
    0x5D, 0xB8, 0x5D, 0xB8, 0x5D, 0xB8, 0x5D, 0xB8, 0x5D, 0xB8, 0x5D, 0xB8, 0x5D, 0xB8, 0x5D, 0xB8,
    0x5D, 0xB8, 0x5D, 0xB8, 0x5D, 0xB8, 0x65, 0xB8, 0x65, 0xB8, 0x5D, 0xB8, 0x5D, 0xB8, 0x5D, 0xB8,
    0x5D, 0xB8, 0x5D, 0xB8, 0x5D, 0xB8, 0x5D, 0xB8, 0x5D, 0xB8, 0x5D, 0xB9, 0x65, 0xB8, 0x5D, 0xB8,
    0x5D, 0xB8, 0x5D, 0xB8, 0x5D, 0xB8, 0x5D, 0xB8, 0x5D, 0xB8, 0x5D, 0xB8, 0x5D, 0xB8, 0x5D, 0xB8,
    0x65, 0xB8, 0x65, 0xB8, 0x5D, 0xB8, 0x65, 0xB8, 0x65, 0xB8, 0x5D, 0xB8, 0x5D, 0xB8, 0x65, 0xB8,
    0x65, 0xB9, 0x65, 0xB8, 0x5D, 0xB8, 0x5D, 0xB8, 0x65, 0x98, 0x65, 0x98, 0x5D, 0xB8, 0x5D, 0xB8,
    0x65, 0xB8, 0x65, 0xB8, 0x5D, 0x98, 0x5D, 0xB8, 0x5D, 0xB8, 0x5D, 0xB8, 0x5D, 0xB8, 0x5D, 0xB8,
    0x5D, 0xB8, 0x5D, 0xB8, 0x5D, 0xB8, 0x5D, 0xB8, 0x5D, 0xB8, 0x5D, 0xB8, 0x65, 0xB8, 0x65, 0xB8,
    0x65, 0xB8, 0x65, 0xB8, 0x65, 0xB8, 0x6D, 0xB8, 0x6D, 0x98, 0x4C, 0x53, 0x09, 0xEB, 0x01, 0x8A,
    0x02, 0x0C, 0x02, 0x0D, 0x0A, 0x0D, 0x02, 0x2D, 0x0A, 0x0D, 0x12, 0x0D, 0x12, 0x0D, 0x11, 0xEC,
    0x01, 0x4A, 0x01, 0x09, 0x01, 0x2A, 0x01, 0x4A, 0x01, 0x8B, 0x09, 0xCC, 0x09, 0xED, 0x0A, 0x0D,
    0x0A, 0x0D, 0x0A, 0x0D, 0x02, 0x0D, 0x02, 0x0D, 0x02, 0x0D, 0x02, 0x0D, 0x02, 0x0D, 0x02, 0x0D,
    0x02, 0x0D, 0x02, 0x0D, 0x02, 0x0D, 0x02, 0x0D, 0x02, 0x0D, 0x02, 0x0D, 0x02, 0x2E, 0x02, 0x2E,
    0x02, 0x0D, 0x02, 0x0D, 0x02, 0x0D, 0x01, 0xED, 0x01, 0xED, 0x01, 0xED, 0x02, 0x0D, 0x0A, 0x0E,
    0x0A, 0x0D, 0x01, 0xED, 0x01, 0xED, 0x02, 0x0D, 0x02, 0x0D, 0x02, 0x0D, 0x02, 0x0D, 0x02, 0x0D,
    0x02, 0x0D, 0x02, 0x0D, 0x02, 0x0D, 0x02, 0x0D, 0x02, 0x0D, 0x02, 0x0E, 0x0A, 0x2E, 0x0A, 0x2E,
    0x0A, 0x0E, 0x12, 0x0D, 0x5D, 0xB8, 0x5D, 0xB9, 0x5D, 0xB9, 0x5D, 0xB8, 0x5D, 0xB8, 0x5D, 0xB8,
    0x5D, 0xB8, 0x5D, 0xB8, 0x5D, 0xB8, 0x5D, 0xB8, 0x5D, 0xB8, 0x5D, 0xB8, 0x5D, 0xB8, 0x5D, 0xB8,
    0x5D, 0xB8, 0x65, 0xB9, 0x65, 0xB9, 0x65, 0xB8, 0x65, 0xB8, 0x65, 0xB8, 0x5D, 0xB8, 0x5D, 0xB8,
    0x5D, 0xB8, 0x5D, 0xB8, 0x5D, 0xB8, 0x5D, 0xB8, 0x65, 0xB8, 0x65, 0xB8, 0x65, 0xB8, 0x5D, 0xB8,
    0x5D, 0xB8, 0x5D, 0xB8, 0x5D, 0xB8, 0x5D, 0xB8, 0x5D, 0xB8, 0x5D, 0xB8, 0x5D, 0xB8, 0x5D, 0xB8,
    0x65, 0xB8, 0x65, 0xB8, 0x65, 0xB8, 0x65, 0xB8, 0x5D, 0xB8, 0x65, 0xB8, 0x65, 0xB8, 0x5D, 0xB8,
    0x5D, 0xB8, 0x5D, 0xB8, 0x5D, 0xB8, 0x5D, 0xB8, 0x5D, 0xB8, 0x5D, 0xB8, 0x5D, 0xB8, 0x5D, 0xB8,
    0x5D, 0xB8, 0x5D, 0xB8, 0x5D, 0xB8, 0x5D, 0xB8, 0x5D, 0xB8, 0x5D, 0xB8, 0x5D, 0xB8, 0x5D, 0xB8,
    0x5D, 0xB8, 0x5D, 0xB8, 0x5D, 0xB8, 0x5D, 0xB8, 0x5D, 0xB8, 0x5D, 0xB8, 0x65, 0xB8, 0x65, 0xB8,
    0x65, 0xB8, 0x6D, 0xB8, 0x6D, 0x98, 0x65, 0x16, 0x3B, 0x71, 0x1A, 0x6D, 0x01, 0xEC, 0x02, 0x0D,
    0x02, 0x0D, 0x0A, 0x0D, 0x0A, 0x0D, 0x12, 0x0D, 0x11, 0xED, 0x09, 0x8B, 0x01, 0x2A, 0x00, 0xE9,
    0x01, 0x2A, 0x09, 0xAB, 0x11, 0xCC, 0x11, 0xED, 0x11, 0xED, 0x0A, 0x0D, 0x0A, 0x0D, 0x02, 0x0D,
    0x01, 0xED, 0x02, 0x0D, 0x02, 0x0D, 0x02, 0x0D, 0x02, 0x2E, 0x02, 0x0D, 0x02, 0x0D, 0x02, 0x0D,
    0x02, 0x0D, 0x02, 0x0D, 0x02, 0x0D, 0x02, 0x0D, 0x02, 0x0D, 0x02, 0x2E, 0x02, 0x2E, 0x02, 0x0D,
    0x02, 0x0D, 0x02, 0x0D, 0x02, 0x0D, 0x01, 0xED, 0x02, 0x0D, 0x02, 0x0D, 0x12, 0x4E, 0x0A, 0x2E,
    0x0A, 0x0D, 0x0A, 0x0D, 0x0A, 0x0E, 0x02, 0x0D, 0x02, 0x0D, 0x02, 0x0D, 0x02, 0x0D, 0x02, 0x0D,
    0x02, 0x0D, 0x02, 0x0D, 0x02, 0x0D, 0x02, 0x0D, 0x0A, 0x0D, 0x0A, 0x2E, 0x0A, 0x2E, 0x0A, 0x0E,
    0x12, 0x0D, 0x5D, 0xB8, 0x5D, 0xB8, 0x5D, 0xB8, 0x5D, 0xB8, 0x5D, 0xB8, 0x5D, 0xB8, 0x5D, 0xB8,
    0x5D, 0xB8, 0x5D, 0xB8, 0x5D, 0xB8, 0x5D, 0xB8, 0x5D, 0xB8, 0x5D, 0xB8, 0x5D, 0xB8, 0x5D, 0xB8,
    0x5D, 0xB8, 0x5D, 0xB8, 0x5D, 0xB8, 0x65, 0xB8, 0x65, 0xB8, 0x65, 0xB8, 0x5D, 0xB9, 0x5D, 0xB9,
    0x65, 0xB9, 0x65, 0xB8, 0x65, 0xB8, 0x65, 0xB9, 0x65, 0xB9, 0x65, 0xB8, 0x5D, 0xB8, 0x5D, 0xB8,
    0x5D, 0xB8, 0x5D, 0xB8, 0x5D, 0xB8, 0x5D, 0xB8, 0x5D, 0xB8, 0x5D, 0xB8, 0x5D, 0xB8, 0x5D, 0xB8,
    0x65, 0xB8, 0x65, 0xB8, 0x65, 0xB8, 0x65, 0xB8, 0x65, 0xB8, 0x65, 0xB8, 0x5D, 0xB8, 0x65, 0xB8,
    0x65, 0xB8, 0x5D, 0xB8, 0x5D, 0xB8, 0x5D, 0xB8, 0x5D, 0xB8, 0x5D, 0xB8, 0x5D, 0xB8, 0x5D, 0xB8,
    0x5D, 0xB8, 0x5D, 0xB8, 0x5D, 0xB8, 0x5D, 0xB8, 0x5D, 0xB8, 0x5D, 0xB8, 0x5D, 0xB8, 0x5D, 0xB8,
    0x5D, 0xB8, 0x5D, 0xB8, 0x5D, 0xB8, 0x5D, 0xB8, 0x65, 0xB8, 0x65, 0xB8, 0x65, 0xB8, 0x65, 0xB8,
    0x6D, 0xB8, 0x6D, 0x57, 0x3B, 0xD2, 0x54, 0x54, 0x12, 0x2C, 0x01, 0xEC, 0x02, 0x0D, 0x0A, 0x0D,
    0x0A, 0x0D, 0x12, 0x0D, 0x11, 0xCC, 0x01, 0x0A, 0x00, 0xA8, 0x01, 0x0A, 0x09, 0x8B, 0x11, 0xED,
    0x12, 0x0D, 0x12, 0x0D, 0x12, 0x0D, 0x12, 0x2E, 0x12, 0x4E, 0x0A, 0x0D, 0x02, 0x0D, 0x01, 0xED,
    0x01, 0xED, 0x02, 0x0D, 0x02, 0x2E, 0x02, 0x2E, 0x02, 0x0D, 0x02, 0x0D, 0x02, 0x0D, 0x02, 0x0D,
    0x02, 0x0D, 0x02, 0x0D, 0x02, 0x0D, 0x02, 0x0D, 0x02, 0x0D, 0x02, 0x2E, 0x02, 0x0E, 0x02, 0x0D,
    0x02, 0x0D, 0x02, 0x0D, 0x02, 0x0D, 0x02, 0x0D, 0x01, 0xED, 0x0A, 0x0E, 0x0A, 0x2E, 0x0A, 0x0E,
    0x0A, 0x0D, 0x02, 0x0D, 0x02, 0x0D, 0x02, 0x0D, 0x02, 0x0D, 0x02, 0x0D, 0x02, 0x0D, 0x02, 0x0D,
    0x02, 0x0D, 0x02, 0x0D, 0x02, 0x0D, 0x0A, 0x0D, 0x0A, 0x0D, 0x0A, 0x0E, 0x0A, 0x0E, 0x11, 0xED,
    0x5D, 0xB8, 0x5D, 0xB8, 0x5D, 0xB8, 0x5D, 0xB8, 0x5D, 0xB8, 0x5D, 0xB8, 0x5D, 0xB8, 0x5D, 0xB8,
    0x5D, 0xB8, 0x5D, 0xB8, 0x5D, 0xB8, 0x5D, 0xB8, 0x5D, 0xB8, 0x5D, 0xB8, 0x5D, 0xB8, 0x65, 0xB8,
    0x65, 0xB8, 0x65, 0xB9, 0x65, 0xB8, 0x65, 0xB8, 0x65, 0xB9, 0x65, 0xB9, 0x65, 0xB9, 0x65, 0xB9,
    0x65, 0xB8, 0x65, 0xB8, 0x65, 0xB8, 0x65, 0xB9, 0x65, 0xB9, 0x65, 0xB8, 0x5D, 0xB8, 0x5D, 0xB8,
    0x5D, 0xB8, 0x5D, 0xB9, 0x5D, 0xB8, 0x5D, 0xB8, 0x5D, 0xB8, 0x5D, 0xB8, 0x5D, 0xB8, 0x65, 0xB8,
    0x5D, 0xB8, 0x5D, 0xB8, 0x65, 0xB8, 0x65, 0xB8, 0x65, 0xB8, 0x65, 0xB8, 0x65, 0xB8, 0x65, 0xB8,
    0x65, 0xB8, 0x65, 0xB8, 0x5D, 0xB8, 0x5D, 0xB8, 0x5D, 0xB8, 0x5D, 0xB8, 0x5D, 0xB8, 0x5D, 0xB8,
    0x5D, 0xB8, 0x5D, 0xB8, 0x5D, 0xB8, 0x5D, 0xB8, 0x5D, 0xB8, 0x5D, 0xB8, 0x5D, 0xB8, 0x5D, 0xB8,
    0x5D, 0xB8, 0x5D, 0xB8, 0x65, 0xB8, 0x65, 0xB8, 0x65, 0xB8, 0x65, 0xB8, 0x6D, 0xB8, 0x6D, 0x98,
    0x44, 0x12, 0x54, 0x54, 0x4C, 0x33, 0x01, 0xEC, 0x01, 0xEC, 0x01, 0xED, 0x09, 0xED, 0x09, 0xCC,
    0x01, 0x4A, 0x00, 0xE9, 0x00, 0xE9, 0x09, 0x4B, 0x11, 0xCC, 0x12, 0x0D, 0x12, 0x0D, 0x12, 0x0D,
    0x0A, 0x0D, 0x12, 0x2E, 0x12, 0x4E, 0x0A, 0x2E, 0x02, 0x0D, 0x01, 0xED, 0x01, 0xED, 0x01, 0xED,
    0x02, 0x0D, 0x02, 0x2E, 0x02, 0x2E, 0x02, 0x0D, 0x02, 0x0D, 0x02, 0x0D, 0x02, 0x0D, 0x02, 0x0D,
    0x02, 0x0D, 0x02, 0x0D, 0x02, 0x0D, 0x02, 0x0D, 0x02, 0x0D, 0x02, 0x0D, 0x02, 0x0E, 0x02, 0x0E,
    0x02, 0x0D, 0x02, 0x0D, 0x01, 0xED, 0x01, 0xED, 0x01, 0xED, 0x0A, 0x2E, 0x0A, 0x0E, 0x02, 0x0D,
    0x02, 0x0D, 0x02, 0x0D, 0x02, 0x0D, 0x02, 0x0D, 0x02, 0x0D, 0x02, 0x0D, 0x0A, 0x0D, 0x02, 0x0D,
    0x02, 0x0D, 0x01, 0xED, 0x02, 0x0D, 0x0A, 0x0D, 0x0A, 0x0D, 0x0A, 0x0D, 0x11, 0xED, 0x5D, 0xB8,
    0x5D, 0xB8, 0x5D, 0xB8, 0x5D, 0xB8, 0x5D, 0xB9, 0x5D, 0xB9, 0x5D, 0xB9, 0x5D, 0xB9, 0x5D, 0xB9,
    0x5D, 0xB8, 0x5D, 0xB8, 0x5D, 0xB8, 0x5D, 0xB8, 0x5D, 0xB8, 0x5D, 0xB8, 0x65, 0xB8, 0x65, 0xB9,
    0x65, 0xB9, 0x65, 0xB8, 0x65, 0xB8, 0x65, 0xB8, 0x65, 0xB8, 0x65, 0xB8, 0x65, 0xB8, 0x65, 0x98,
    0x65, 0x98, 0x65, 0xB8, 0x65, 0xB8, 0x65, 0xB9, 0x65, 0xB8, 0x5D, 0xB8, 0x5D, 0xB9, 0x5D, 0xB8,
    0x5D, 0xB9, 0x5D, 0xB9, 0x5D, 0xB9, 0x5D, 0xB8, 0x5D, 0xB8, 0x5D, 0xB8, 0x65, 0xB8, 0x65, 0xB8,
    0x65, 0xB8, 0x65, 0xB8, 0x65, 0xB8, 0x65, 0xB8, 0x65, 0xB8, 0x65, 0xB8, 0x65, 0xB8, 0x65, 0xB8,
    0x65, 0xB8, 0x65, 0xB8, 0x5D, 0xB8, 0x5D, 0xB8, 0x5D, 0xB8, 0x5D, 0xB8, 0x5D, 0xB8, 0x5D, 0xB8,
    0x65, 0xB8, 0x65, 0xB8, 0x65, 0xB8, 0x65, 0xB8, 0x65, 0xB8, 0x65, 0xB8, 0x65, 0xB8, 0x65, 0xB8,
    0x65, 0xB8, 0x65, 0xB8, 0x65, 0xB8, 0x65, 0xB8, 0x65, 0xB8, 0x6D, 0xB8, 0x5C, 0xF5, 0x44, 0x12,
    0x6D, 0x58, 0x33, 0x50, 0x01, 0xEC, 0x01, 0xCC, 0x01, 0xCC, 0x01, 0xAC, 0x01, 0x2A, 0x01, 0x09,
    0x01, 0x6B, 0x09, 0xCC, 0x12, 0x0D, 0x12, 0x2E, 0x12, 0x0D, 0x12, 0x0D, 0x0A, 0x0D, 0x0A, 0x2E,
    0x0A, 0x2E, 0x0A, 0x2E, 0x0A, 0x0D, 0x02, 0x0D, 0x01, 0xED, 0x01, 0xED, 0x01, 0xED, 0x02, 0x0D,
    0x02, 0x0D, 0x02, 0x0D, 0x02, 0x0D, 0x02, 0x0D, 0x02, 0x0D, 0x02, 0x0D, 0x02, 0x0D, 0x02, 0x0D,
    0x02, 0x0D, 0x02, 0x0D, 0x02, 0x0D, 0x02, 0x0D, 0x0A, 0x2E, 0x0A, 0x2E, 0x02, 0x0D, 0x02, 0x0D,
    0x02, 0x0D, 0x01, 0xED, 0x01, 0xED, 0x02, 0x0E, 0x0A, 0x4E, 0x0A, 0x2E, 0x0A, 0x0E, 0x0A, 0x0E,
    0x02, 0x0D, 0x02, 0x0D, 0x02, 0x0D, 0x02, 0x0D, 0x0A, 0x0D, 0x0A, 0x0E, 0x0A, 0x0E, 0x0A, 0x0D,
    0x01, 0xED, 0x01, 0xED, 0x01, 0xED, 0x09, 0xED, 0x09, 0xED, 0x19, 0xED, 0x5D, 0xB8, 0x5D, 0xB8,
    0x5D, 0xB8, 0x65, 0xB9, 0x5D, 0xB9, 0x5D, 0xB9, 0x5D, 0xB9, 0x5D, 0xB9, 0x5D, 0xB9, 0x5D, 0xB8,
    0x5D, 0xB8, 0x5D, 0xB8, 0x5D, 0xB8, 0x5D, 0xB8, 0x5D, 0xB8, 0x65, 0xB9, 0x65, 0xB9, 0x65, 0xB8,
    0x65, 0xB8, 0x65, 0x98, 0x65, 0x98, 0x6D, 0x98, 0x6D, 0x98, 0x6D, 0x98, 0x6D, 0x98, 0x5D, 0x36,
    0x65, 0x98, 0x65, 0xB8, 0x65, 0xB9, 0x65, 0xB8, 0x5D, 0xB9, 0x5D, 0xB9, 0x5D, 0xB9, 0x5D, 0xB9,
    0x5D, 0xB8, 0x5D, 0xB9, 0x5D, 0xB8, 0x5D, 0xB8, 0x5D, 0xB8, 0x5D, 0xB8, 0x65, 0xB8, 0x65, 0xB8,
    0x65, 0xB8, 0x65, 0xB8, 0x65, 0xB8, 0x65, 0xB8, 0x65, 0xB8, 0x65, 0xB8, 0x5D, 0xB8, 0x5D, 0xB8,
    0x5D, 0xB8, 0x5D, 0xB8, 0x5D, 0xB8, 0x5D, 0xB8, 0x5D, 0xB8, 0x5D, 0xB8, 0x65, 0xB8, 0x65, 0xB8,
    0x65, 0xB8, 0x65, 0xB8, 0x65, 0xB8, 0x65, 0xB8, 0x65, 0xB8, 0x65, 0xB8, 0x65, 0xB8, 0x65, 0xB8,
    0x65, 0xB8, 0x65, 0xB8, 0x65, 0xB8, 0x6D, 0xB8, 0x65, 0x57, 0x43, 0xF2, 0x6D, 0x37, 0x6D, 0x17,
    0x12, 0x2C, 0x01, 0xAB, 0x01, 0x6A, 0x01, 0x4A, 0x01, 0x6B, 0x01, 0xAB, 0x09, 0xED, 0x0A, 0x0D,
    0x11, 0xED, 0x12, 0x0D, 0x0A, 0x2E, 0x0A, 0x0D, 0x0A, 0x0D, 0x0A, 0x2E, 0x0A, 0x2E, 0x0A, 0x2E,
    0x0A, 0x0E, 0x0A, 0x0D, 0x02, 0x0D, 0x02, 0x0D, 0x02, 0x0D, 0x02, 0x0D, 0x02, 0x0D, 0x02, 0x0D,
    0x02, 0x0D, 0x02, 0x0D, 0x02, 0x0D, 0x02, 0x0D, 0x02, 0x0D, 0x02, 0x0D, 0x02, 0x0D, 0x02, 0x0D,
    0x02, 0x0D, 0x02, 0x0D, 0x02, 0x2E, 0x0A, 0x4E, 0x0A, 0x2E, 0x02, 0x0D, 0x02, 0x0D, 0x02, 0x0D,
    0x02, 0x0D, 0x02, 0x0D, 0x02, 0x0D, 0x0A, 0x2E, 0x0A, 0x0E, 0x0A, 0x0E, 0x02, 0x0D, 0x02, 0x0D,
    0x02, 0x0D, 0x02, 0x0D, 0x0A, 0x0D, 0x0A, 0x0D, 0x0A, 0x0E, 0x0A, 0x2E, 0x0A, 0x0D, 0x01, 0xED,
    0x01, 0xED, 0x01, 0xED, 0x09, 0xED, 0x11, 0xED, 0x19, 0xED, 0x5D, 0xB8, 0x5D, 0xB8, 0x65, 0xB8,
    0x65, 0xB9, 0x5D, 0xB9, 0x5D, 0xB9, 0x5D, 0xB8, 0x5D, 0xB8, 0x5D, 0xB8, 0x5D, 0xB8, 0x5D, 0xB8,
    0x5D, 0xB8, 0x5D, 0xB8, 0x5D, 0xB8, 0x5D, 0xB8, 0x65, 0xB9, 0x65, 0xB9, 0x65, 0xB8, 0x65, 0x98,
    0x6D, 0x77, 0x65, 0x15, 0x64, 0xD5, 0x6D, 0x56, 0x6D, 0x57, 0x54, 0x53, 0x44, 0x32, 0x65, 0x57,
    0x65, 0xB8, 0x65, 0xB8, 0x65, 0xB8, 0x5D, 0xB8, 0x5D, 0xB9, 0x5D, 0xB9, 0x5D, 0xB9, 0x5D, 0xB9,
    0x5D, 0xB9, 0x5D, 0xB9, 0x5D, 0xB8, 0x5D, 0xB8, 0x65, 0xB8, 0x65, 0xB8, 0x5D, 0xB8, 0x65, 0xB8,
    0x65, 0xB8, 0x65, 0xB8, 0x5D, 0xB8, 0x5D, 0xB8, 0x5D, 0xB8, 0x5D, 0xB8, 0x5D, 0xB8, 0x5D, 0xB8,
    0x5D, 0xB8, 0x5D, 0xB8, 0x5D, 0xB8, 0x5D, 0xB8, 0x65, 0xB8, 0x65, 0xB8, 0x65, 0xB8, 0x65, 0xB8,
    0x65, 0xB8, 0x65, 0xB8, 0x65, 0xB8, 0x65, 0xB8, 0x65, 0xB8, 0x65, 0xB8, 0x65, 0xB8, 0x65, 0x98,
    0x65, 0x98, 0x65, 0x98, 0x6D, 0x98, 0x4C, 0x53, 0x64, 0xB5, 0x75, 0x38, 0x5C, 0x34, 0x01, 0x6A,
    0x01, 0x6A, 0x01, 0x6B, 0x01, 0xAC, 0x09, 0xED, 0x0A, 0x0D, 0x0A, 0x0D, 0x0A, 0x0E, 0x0A, 0x0D,
    0x09, 0xED, 0x09, 0xED, 0x01, 0xED, 0x02, 0x0D, 0x0A, 0x2E, 0x0A, 0x2E, 0x0A, 0x2E, 0x0A, 0x0D,
    0x0A, 0x2E, 0x02, 0x0D, 0x02, 0x0D, 0x02, 0x0D, 0x02, 0x0D, 0x02, 0x0D, 0x02, 0x0D, 0x01, 0xED,
    0x02, 0x0D, 0x02, 0x0D, 0x02, 0x0D, 0x02, 0x0D, 0x02, 0x0D, 0x02, 0x0D, 0x02, 0x0D, 0x02, 0x0D,
    0x02, 0x0D, 0x02, 0x0D, 0x02, 0x2E, 0x02, 0x0D, 0x02, 0x0D, 0x02, 0x0D, 0x02, 0x0D, 0x02, 0x0D,
    0x02, 0x0D, 0x02, 0x0D, 0x02, 0x0D, 0x02, 0x0D, 0x02, 0x0D, 0x02, 0x0D, 0x02, 0x0D, 0x02, 0x0D,
    0x02, 0x0D, 0x01, 0xED, 0x0A, 0x0D, 0x0A, 0x0E, 0x0A, 0x0D, 0x0A, 0x0D, 0x01, 0xED, 0x01, 0xED,
    0x01, 0xED, 0x09, 0xCD, 0x09, 0xED, 0x19, 0xED, 0x65, 0xB8, 0x65, 0xB8, 0x65, 0xB8, 0x65, 0xB9,
    0x5D, 0xB9, 0x5D, 0xB8, 0x5D, 0xB8, 0x5D, 0xB8, 0x5D, 0xB8, 0x5D, 0xB8, 0x5D, 0xB8, 0x5D, 0xB9,
    0x5D, 0xB9, 0x5D, 0xB9, 0x65, 0xB8, 0x65, 0xB9, 0x65, 0xB8, 0x65, 0xB8, 0x65, 0x97, 0x64, 0xB4,
    0x11, 0x87, 0x2A, 0x0A, 0x5C, 0x11, 0x43, 0x2E, 0x09, 0x47, 0x54, 0x53, 0x6D, 0x98, 0x65, 0xB8,
    0x65, 0xB8, 0x65, 0xB8, 0x5D, 0xB8, 0x5D, 0xB8, 0x5D, 0xB9, 0x5D, 0xB9, 0x5D, 0xB9, 0x5D, 0xB9,
    0x5D, 0xB9, 0x5D, 0xB9, 0x65, 0xB9, 0x65, 0xB8, 0x5D, 0xB8, 0x5D, 0xB8, 0x5D, 0xB8, 0x5D, 0xB8,
    0x65, 0xB8, 0x5D, 0xB8, 0x5D, 0xB8, 0x5D, 0xB8, 0x5D, 0xB8, 0x5D, 0xB8, 0x5D, 0xB8, 0x5D, 0xB8,
    0x5D, 0xB8, 0x5D, 0xB8, 0x5D, 0xB8, 0x65, 0xB8, 0x65, 0xB8, 0x65, 0xB8, 0x65, 0xB8, 0x65, 0xB8,
    0x65, 0xB8, 0x65, 0xB8, 0x65, 0xB8, 0x65, 0x98, 0x65, 0xB8, 0x65, 0xB8, 0x6D, 0x98, 0x6D, 0x98,
    0x6D, 0x98, 0x64, 0xF6, 0x4B, 0xD2, 0x5C, 0x33, 0x3A, 0xEF, 0x01, 0x8A, 0x01, 0x8A, 0x01, 0xCC,
    0x01, 0xED, 0x0A, 0x0D, 0x0A, 0x0D, 0x02, 0x0D, 0x0A, 0x0D, 0x0A, 0x0D, 0x02, 0x0D, 0x02, 0x0D,
    0x01, 0xED, 0x01, 0xED, 0x01, 0xED, 0x0A, 0x0D, 0x0A, 0x0D, 0x0A, 0x0D, 0x0A, 0x0D, 0x0A, 0x0E,
    0x02, 0x0D, 0x02, 0x0D, 0x02, 0x0D, 0x02, 0x0D, 0x02, 0x0D, 0x02, 0x0D, 0x02, 0x0D, 0x02, 0x0D,
    0x02, 0x0D, 0x02, 0x0D, 0x02, 0x0D, 0x02, 0x0D, 0x02, 0x0D, 0x02, 0x0D, 0x02, 0x0D, 0x02, 0x0D,
    0x02, 0x0D, 0x02, 0x0D, 0x02, 0x0D, 0x02, 0x0D, 0x02, 0x0D, 0x02, 0x0D, 0x02, 0x0D, 0x02, 0x0D,
    0x02, 0x0D, 0x02, 0x0D, 0x02, 0x0D, 0x02, 0x0D, 0x02, 0x0D, 0x02, 0x0D, 0x02, 0x0D, 0x02, 0x0D,
    0x01, 0xED, 0x0A, 0x0D, 0x12, 0x6F, 0x12, 0x4E, 0x0A, 0x2E, 0x02, 0x0D, 0x02, 0x0D, 0x01, 0xED,
    0x09, 0xED, 0x11, 0xED, 0x19, 0xED, 0x65, 0xB8, 0x65, 0xB8, 0x65, 0xB8, 0x65, 0xB9, 0x65, 0xB9,
    0x65, 0xB8, 0x65, 0xB8, 0x65, 0xB8, 0x5D, 0xB8, 0x5D, 0xB8, 0x5D, 0xB8, 0x5D, 0xB9, 0x5D, 0xB9,
    0x5D, 0xB9, 0x65, 0xB8, 0x65, 0xB8, 0x65, 0xB8, 0x65, 0xB8, 0x65, 0x77, 0x3B, 0x2E, 0x00, 0x22,
    0x00, 0x22, 0x10, 0xE5, 0x00, 0x22, 0x00, 0x43, 0x5C, 0x32, 0x6D, 0x98, 0x65, 0xB8, 0x65, 0xB8,
    0x65, 0xB8, 0x5D, 0xB8, 0x5D, 0xB8, 0x5D, 0xB9, 0x5D, 0xB8, 0x5D, 0xB8, 0x5D, 0xB8, 0x5D, 0xB8,
    0x5D, 0xB8, 0x5D, 0xB8, 0x5D, 0xB8, 0x5D, 0xB8, 0x5D, 0xB8, 0x5D, 0xB8, 0x5D, 0xB8, 0x5D, 0xB8,
    0x5D, 0xB8, 0x5D, 0xB8, 0x5D, 0xB8, 0x5D, 0xB8, 0x5D, 0xB8, 0x5D, 0xB8, 0x5D, 0xB8, 0x5D, 0xB8,
    0x5D, 0xB8, 0x65, 0xB8, 0x65, 0xB8, 0x65, 0xB9, 0x65, 0xB9, 0x65, 0xB8, 0x65, 0xB8, 0x65, 0xB8,
    0x6D, 0xB8, 0x6D, 0xB8, 0x6D, 0x98, 0x6D, 0x98, 0x6D, 0x98, 0x75, 0x78, 0x6D, 0x17, 0x5C, 0x75,
    0x32, 0x8D, 0x09, 0x49, 0x01, 0x49, 0x01, 0x8A, 0x01, 0xCB, 0x01, 0xEC, 0x02, 0x0D, 0x02, 0x0D,
    0x02, 0x0E, 0x02, 0x0D, 0x02, 0x0D, 0x02, 0x0D, 0x02, 0x0D, 0x02, 0x0D, 0x02, 0x0D, 0x0A, 0x0D,
    0x0A, 0x0D, 0x0A, 0x0E, 0x0A, 0x0D, 0x0A, 0x0D, 0x0A, 0x0D, 0x02, 0x0D, 0x02, 0x0D, 0x02, 0x0D,
    0x02, 0x0D, 0x02, 0x0D, 0x02, 0x0D, 0x02, 0x0D, 0x02, 0x0D, 0x02, 0x0D, 0x02, 0x0D, 0x02, 0x0D,
    0x02, 0x0D, 0x02, 0x0D, 0x02, 0x0D, 0x02, 0x0D, 0x02, 0x0D, 0x02, 0x0D, 0x02, 0x0D, 0x02, 0x0D,
    0x02, 0x0D, 0x02, 0x0D, 0x02, 0x0D, 0x02, 0x0D, 0x02, 0x0D, 0x02, 0x0D, 0x02, 0x0D, 0x02, 0x0D,
    0x02, 0x0D, 0x02, 0x0D, 0x02, 0x0D, 0x02, 0x0D, 0x02, 0x0D, 0x02, 0x0D, 0x02, 0x0D, 0x02, 0x0D,
    0x0A, 0x0D, 0x12, 0x4F, 0x12, 0x4E, 0x0A, 0x2E, 0x02, 0x0D, 0x0A, 0x0D, 0x0A, 0x2E, 0x0A, 0x0D,
    0x12, 0x0D, 0x19, 0xED, 0x65, 0xB8, 0x65, 0xB9, 0x65, 0xB9, 0x65, 0xB9, 0x65, 0xB9, 0x65, 0xB8,
    0x65, 0xB8, 0x5D, 0xB8, 0x65, 0xB8, 0x65, 0xB8, 0x5D, 0xB8, 0x5D, 0xB9, 0x5D, 0xB9, 0x65, 0xB9,
    0x65, 0xB8, 0x65, 0xB8, 0x65, 0xB8, 0x6D, 0x98, 0x65, 0x57, 0x2A, 0xCC, 0x00, 0x02, 0x00, 0x01,
    0x00, 0x21, 0x00, 0x00, 0x00, 0x22, 0x53, 0xF0, 0x6D, 0xB8, 0x65, 0xB8, 0x65, 0xB8, 0x65, 0xB8,
    0x5D, 0xB8, 0x5D, 0xB8, 0x5D, 0xB8, 0x5D, 0xB8, 0x5D, 0xB8, 0x5D, 0xB8, 0x5D, 0xB8, 0x5D, 0xB8,
    0x65, 0xB8, 0x5D, 0xB8, 0x5D, 0xB8, 0x5D, 0xB8, 0x5D, 0xB8, 0x5D, 0xB8, 0x5D, 0xB8, 0x5D, 0xB8,
    0x5D, 0xB8, 0x5D, 0xB8, 0x5D, 0xB8, 0x5D, 0xB8, 0x5D, 0xB9, 0x5D, 0xB8, 0x5D, 0xB8, 0x5D, 0xB8,
    0x65, 0xB8, 0x65, 0xB8, 0x65, 0xB8, 0x65, 0xB8, 0x65, 0xB8, 0x6D, 0x98, 0x6D, 0x98, 0x6D, 0x98,
    0x6D, 0x98, 0x6D, 0x78, 0x6D, 0x58, 0x5C, 0xB5, 0x43, 0x50, 0x19, 0x89, 0x00, 0x87, 0x00, 0xE9,
    0x01, 0x4A, 0x09, 0xCC, 0x02, 0x0C, 0x02, 0x0D, 0x02, 0x0D, 0x02, 0x0D, 0x02, 0x0D, 0x02, 0x0E,
    0x02, 0x0E, 0x02, 0x0E, 0x02, 0x0D, 0x02, 0x0D, 0x02, 0x0D, 0x0A, 0x0E, 0x0A, 0x0E, 0x0A, 0x0E,
    0x12, 0x2E, 0x0A, 0x0D, 0x0A, 0x0D, 0x0A, 0x0D, 0x02, 0x0D, 0x02, 0x0D, 0x02, 0x0D, 0x02, 0x0D,
    0x02, 0x0D, 0x02, 0x0D, 0x02, 0x0D, 0x02, 0x0D, 0x02, 0x0D, 0x02, 0x0D, 0x02, 0x0D, 0x02, 0x0D,
    0x02, 0x0D, 0x02, 0x0D, 0x02, 0x0D, 0x02, 0x0D, 0x02, 0x0D, 0x02, 0x0D, 0x02, 0x0D, 0x02, 0x0D,
    0x02, 0x0D, 0x02, 0x0D, 0x02, 0x0D, 0x02, 0x0D, 0x02, 0x0D, 0x01, 0xED, 0x01, 0xED, 0x02, 0x0D,
    0x02, 0x0D, 0x02, 0x0D, 0x02, 0x0D, 0x01, 0xED, 0x02, 0x0D, 0x02, 0x0D, 0x02, 0x0D, 0x0A, 0x0E,
    0x0A, 0x2E, 0x0A, 0x2E, 0x02, 0x0D, 0x02, 0x0D, 0x0A, 0x0D, 0x0A, 0x2E, 0x12, 0x0E, 0x12, 0x0D,
    0x1A, 0x0D, 0x65, 0xB9, 0x65, 0xB9, 0x65, 0xB9, 0x65, 0xB9, 0x65, 0xB9, 0x65, 0xB9, 0x65, 0xB8,
    0x65, 0xB8, 0x65, 0xB8, 0x65, 0xB8, 0x65, 0xB8, 0x65, 0xB9, 0x65, 0xB9, 0x65, 0xB9, 0x65, 0xB9,
    0x65, 0xB8, 0x65, 0xB8, 0x6D, 0xB8, 0x6D, 0x56, 0x2A, 0x29, 0x00, 0x01, 0x00, 0x21, 0x00, 0x21,
    0x00, 0x01, 0x00, 0x63, 0x64, 0x73, 0x6D, 0x97, 0x65, 0xB8, 0x65, 0xB8, 0x65, 0xB8, 0x65, 0xB8,
    0x65, 0xB8, 0x65, 0xB8, 0x5D, 0xB8, 0x5D, 0xB8, 0x5D, 0xB8, 0x5D, 0xB8, 0x5D, 0xB8, 0x65, 0xB8,
    0x5D, 0xB8, 0x5D, 0xB8, 0x5D, 0xB8, 0x65, 0xB8, 0x5D, 0xB8, 0x5D, 0xB8, 0x5D, 0xB8, 0x5D, 0xB8,
    0x65, 0xB8, 0x65, 0xB8, 0x65, 0xB8, 0x65, 0xB8, 0x65, 0xB8, 0x65, 0xB8, 0x5D, 0x98, 0x65, 0x98,
    0x65, 0x98, 0x6D, 0xB8, 0x6D, 0x98, 0x6D, 0x98, 0x6D, 0x57, 0x6D, 0x57, 0x65, 0x16, 0x54, 0x74,
    0x43, 0x91, 0x2A, 0xAE, 0x01, 0x8A, 0x01, 0x49, 0x01, 0x09, 0x01, 0x29, 0x09, 0xAC, 0x09, 0xCC,
    0x01, 0xED, 0x02, 0x0D, 0x02, 0x0D, 0x02, 0x0D, 0x02, 0x0D, 0x02, 0x0D, 0x02, 0x0E, 0x02, 0x0E,
    0x02, 0x0E, 0x02, 0x0E, 0x02, 0x0D, 0x0A, 0x0E, 0x0A, 0x0E, 0x0A, 0x2E, 0x12, 0x2E, 0x12, 0x2E,
    0x0A, 0x0D, 0x0A, 0x2E, 0x0A, 0x0E, 0x0A, 0x0D, 0x02, 0x0D, 0x02, 0x0D, 0x02, 0x0D, 0x02, 0x0D,
    0x02, 0x0D, 0x02, 0x0D, 0x02, 0x0D, 0x02, 0x0D, 0x02, 0x0D, 0x02, 0x0D, 0x02, 0x0D, 0x02, 0x0D,
    0x02, 0x0D, 0x02, 0x0D, 0x02, 0x0D, 0x02, 0x0D, 0x02, 0x0D, 0x01, 0xED, 0x01, 0xED, 0x01, 0xED,
    0x0A, 0x0D, 0x09, 0xED, 0x01, 0xED, 0x01, 0xED, 0x01, 0xED, 0x01, 0xED, 0x01, 0xED, 0x01, 0xED,
    0x01, 0xED, 0x01, 0xED, 0x01, 0xED, 0x01, 0xED, 0x01, 0xED, 0x02, 0x0D, 0x02, 0x0D, 0x02, 0x0D,
    0x02, 0x0D, 0x02, 0x0D, 0x02, 0x0D, 0x0A, 0x0D, 0x0A, 0x0D, 0x12, 0x0E, 0x12, 0x0D, 0x1A, 0x0D,
    0x65, 0xB9, 0x5D, 0xB9, 0x5D, 0xB9, 0x5D, 0xB9, 0x65, 0xB9, 0x65, 0xB9, 0x65, 0xB8, 0x65, 0xB8,
    0x65, 0xB8, 0x65, 0xB8, 0x65, 0xB8, 0x65, 0xB8, 0x65, 0xB8, 0x65, 0xB9, 0x65, 0xB8, 0x65, 0xB8,
    0x65, 0xB8, 0x6D, 0xB8, 0x5C, 0x93, 0x00, 0x43, 0x00, 0x22, 0x00, 0x22, 0x00, 0x41, 0x00, 0x01,
    0x08, 0xC4, 0x6C, 0x93, 0x75, 0x97, 0x6D, 0xB8, 0x65, 0xB8, 0x65, 0xB8, 0x65, 0xB8, 0x65, 0xB8,
    0x65, 0xB8, 0x65, 0xB8, 0x65, 0xB8, 0x5D, 0xB8, 0x5D, 0xB8, 0x5D, 0xB8, 0x65, 0xB8, 0x65, 0xB8,
    0x65, 0xB9, 0x65, 0xB9, 0x65, 0xB9, 0x65, 0xB8, 0x65, 0xB8, 0x65, 0xB8, 0x65, 0xB8, 0x65, 0xB8,
    0x65, 0xB8, 0x65, 0x98, 0x65, 0x98, 0x65, 0x98, 0x65, 0x98, 0x65, 0x98, 0x6D, 0x98, 0x6D, 0x98,
    0x6D, 0x98, 0x6D, 0x58, 0x54, 0x75, 0x43, 0x91, 0x2A, 0x8D, 0x09, 0xAA, 0x01, 0x49, 0x01, 0x49,
    0x01, 0x4A, 0x01, 0x8B, 0x09, 0xCC, 0x01, 0x8B, 0x01, 0xAB, 0x09, 0xED, 0x02, 0x0D, 0x02, 0x0D,
    0x0A, 0x0D, 0x02, 0x0D, 0x02, 0x0D, 0x02, 0x0D, 0x02, 0x0D, 0x02, 0x0D, 0x02, 0x0D, 0x02, 0x0D,
    0x02, 0x0D, 0x0A, 0x0E, 0x0A, 0x0E, 0x0A, 0x2E, 0x12, 0x2E, 0x12, 0x2E, 0x12, 0x2E, 0x12, 0x0D,
    0x12, 0x2E, 0x0A, 0x2E, 0x0A, 0x2E, 0x02, 0x0E, 0x02, 0x0D, 0x02, 0x0D, 0x02, 0x0D, 0x02, 0x0D,
    0x02, 0x0D, 0x02, 0x0D, 0x02, 0x0D, 0x02, 0x0D, 0x02, 0x0D, 0x02, 0x0D, 0x02, 0x0D, 0x02, 0x0D,
    0x02, 0x0D, 0x02, 0x0D, 0x01, 0xED, 0x01, 0xED, 0x01, 0xED, 0x09, 0xED, 0x09, 0xED, 0x12, 0x0D,
    0x01, 0xAC, 0x01, 0x8B, 0x01, 0xAC, 0x01, 0xCC, 0x01, 0xED, 0x01, 0xED, 0x01, 0xED, 0x01, 0xED,
    0x01, 0xED, 0x01, 0xED, 0x01, 0xED, 0x01, 0xED, 0x01, 0xED, 0x02, 0x0D, 0x02, 0x0D, 0x02, 0x0D,
    0x02, 0x0D, 0x02, 0x0D, 0x0A, 0x0D, 0x0A, 0x0D, 0x12, 0x0D, 0x12, 0x0D, 0x1A, 0x0D, 0x5D, 0xB9,
    0x5D, 0xB9, 0x5D, 0xB9, 0x65, 0xB9, 0x65, 0xB9, 0x65, 0xB9, 0x65, 0xB9, 0x65, 0xB9, 0x65, 0xB8,
    0x65, 0xB8, 0x65, 0xB8, 0x65, 0xB8, 0x65, 0xB9, 0x65, 0xB9, 0x65, 0xB9, 0x65, 0xB8, 0x65, 0x98,
    0x6D, 0x97, 0x43, 0x8F, 0x00, 0x02, 0x00, 0x22, 0x00, 0x42, 0x00, 0x41, 0x00, 0x01, 0x00, 0x62,
    0x53, 0xD0, 0x75, 0x97, 0x6D, 0xB8, 0x65, 0xB8, 0x65, 0xB8, 0x65, 0xB8, 0x65, 0xB8, 0x65, 0xB8,
    0x65, 0xB8, 0x65, 0xB8, 0x65, 0xB8, 0x65, 0xB8, 0x65, 0xB8, 0x65, 0xB8, 0x65, 0xB9, 0x65, 0xB9,
    0x65, 0xB9, 0x65, 0xB9, 0x65, 0xB8, 0x65, 0x98, 0x65, 0x98, 0x65, 0xB8, 0x65, 0x98, 0x65, 0x98,
    0x6D, 0x98, 0x6D, 0x98, 0x6D, 0x98, 0x6D, 0x98, 0x6D, 0x78, 0x65, 0x37, 0x5C, 0xB5, 0x43, 0xD2,
    0x2A, 0xCE, 0x09, 0xAA, 0x01, 0x29, 0x01, 0x29, 0x01, 0x6A, 0x01, 0xAB, 0x01, 0xCC, 0x09, 0xEC,
    0x09, 0xED, 0x0A, 0x0D, 0x0A, 0x0D, 0x02, 0x0D, 0x02, 0x0D, 0x02, 0x0D, 0x0A, 0x2E, 0x0A, 0x0E,
    0x02, 0x0D, 0x02, 0x0D, 0x02, 0x0D, 0x02, 0x0D, 0x02, 0x0D, 0x02, 0x0D, 0x02, 0x0D, 0x0A, 0x0E,
    0x0A, 0x0D, 0x0A, 0x0E, 0x0A, 0x0D, 0x12, 0x2E, 0x12, 0x2E, 0x1A, 0x4E, 0x1A, 0x4E, 0x12, 0x2E,
    0x0A, 0x2E, 0x0A, 0x2E, 0x02, 0x0E, 0x02, 0x0E, 0x02, 0x0D, 0x02, 0x0D, 0x01, 0xED, 0x01, 0xED,
    0x02, 0x0D, 0x02, 0x0E, 0x02, 0x0D, 0x02, 0x0D, 0x02, 0x0D, 0x02, 0x0D, 0x02, 0x0D, 0x02, 0x0D,
    0x01, 0xED, 0x01, 0xED, 0x01, 0xED, 0x09, 0xED, 0x09, 0xCD, 0x01, 0x6B, 0x01, 0x4B, 0x01, 0x6B,
    0x09, 0xCC, 0x09, 0xEC, 0x09, 0xCC, 0x01, 0xED, 0x01, 0xED, 0x01, 0xEC, 0x01, 0xED, 0x01, 0xED,
    0x01, 0xED, 0x01, 0xED, 0x01, 0xED, 0x01, 0xED, 0x01, 0xED, 0x02, 0x0D, 0x02, 0x0D, 0x02, 0x0D,
    0x02, 0x0D, 0x02, 0x0D, 0x0A, 0x0D, 0x0A, 0x0D, 0x12, 0x0D, 0x1A, 0x0D, 0x65, 0xB9, 0x65, 0xB9,
    0x65, 0xB9, 0x65, 0xB9, 0x65, 0xB9, 0x65, 0xB9, 0x65, 0xB9, 0x65, 0xB8, 0x65, 0xB8, 0x65, 0xB8,
    0x65, 0xB8, 0x65, 0xB9, 0x65, 0xB9, 0x65, 0xB9, 0x65, 0xB8, 0x65, 0xB8, 0x65, 0xB8, 0x6D, 0x77,
    0x3A, 0xED, 0x00, 0x02, 0x00, 0x22, 0x00, 0x21, 0x00, 0x21, 0x00, 0x21, 0x00, 0x21, 0x32, 0x4A,
    0x75, 0x35, 0x6D, 0xB8, 0x6D, 0xB8, 0x65, 0xB8, 0x65, 0xB8, 0x65, 0xB8, 0x65, 0xB8, 0x65, 0xB8,
    0x65, 0xB8, 0x65, 0xB8, 0x65, 0x98, 0x65, 0xB8, 0x65, 0xB8, 0x65, 0xB8, 0x6D, 0xB8, 0x6D, 0xB8,
    0x65, 0x98, 0x65, 0x98, 0x6D, 0x98, 0x6D, 0x98, 0x6D, 0x98, 0x6D, 0x78, 0x6D, 0x78, 0x6D, 0x58,
    0x64, 0xF7, 0x5C, 0x95, 0x4B, 0xF2, 0x33, 0x0F, 0x09, 0xCB, 0x01, 0x6A, 0x01, 0x49, 0x01, 0x4A,
    0x01, 0x29, 0x01, 0x4A, 0x01, 0x6B, 0x01, 0xCC, 0x0A, 0x0D, 0x0A, 0x2D, 0x0A, 0x0D, 0x0A, 0x0D,
    0x0A, 0x2D, 0x0A, 0x2E, 0x0A, 0x2E, 0x02, 0x0D, 0x02, 0x0D, 0x0A, 0x0E, 0x12, 0x6F, 0x02, 0x0D,
    0x02, 0x0D, 0x02, 0x0D, 0x02, 0x0D, 0x02, 0x0D, 0x02, 0x0D, 0x02, 0x0D, 0x0A, 0x0E, 0x0A, 0x0D,
    0x0A, 0x0D, 0x0A, 0x2E, 0x12, 0x4E, 0x1A, 0x4E, 0x1A, 0x6E, 0x1A, 0x6F, 0x12, 0x4E, 0x0A, 0x2E,
    0x0A, 0x2E, 0x02, 0x0E, 0x02, 0x0D, 0x02, 0x0D, 0x02, 0x0D, 0x01, 0xED, 0x01, 0xED, 0x01, 0xED,
    0x0A, 0x4E, 0x02, 0x4E, 0x02, 0x2D, 0x02, 0x0D, 0x02, 0x0D, 0x01, 0xED, 0x02, 0x0D, 0x09, 0xED,
    0x09, 0xCD, 0x01, 0xAC, 0x01, 0xAB, 0x01, 0x8B, 0x01, 0x8B, 0x09, 0xCB, 0x09, 0xCC, 0x09, 0xEB,
    0x01, 0xCA, 0x01, 0xAA, 0x01, 0xCA, 0x01, 0xEB, 0x01, 0xEA, 0x01, 0xCB, 0x01, 0xEC, 0x01, 0xED,
    0x01, 0xED, 0x01, 0xCD, 0x01, 0xED, 0x01, 0xED, 0x01, 0xED, 0x02, 0x0D, 0x02, 0x0D, 0x02, 0x0D,
    0x02, 0x0D, 0x0A, 0x0D, 0x0A, 0x0D, 0x12, 0x0D, 0x19, 0xED, 0x65, 0xB9, 0x65, 0xB9, 0x65, 0xB9,
    0x65, 0xB9, 0x65, 0xB9, 0x65, 0xB9, 0x65, 0xB9, 0x65, 0xB9, 0x65, 0xB9, 0x65, 0xB8, 0x65, 0xB9,
    0x65, 0xB9, 0x65, 0xB9, 0x65, 0xB9, 0x65, 0xB8, 0x6D, 0xB8, 0x6D, 0xB8, 0x6D, 0x98, 0x54, 0x11,
    0x00, 0xA4, 0x00, 0x22, 0x00, 0x21, 0x00, 0x01, 0x00, 0x21, 0x00, 0x41, 0x00, 0xA3, 0x64, 0x52,
    0x75, 0x97, 0x75, 0xB8, 0x6D, 0xB8, 0x6D, 0xB8, 0x6D, 0xB8, 0x65, 0x98, 0x65, 0xB8, 0x65, 0xB8,
    0x65, 0x98, 0x65, 0x98, 0x65, 0x98, 0x65, 0x98, 0x6D, 0x98, 0x6D, 0x98, 0x6D, 0x98, 0x6D, 0x78,
    0x6D, 0x78, 0x65, 0x57, 0x64, 0xF7, 0x5C, 0xB6, 0x43, 0xF3, 0x33, 0x30, 0x1A, 0x4C, 0x01, 0xAA,
    0x01, 0x8A, 0x01, 0x6A, 0x01, 0x8A, 0x01, 0x8B, 0x01, 0x6B, 0x01, 0x8B, 0x01, 0xCC, 0x01, 0xCC,
    0x01, 0xCC, 0x01, 0xED, 0x02, 0x0D, 0x02, 0x0D, 0x02, 0x0D, 0x02, 0x0D, 0x02, 0x0D, 0x02, 0x0E,
    0x02, 0x0E, 0x02, 0x0D, 0x02, 0x0D, 0x02, 0x0D, 0x02, 0x0D, 0x1A, 0xB0, 0x12, 0x4E, 0x02, 0x0D,
    0x02, 0x0D, 0x02, 0x0D, 0x02, 0x0D, 0x02, 0x0D, 0x02, 0x0D, 0x0A, 0x0D, 0x0A, 0x0D, 0x0A, 0x0D,
    0x0A, 0x0D, 0x12, 0x4E, 0x12, 0x4E, 0x12, 0x2E, 0x12, 0x4E, 0x0A, 0x2E, 0x0A, 0x2E, 0x0A, 0x2E,
    0x02, 0x0D, 0x02, 0x0D, 0x02, 0x0D, 0x02, 0x0D, 0x02, 0x0D, 0x02, 0x0D, 0x02, 0x0D, 0x02, 0x0D,
    0x02, 0x0D, 0x02, 0x0D, 0x02, 0x0D, 0x02, 0x0D, 0x01, 0xED, 0x09, 0xED, 0x01, 0x8C, 0x01, 0x2A,
    0x01, 0x4A, 0x09, 0xCC, 0x09, 0xEC, 0x01, 0xAA, 0x01, 0x88, 0x19, 0xE7, 0x3A, 0xA7, 0x4B, 0x07,
    0x5B, 0x88, 0x5B, 0xA9, 0x4B, 0x28, 0x3A, 0xA7, 0x22, 0x05, 0x09, 0xA7, 0x01, 0xC9, 0x01, 0xCB,
    0x01, 0xCC, 0x01, 0xED, 0x01, 0xED, 0x01, 0xED, 0x02, 0x0D, 0x02, 0x0D, 0x02, 0x0D, 0x01, 0xED,
    0x09, 0xED, 0x09, 0xED, 0x09, 0xED, 0x19, 0xED, 0x6D, 0x99, 0x6D, 0xB9, 0x6D, 0xB9, 0x65, 0xB8,
    0x65, 0xB8, 0x65, 0xB8, 0x65, 0xB8, 0x65, 0xB8, 0x65, 0xB8, 0x65, 0xB8, 0x65, 0xB8, 0x65, 0xB9,
    0x65, 0xB9, 0x6D, 0xB8, 0x6D, 0xB8, 0x6D, 0xB8, 0x6D, 0xB8, 0x6D, 0xB8, 0x6D, 0x76, 0x4B, 0x8F,
    0x00, 0x63, 0x00, 0x21, 0x00, 0x01, 0x00, 0x21, 0x00, 0x21, 0x00, 0x21, 0x32, 0x29, 0x75, 0x15,
    0x7D, 0x98, 0x75, 0xB8, 0x6D, 0xB8, 0x6D, 0x98, 0x6D, 0x98, 0x6D, 0x98, 0x6D, 0x98, 0x6D, 0x78,
    0x6D, 0x78, 0x6D, 0x78, 0x6D, 0x58, 0x65, 0x17, 0x5C, 0xD5, 0x54, 0x54, 0x43, 0xD2, 0x33, 0x0F,
    0x1A, 0x4C, 0x0A, 0x0C, 0x01, 0xCB, 0x01, 0xCB, 0x01, 0xCC, 0x01, 0xEC, 0x01, 0xEC, 0x01, 0xEC,
    0x01, 0xCC, 0x01, 0xCC, 0x01, 0xEC, 0x02, 0x0D, 0x0A, 0x0D, 0x0A, 0x2E, 0x0A, 0x2E, 0x02, 0x0D,
    0x02, 0x0D, 0x02, 0x0D, 0x02, 0x0D, 0x02, 0x0D, 0x02, 0x0D, 0x02, 0x0D, 0x02, 0x0E, 0x02, 0x0D,
    0x02, 0x0D, 0x02, 0x0D, 0x01, 0xED, 0x01, 0xED, 0x01, 0xED, 0x0A, 0x0E, 0x02, 0x0D, 0x02, 0x0D,
    0x02, 0x0D, 0x02, 0x0D, 0x02, 0x0D, 0x0A, 0x0D, 0x0A, 0x0D, 0x0A, 0x0D, 0x0A, 0x0E, 0x0A, 0x0D,
    0x0A, 0x0D, 0x0A, 0x0D, 0x01, 0xED, 0x01, 0xED, 0x02, 0x0D, 0x02, 0x2E, 0x02, 0x2E, 0x02, 0x0D,
    0x02, 0x0D, 0x02, 0x0D, 0x02, 0x0D, 0x02, 0x0D, 0x02, 0x0D, 0x02, 0x0D, 0x02, 0x0D, 0x01, 0xED,
    0x01, 0xED, 0x09, 0xED, 0x01, 0xCC, 0x01, 0x8B, 0x01, 0x6A, 0x01, 0x8B, 0x09, 0xAC, 0x01, 0xAB,
    0x01, 0x89, 0x11, 0x87, 0x2A, 0x26, 0x63, 0xEA, 0x84, 0xEB, 0x95, 0x4B, 0x9D, 0x4C, 0x9D, 0x4C,
    0x9D, 0x6C, 0x95, 0x4C, 0x95, 0x0C, 0x8C, 0xEB, 0x6C, 0x2A, 0x42, 0xE6, 0x11, 0x65, 0x01, 0xA8,
    0x01, 0xEB, 0x01, 0xEC, 0x02, 0x0D, 0x02, 0x0D, 0x02, 0x0D, 0x01, 0xED, 0x01, 0xED, 0x01, 0xED,
    0x09, 0xED, 0x09, 0xED, 0x19, 0xED, 0x4C, 0x74, 0x5D, 0x16, 0x75, 0x78, 0x6D, 0x78, 0x6D, 0x98,
    0x6D, 0xB8, 0x6D, 0xB8, 0x6D, 0x98, 0x6D, 0x98, 0x6D, 0xB8, 0x6D, 0xB9, 0x6D, 0xB9, 0x6D, 0xB9,
    0x6D, 0xB9, 0x6D, 0xB8, 0x6D, 0xB9, 0x6D, 0xB8, 0x6D, 0xB8, 0x75, 0xB8, 0x75, 0x36, 0x4B, 0x4E,
    0x00, 0x42, 0x00, 0x01, 0x00, 0x21, 0x00, 0x21, 0x00, 0x01, 0x00, 0x22, 0x53, 0x8F, 0x7D, 0x57,
    0x75, 0x98, 0x6D, 0x78, 0x6D, 0x58, 0x65, 0x37, 0x54, 0x95, 0x4C, 0x13, 0x43, 0xD2, 0x3B, 0x71,
    0x33, 0x0F, 0x1A, 0x6D, 0x01, 0xEB, 0x01, 0xCB, 0x01, 0xAB, 0x01, 0xAB, 0x01, 0xCC, 0x01, 0xEC,
    0x01, 0xEC, 0x02, 0x0D, 0x02, 0x0D, 0x02, 0x0D, 0x02, 0x0D, 0x02, 0x0D, 0x02, 0x0D, 0x02, 0x0D,
    0x01, 0xED, 0x02, 0x0D, 0x0A, 0x0D, 0x0A, 0x0E, 0x0A, 0x0D, 0x02, 0x0D, 0x02, 0x0D, 0x02, 0x0D,
    0x02, 0x0D, 0x02, 0x0D, 0x01, 0xED, 0x01, 0xED, 0x02, 0x0D, 0x02, 0x0D, 0x02, 0x0D, 0x02, 0x0D,
    0x02, 0x0D, 0x02, 0x0D, 0x02, 0x0D, 0x02, 0x0D, 0x02, 0x0D, 0x02, 0x0D, 0x02, 0x0D, 0x02, 0x0D,
    0x02, 0x0D, 0x0A, 0x0D, 0x0A, 0x0D, 0x0A, 0x2D, 0x12, 0x2D, 0x1A, 0x6E, 0x0A, 0x0D, 0x01, 0xED,
    0x01, 0xED, 0x01, 0xED, 0x01, 0xED, 0x02, 0x0D, 0x02, 0x2E, 0x02, 0x0D, 0x02, 0x0D, 0x02, 0x0D,
    0x02, 0x0D, 0x02, 0x0D, 0x02, 0x0D, 0x09, 0xED, 0x09, 0xED, 0x09, 0xED, 0x09, 0xCD, 0x01, 0x6B,
    0x01, 0x6B, 0x01, 0x8B, 0x09, 0xAC, 0x09, 0xCC, 0x01, 0xCC, 0x01, 0x8A, 0x01, 0x67, 0x32, 0x86,
    0x74, 0x6B, 0x95, 0x0C, 0x9D, 0x4C, 0x9D, 0x6B, 0x9D, 0x6B, 0x9D, 0x6B, 0x95, 0x6B, 0x9D, 0x6B,
    0x9D, 0x6B, 0x95, 0x4B, 0x8C, 0xEA, 0x95, 0x2B, 0x95, 0x2C, 0x7C, 0x8B, 0x4B, 0x08, 0x01, 0x86,
    0x02, 0x0A, 0x0A, 0x2C, 0x0A, 0x0D, 0x01, 0xED, 0x01, 0xED, 0x01, 0xED, 0x09, 0xED, 0x0A, 0x0D,
    0x09, 0xED, 0x19, 0xED, 0x33, 0xB0, 0x1A, 0xAD, 0x22, 0xCE, 0x33, 0x4F, 0x43, 0xD2, 0x54, 0x53,
    0x54, 0x54, 0x64, 0xD5, 0x64, 0xD5, 0x64, 0xF6, 0x64, 0xF6, 0x65, 0x17, 0x65, 0x17, 0x65, 0x37,
    0x65, 0x37, 0x65, 0x17, 0x65, 0x16, 0x65, 0x16, 0x6D, 0x17, 0x75, 0x16, 0x5C, 0x32, 0x19, 0x67,
    0x00, 0x22, 0x00, 0x01, 0x00, 0x21, 0x00, 0x01, 0x00, 0x22, 0x21, 0xC8, 0x43, 0x0E, 0x2A, 0xEE,
    0x0A, 0x0B, 0x0A, 0x0C, 0x01, 0xEB, 0x01, 0xCB, 0x01, 0xCB, 0x01, 0xCC, 0x01, 0xCC, 0x01, 0xCC,
    0x01, 0xEC, 0x01, 0xEC, 0x01, 0xED, 0x01, 0xEC, 0x01, 0xEC, 0x01, 0xED, 0x01, 0xED, 0x01, 0xED,
    0x01, 0xED, 0x01, 0xED, 0x01, 0xED, 0x02, 0x0D, 0x0A, 0x2D, 0x0A, 0x2D, 0x09, 0xED, 0x09, 0xED,
    0x0A, 0x0D, 0x0A, 0x0D, 0x09, 0xED, 0x01, 0xCD, 0x01, 0xED, 0x09, 0xED, 0x01, 0xED, 0x01, 0xCD,
    0x01, 0xCD, 0x01, 0xCC, 0x01, 0xAC, 0x01, 0xCD, 0x01, 0xED, 0x01, 0xED, 0x02, 0x0D, 0x02, 0x0D,
    0x02, 0x0D, 0x02, 0x0D, 0x02, 0x0D, 0x02, 0x0D, 0x02, 0x0D, 0x02, 0x0D, 0x02, 0x0D, 0x02, 0x0D,
    0x0A, 0x0D, 0x12, 0x4E, 0x0A, 0x0D, 0x0A, 0x0C, 0x1A, 0x6E, 0x12, 0x4E, 0x09, 0xED, 0x01, 0xED,
    0x01, 0xED, 0x01, 0xED, 0x02, 0x0D, 0x02, 0x2E, 0x0A, 0x2E, 0x0A, 0x0D, 0x0A, 0x0D, 0x0A, 0x0D,
    0x0A, 0x0D, 0x09, 0xED, 0x09, 0xCD, 0x01, 0xAC, 0x01, 0xAC, 0x01, 0x6B, 0x01, 0x6B, 0x01, 0xAC,
    0x09, 0xED, 0x0A, 0x0D, 0x0A, 0x0D, 0x01, 0xCA, 0x09, 0x66, 0x53, 0x68, 0x8D, 0x0C, 0x95, 0x4B,
    0x9D, 0x6B, 0x9D, 0x6B, 0x9D, 0x6B, 0x9D, 0x6B, 0x9D, 0x6B, 0x9D, 0x4B, 0x9D, 0x4C, 0x8D, 0x0B,
    0x7C, 0x8B, 0x4B, 0x06, 0x63, 0xC9, 0x74, 0x29, 0x8C, 0xEB, 0x95, 0x2D, 0x63, 0xCA, 0x1A, 0x29,
    0x12, 0x4C, 0x12, 0x2D, 0x01, 0xED, 0x01, 0xED, 0x0A, 0x0E, 0x0A, 0x0E, 0x12, 0x2E, 0x12, 0x0D,
    0x19, 0xED, 0x65, 0x98, 0x65, 0x57, 0x5D, 0x16, 0x54, 0xB4, 0x44, 0x12, 0x43, 0xB1, 0x33, 0x4F,
    0x1A, 0x6C, 0x12, 0x0A, 0x09, 0xCA, 0x09, 0xAA, 0x09, 0xAA, 0x09, 0x89, 0x11, 0xEB, 0x09, 0xCA,
    0x09, 0xCA, 0x09, 0xEA, 0x09, 0xCA, 0x11, 0xEB, 0x11, 0xCA, 0x09, 0xA9, 0x00, 0xC5, 0x00, 0x22,
    0x00, 0x21, 0x00, 0x21, 0x00, 0x01, 0x00, 0x01, 0x00, 0x43, 0x01, 0x27, 0x01, 0xAA, 0x01, 0xEC,
    0x02, 0x0C, 0x01, 0xEC, 0x01, 0xEC, 0x01, 0xEC, 0x01, 0xED, 0x01, 0xED, 0x01, 0xED, 0x01, 0xED,
    0x01, 0xED, 0x01, 0xEC, 0x01, 0xEC, 0x01, 0xEC, 0x01, 0xEC, 0x09, 0xED, 0x09, 0xEC, 0x01, 0xCC,
    0x01, 0xAC, 0x01, 0xCC, 0x01, 0xCC, 0x09, 0xED, 0x12, 0x0D, 0x09, 0xCC, 0x09, 0xAC, 0x09, 0xCD,
    0x01, 0xAC, 0x01, 0x6B, 0x01, 0x4B, 0x01, 0x6B, 0x01, 0xAC, 0x01, 0x8C, 0x01, 0x8C, 0x01, 0xAC,
    0x01, 0xAC, 0x01, 0xCD, 0x01, 0xED, 0x01, 0xED, 0x02, 0x0D, 0x02, 0x0D, 0x02, 0x0D, 0x02, 0x0D,
    0x02, 0x2E, 0x02, 0x2E, 0x02, 0x0D, 0x02, 0x0D, 0x0A, 0x0D, 0x02, 0x0D, 0x0A, 0x0D, 0x12, 0x2E,
    0x12, 0x2D, 0x01, 0xCB, 0x01, 0x89, 0x12, 0x0B, 0x12, 0x2D, 0x0A, 0x0D, 0x01, 0xED, 0x01, 0xED,
    0x01, 0xED, 0x02, 0x0D, 0x0A, 0x0D, 0x0A, 0x2E, 0x0A, 0x0D, 0x09, 0xED, 0x09, 0xED, 0x01, 0xAC,
    0x01, 0x4A, 0x01, 0x4A, 0x01, 0x6B, 0x01, 0xAC, 0x09, 0xED, 0x09, 0xEC, 0x0A, 0x0D, 0x0A, 0x0D,
    0x0A, 0x0C, 0x09, 0xEA, 0x2A, 0x68, 0x74, 0x6B, 0x95, 0x2B, 0x95, 0x4A, 0x95, 0x4A, 0x9D, 0x6B,
    0x9D, 0x6B, 0x9D, 0x6B, 0x9D, 0x6B, 0x95, 0x6B, 0x8C, 0xEB, 0x5B, 0x68, 0x2A, 0x03, 0x32, 0x85,
    0x3A, 0xA6, 0x3A, 0xA6, 0x42, 0xE5, 0x6B, 0xE7, 0x95, 0x4C, 0x95, 0x2D, 0x42, 0xC7, 0x01, 0xCA,
    0x0A, 0x0D, 0x09, 0xED, 0x0A, 0x0D, 0x0A, 0x0E, 0x12, 0x2E, 0x12, 0x2E, 0x1A, 0x4E, 0x1A, 0x2E,
    0x65, 0xB8, 0x65, 0xB8, 0x65, 0xB8, 0x65, 0x98, 0x65, 0x98, 0x6D, 0x98, 0x6D, 0x98, 0x6D, 0x58,
    0x65, 0x37, 0x5C, 0xD6, 0x5C, 0xB5, 0x4C, 0x33, 0x43, 0xF2, 0x43, 0xB1, 0x43, 0xB1, 0x33, 0x0F,
    0x1A, 0x8D, 0x22, 0x8D, 0x12, 0x4C, 0x09, 0xEA, 0x11, 0xEA, 0x09, 0x27, 0x00, 0x64, 0x00, 0x22,
    0x00, 0x21, 0x00, 0x01, 0x00, 0x01, 0x00, 0x02, 0x00, 0xC5, 0x01, 0x89, 0x01, 0xCB, 0x01, 0xCB,
    0x01, 0xEB, 0x01, 0xAB, 0x01, 0xAB, 0x01, 0xCB, 0x01, 0xCB, 0x01, 0xCB, 0x01, 0xCB, 0x01, 0xCB,
    0x01, 0xAB, 0x01, 0xAB, 0x09, 0xCB, 0x01, 0xAB, 0x01, 0x8B, 0x01, 0x4A, 0x01, 0x2A, 0x01, 0x0A,
    0x01, 0x2A, 0x01, 0x2A, 0x01, 0x6B, 0x01, 0x8B, 0x01, 0x6A, 0x01, 0x6B, 0x01, 0xAC, 0x01, 0x8C,
    0x01, 0x8C, 0x01, 0xAC, 0x09, 0xED, 0x01, 0xED, 0x01, 0xED, 0x01, 0xED, 0x02, 0x0D, 0x01, 0xED,
    0x01, 0xED, 0x02, 0x0D, 0x02, 0x0D, 0x02, 0x0D, 0x02, 0x0D, 0x02, 0x0D, 0x02, 0x0D, 0x02, 0x2E,
    0x02, 0x2E, 0x02, 0x0D, 0x0A, 0x0D, 0x0A, 0x0E, 0x0A, 0x0D, 0x0A, 0x2E, 0x12, 0x2D, 0x0A, 0x0D,
    0x12, 0x0C, 0x12, 0x2A, 0x09, 0xE8, 0x12, 0x0A, 0x12, 0x2D, 0x0A, 0x0D, 0x09, 0xED, 0x09, 0xED,
    0x09, 0xED, 0x09, 0xED, 0x12, 0x0D, 0x09, 0xED, 0x09, 0xAC, 0x01, 0x6B, 0x01, 0x4A, 0x01, 0x6B,
    0x09, 0xCC, 0x09, 0xED, 0x0A, 0x0D, 0x0A, 0x0D, 0x02, 0x0D, 0x02, 0x0D, 0x01, 0xEC, 0x01, 0xC8,
    0x32, 0xA7, 0x84, 0xCC, 0x95, 0x4C, 0x9D, 0x4A, 0x95, 0x4A, 0x9D, 0x6A, 0x9D, 0x6B, 0x9D, 0x6B,
    0x9D, 0x6B, 0x95, 0x4C, 0x74, 0x2A, 0x2A, 0x45, 0x11, 0x83, 0x63, 0xEA, 0x8D, 0x0C, 0x95, 0x4C,
    0x95, 0x2C, 0x95, 0x2C, 0x95, 0x4B, 0x9D, 0x4B, 0x9D, 0x4C, 0x74, 0x4A, 0x01, 0xA7, 0x01, 0xEC,
    0x01, 0xED, 0x0A, 0x0D, 0x0A, 0x0E, 0x12, 0x2E, 0x12, 0x2E, 0x12, 0x2E, 0x1A, 0x0D, 0x65, 0xB8,
    0x65, 0xB8, 0x65, 0xB8, 0x65, 0xB8, 0x65, 0xB8, 0x65, 0xB9, 0x6D, 0xB9, 0x6D, 0xB9, 0x6D, 0xB8,
    0x65, 0x98, 0x6D, 0x98, 0x65, 0x98, 0x6D, 0x98, 0x6D, 0x98, 0x65, 0x98, 0x6D, 0x78, 0x6D, 0x78,
    0x6D, 0x78, 0x6D, 0x78, 0x6D, 0x57, 0x75, 0x57, 0x6C, 0xD5, 0x4B, 0x4F, 0x00, 0x83, 0x00, 0x21,
    0x00, 0x01, 0x00, 0x01, 0x00, 0x01, 0x3A, 0x6B, 0x64, 0x73, 0x64, 0xD5, 0x5C, 0xD5, 0x54, 0x95,
    0x5C, 0xB5, 0x54, 0x95, 0x5C, 0xD6, 0x5C, 0xD6, 0x64, 0xB6, 0x64, 0xB6, 0x64, 0x95, 0x64, 0xB6,
    0x64, 0x75, 0x4B, 0xD3, 0x2A, 0xAE, 0x09, 0xAB, 0x01, 0x4A, 0x01, 0x2A, 0x01, 0x4B, 0x01, 0x4B,
    0x01, 0x6B, 0x09, 0xED, 0x0A, 0x0D, 0x0A, 0x0D, 0x12, 0x2E, 0x0A, 0x0D, 0x09, 0xED, 0x09, 0xED,
    0x02, 0x0D, 0x0A, 0x0E, 0x02, 0x0D, 0x02, 0x0D, 0x02, 0x0D, 0x02, 0x0D, 0x02, 0x0D, 0x02, 0x0D,
    0x02, 0x0D, 0x02, 0x0D, 0x02, 0x0D, 0x02, 0x0D, 0x02, 0x0E, 0x02, 0x2E, 0x02, 0x2E, 0x02, 0x2E,
    0x02, 0x0D, 0x0A, 0x2E, 0x0A, 0x2E, 0x0A, 0x2E, 0x0A, 0x2E, 0x12, 0x2D, 0x12, 0x2D, 0x12, 0x2D,
    0x1A, 0x2B, 0x43, 0x4C, 0x32, 0x88, 0x1A, 0x2A, 0x12, 0x2C, 0x12, 0x0D, 0x12, 0x0D, 0x09, 0xCC,
    0x09, 0xAB, 0x01, 0x6B, 0x01, 0x6A, 0x01, 0x8B, 0x09, 0xCC, 0x09, 0xED, 0x12, 0x0D, 0x09, 0xED,
    0x01, 0xED, 0x02, 0x0D, 0x02, 0x0D, 0x02, 0x0D, 0x01, 0xEC, 0x01, 0xA8, 0x4B, 0x08, 0x8C, 0xEC,
    0x95, 0x4C, 0x9D, 0x4B, 0x9D, 0x4A, 0x95, 0x4A, 0x95, 0x6A, 0x9D, 0x6B, 0x9D, 0x6B, 0x95, 0x4C,
    0x6C, 0x0A, 0x11, 0xE7, 0x01, 0xA6, 0x5B, 0xAA, 0x95, 0x2C, 0x9D, 0x6B, 0x9D, 0x6B, 0x9D, 0x6B,
    0x9D, 0x6B, 0x9D, 0x6B, 0x9D, 0x4B, 0x9D, 0x4B, 0x7C, 0xAB, 0x09, 0xC6, 0x01, 0xEB, 0x01, 0xED,
    0x01, 0xED, 0x0A, 0x0E, 0x0A, 0x2E, 0x12, 0x2E, 0x12, 0x0D, 0x1A, 0x0D, 0x65, 0xB9, 0x65, 0xB9,
    0x65, 0xB9, 0x65, 0xB9, 0x65, 0xB9, 0x65, 0xB9, 0x65, 0xB9, 0x65, 0xB9, 0x65, 0xB9, 0x65, 0xB8,
    0x65, 0xB8, 0x65, 0xB8, 0x65, 0xB8, 0x65, 0xB8, 0x65, 0xB8, 0x65, 0xB8, 0x6D, 0xB8, 0x6D, 0xB8,
    0x6D, 0xB8, 0x6D, 0xB8, 0x75, 0xB8, 0x75, 0x78, 0x64, 0xB4, 0x19, 0xA8, 0x00, 0x22, 0x00, 0x21,
    0x00, 0x01, 0x00, 0x01, 0x32, 0x2A, 0x7D, 0x36, 0x75, 0x97, 0x6D, 0x98, 0x65, 0x98, 0x65, 0x98,
    0x6D, 0xB8, 0x6D, 0xB9, 0x75, 0xB9, 0x75, 0x99, 0x75, 0x58, 0x64, 0xB5, 0x4B, 0xB1, 0x22, 0x4C,
    0x09, 0x8A, 0x01, 0x6A, 0x01, 0x6A, 0x01, 0x6A, 0x01, 0x8B, 0x09, 0xCC, 0x09, 0xED, 0x09, 0xED,
    0x0A, 0x2E, 0x12, 0x2E, 0x0A, 0x2E, 0x0A, 0x2E, 0x0A, 0x0E, 0x0A, 0x0D, 0x02, 0x0D, 0x02, 0x0D,
    0x02, 0x0D, 0x02, 0x0D, 0x02, 0x0D, 0x02, 0x0D, 0x02, 0x0D, 0x02, 0x0D, 0x02, 0x0D, 0x02, 0x0D,
    0x02, 0x2D, 0x02, 0x2D, 0x02, 0x2D, 0x02, 0x2E, 0x02, 0x2D, 0x02, 0x0D, 0x02, 0x2E, 0x02, 0x2E,
    0x0A, 0x2E, 0x0A, 0x2E, 0x0A, 0x2E, 0x0A, 0x2E, 0x12, 0x2D, 0x12, 0x0D, 0x12, 0x2D, 0x12, 0x0C,
    0x22, 0x4A, 0x53, 0x4B, 0x42, 0xC8, 0x1A, 0x29, 0x11, 0xEB, 0x09, 0x8B, 0x01, 0x2A, 0x01, 0x0A,
    0x09, 0x8B, 0x09, 0xCC, 0x12, 0x0D, 0x12, 0x0D, 0x0A, 0x0D, 0x0A, 0x0D, 0x01, 0xED, 0x01, 0xED,
    0x02, 0x0D, 0x02, 0x0D, 0x01, 0xEC, 0x01, 0x67, 0x42, 0xC7, 0x8D, 0x0C, 0x9D, 0x4C, 0x9D, 0x4B,
    0x9D, 0x6B, 0x9D, 0x6B, 0x9D, 0x6B, 0x9D, 0x4B, 0x95, 0x4B, 0x95, 0x4C, 0x6C, 0x4B, 0x11, 0xE8,
    0x01, 0xA9, 0x21, 0xE5, 0x8D, 0x0C, 0x9D, 0x6C, 0x9D, 0x6B, 0x9D, 0x4C, 0x9D, 0x6B, 0x9D, 0x6B,
    0x9D, 0x6B, 0x9D, 0x6B, 0x95, 0x4B, 0x84, 0xEB, 0x11, 0xC6, 0x01, 0xCC, 0x01, 0xED, 0x01, 0xED,
    0x01, 0xED, 0x0A, 0x0D, 0x0A, 0x0D, 0x0A, 0x0D, 0x19, 0xED, 0x65, 0xB8, 0x65, 0xB8, 0x65, 0xB8,
    0x65, 0xB9, 0x65, 0xB9, 0x65, 0xB9, 0x65, 0xB9, 0x65, 0xB9, 0x65, 0xB9, 0x65, 0xB9, 0x65, 0xB9,
    0x65, 0xB9, 0x65, 0xB9, 0x65, 0xB8, 0x65, 0x98, 0x65, 0xB8, 0x65, 0xB8, 0x65, 0xB8, 0x6D, 0xB8,
    0x6D, 0xB8, 0x6D, 0xB8, 0x6D, 0x98, 0x6D, 0x36, 0x43, 0x4E, 0x08, 0xC4, 0x00, 0x42, 0x00, 0x01,
    0x00, 0x01, 0x11, 0x05, 0x5B, 0xF1, 0x75, 0x97, 0x65, 0xB7, 0x65, 0xB8, 0x6D, 0x98, 0x6D, 0x78,
    0x6D, 0x78, 0x5C, 0xB5, 0x43, 0xB2, 0x22, 0x6D, 0x01, 0x49, 0x01, 0x6A, 0x01, 0x49, 0x01, 0x6A,
    0x09, 0xCC, 0x09, 0xED, 0x09, 0xEC, 0x0A, 0x0D, 0x0A, 0x0D, 0x0A, 0x0E, 0x0A, 0x0D, 0x0A, 0x0D,
    0x0A, 0x2E, 0x0A, 0x2E, 0x0A, 0x0E, 0x02, 0x0D, 0x02, 0x0D, 0x02, 0x0D, 0x02, 0x0D, 0x02, 0x0D,
    0x02, 0x0D, 0x02, 0x0D, 0x02, 0x0D, 0x02, 0x0D, 0x02, 0x0D, 0x02, 0x0D, 0x02, 0x0D, 0x02, 0x2D,
    0x02, 0x2D, 0x02, 0x0D, 0x02, 0x0E, 0x02, 0x0D, 0x02, 0x0D, 0x02, 0x0E, 0x0A, 0x2E, 0x0A, 0x2E,
    0x0A, 0x2E, 0x0A, 0x0E, 0x0A, 0x0D, 0x0A, 0x0D, 0x12, 0x0D, 0x12, 0x0D, 0x12, 0x2C, 0x12, 0x0B,
    0x09, 0x67, 0x3A, 0x67, 0x4A, 0xE8, 0x11, 0x45, 0x01, 0x07, 0x09, 0x8A, 0x11, 0xCC, 0x11, 0xED,
    0x12, 0x0D, 0x0A, 0x0D, 0x0A, 0x0D, 0x0A, 0x0D, 0x02, 0x0D, 0x01, 0xED, 0x01, 0xED, 0x01, 0xEC,
    0x0A, 0x0C, 0x01, 0x67, 0x3A, 0x65, 0x8C, 0xCB, 0x9D, 0x6B, 0x9D, 0x6B, 0x9D, 0x6B, 0x95, 0x6B,
    0x95, 0x6B, 0x95, 0x4B, 0x95, 0x4B, 0x95, 0x2B, 0x74, 0x2A, 0x1A, 0x28, 0x01, 0xEB, 0x01, 0xC9,
    0x53, 0x28, 0x9D, 0x4C, 0x9D, 0x6B, 0x9D, 0x6B, 0x9D, 0x6B, 0x9D, 0x6B, 0x9D, 0x6B, 0x9D, 0x6B,
    0x9D, 0x4B, 0x95, 0x4B, 0x84, 0xAB, 0x11, 0xA6, 0x01, 0xEC, 0x01, 0xED, 0x01, 0xED, 0x01, 0xED,
    0x09, 0xED, 0x09, 0xED, 0x12, 0x2E, 0x1A, 0x2D, 0x65, 0xB8, 0x65, 0xB8, 0x65, 0xB8, 0x65, 0xB9,
    0x65, 0xB9, 0x65, 0xB9, 0x65, 0xB9, 0x65, 0xB9, 0x65, 0xB9, 0x65, 0xB9, 0x65, 0xB9, 0x65, 0xB9,
    0x65, 0xB9, 0x65, 0xB8, 0x65, 0xB8, 0x65, 0xB8, 0x65, 0xB9, 0x65, 0xB8, 0x65, 0xB8, 0x6D, 0xB8,
    0x6D, 0xB8, 0x6D, 0x98, 0x6D, 0x77, 0x64, 0x93, 0x3A, 0xCC, 0x08, 0xA4, 0x00, 0x01, 0x00, 0x01,
    0x00, 0x22, 0x42, 0xEC, 0x7D, 0x56, 0x75, 0x97, 0x6D, 0x57, 0x5C, 0x95, 0x43, 0x91, 0x2A, 0x8D,
    0x01, 0x8A, 0x01, 0x6A, 0x01, 0x6A, 0x01, 0x8B, 0x09, 0xCC, 0x09, 0xEC, 0x0A, 0x0D, 0x0A, 0x0D,
    0x0A, 0x0D, 0x0A, 0x0D, 0x0A, 0x2D, 0x0A, 0x2E, 0x0A, 0x2E, 0x0A, 0x2E, 0x0A, 0x0D, 0x0A, 0x0E,
    0x0A, 0x0E, 0x0A, 0x2E, 0x02, 0x0E, 0x02, 0x0D, 0x02, 0x0D, 0x02, 0x2E, 0x02, 0x2E, 0x02, 0x0E,
    0x02, 0x0E, 0x02, 0x2E, 0x02, 0x0D, 0x02, 0x0D, 0x02, 0x0D, 0x02, 0x0D, 0x02, 0x2D, 0x02, 0x2D,
    0x02, 0x0D, 0x02, 0x0E, 0x02, 0x0D, 0x02, 0x0D, 0x02, 0x0D, 0x0A, 0x0E, 0x0A, 0x2E, 0x12, 0x0E,
    0x0A, 0x0D, 0x09, 0xED, 0x09, 0xEC, 0x09, 0xCC, 0x09, 0xCC, 0x09, 0xAB, 0x09, 0xAA, 0x01, 0x68,
    0x09, 0x88, 0x32, 0x47, 0x53, 0x29, 0x19, 0x85, 0x09, 0xC9, 0x11, 0xEC, 0x11, 0xED, 0x0A, 0x0D,
    0x0A, 0x0D, 0x0A, 0x0D, 0x02, 0x2E, 0x02, 0x0D, 0x02, 0x0D, 0x01, 0xEC, 0x01, 0xCB, 0x01, 0x26,
    0x42, 0x66, 0x8C, 0xEB, 0x95, 0x4B, 0x9D, 0x6B, 0x9D, 0x4B, 0x9D, 0x6B, 0x95, 0x6B, 0x9D, 0x6B,
    0x9D, 0x4B, 0x95, 0x4B, 0x6C, 0x2A, 0x12, 0x08, 0x01, 0xEB, 0x09, 0xEC, 0x01, 0xC9, 0x63, 0xEA,
    0x95, 0x4C, 0x9D, 0x6B, 0x9D, 0x6B, 0x9D, 0x6B, 0x9D, 0x6B, 0x9D, 0x6B, 0x9D, 0x6B, 0x9D, 0x6B,
    0x95, 0x4C, 0x84, 0xAB, 0x09, 0x66, 0x01, 0xEC, 0x01, 0xED, 0x01, 0xED, 0x09, 0xED, 0x0A, 0x0D,
    0x0A, 0x0E, 0x12, 0x2E, 0x1A, 0x2E, 0x65, 0xB8, 0x65, 0xB9, 0x65, 0xB9, 0x65, 0xB9, 0x65, 0xD9,
    0x65, 0xB9, 0x65, 0xB8, 0x65, 0xB9, 0x65, 0xB9, 0x65, 0xB9, 0x65, 0xB9, 0x65, 0xB9, 0x65, 0xB9,
    0x65, 0xB9, 0x65, 0xB9, 0x65, 0xB8, 0x65, 0xB8, 0x65, 0xB8, 0x65, 0xB8, 0x65, 0xB8, 0x65, 0xB8,
    0x65, 0x98, 0x6D, 0x97, 0x6D, 0x16, 0x4B, 0x2E, 0x08, 0x84, 0x00, 0x01, 0x00, 0x01, 0x00, 0x21,
    0x29, 0xC8, 0x6C, 0x52, 0x4B, 0x90, 0x2A, 0x6C, 0x01, 0x49, 0x01, 0x08, 0x01, 0x29, 0x01, 0x8A,
    0x01, 0xCC, 0x01, 0xEC, 0x0A, 0x2D, 0x0A, 0x2D, 0x0A, 0x0D, 0x0A, 0x2D, 0x02, 0x2D, 0x02, 0x0D,
    0x02, 0x0D, 0x02, 0x2E, 0x0A, 0x2E, 0x0A, 0x2E, 0x0A, 0x0E, 0x02, 0x0D, 0x02, 0x0D, 0x0A, 0x0E,
    0x0A, 0x2E, 0x0A, 0x2E, 0x02, 0x2E, 0x02, 0x2E, 0x02, 0x2E, 0x02, 0x2E, 0x02, 0x2E, 0x02, 0x2E,
    0x02, 0x2E, 0x02, 0x0D, 0x02, 0x0D, 0x02, 0x0D, 0x02, 0x0D, 0x02, 0x2D, 0x02, 0x2E, 0x02, 0x0D,
    0x02, 0x0D, 0x02, 0x0D, 0x02, 0x0D, 0x02, 0x0D, 0x0A, 0x0D, 0x12, 0x2E, 0x12, 0x2E, 0x12, 0x0D,
    0x09, 0xAC, 0x01, 0x8B, 0x01, 0x6B, 0x01, 0x4A, 0x01, 0x2A, 0x09, 0x8B, 0x1A, 0x2D, 0x1A, 0x4C,
    0x09, 0x88, 0x21, 0xE7, 0x5B, 0x8A, 0x32, 0x67, 0x01, 0xC9, 0x0A, 0x0C, 0x12, 0x0D, 0x0A, 0x0D,
    0x0A, 0x0E, 0x0A, 0x2E, 0x02, 0x2E, 0x02, 0x0D, 0x01, 0xEC, 0x01, 0x67, 0x3A, 0x45, 0x8C, 0xCB,
    0x9D, 0x4C, 0x95, 0x6B, 0x95, 0x6B, 0x9D, 0x6B, 0x9D, 0x6B, 0x9D, 0x6B, 0x9D, 0x4B, 0x95, 0x4C,
    0x6C, 0x2B, 0x11, 0xE8, 0x01, 0xEB, 0x0A, 0x0D, 0x09, 0xED, 0x01, 0xA9, 0x63, 0xEA, 0x95, 0x4C,
    0x9D, 0x6C, 0x9D, 0x6B, 0x9D, 0x6C, 0x9D, 0x6B, 0x9D, 0x6B, 0x9D, 0x6B, 0x9D, 0x6C, 0x9D, 0x4C,
    0x74, 0x4A, 0x01, 0x87, 0x0A, 0x0D, 0x0A, 0x0D, 0x02, 0x0D, 0x0A, 0x0D, 0x0A, 0x0D, 0x12, 0x0E,
    0x12, 0x0E, 0x1A, 0x0D, 0x65, 0xB8, 0x65, 0xD9, 0x65, 0xB9, 0x65, 0xB9, 0x65, 0xB9, 0x65, 0xB9,
    0x65, 0xB9, 0x65, 0xB8, 0x65, 0xB8, 0x65, 0xB9, 0x65, 0xB9, 0x65, 0xB9, 0x65, 0xB8, 0x65, 0xB8,
    0x65, 0xB8, 0x65, 0xB8, 0x65, 0xB8, 0x65, 0xB8, 0x65, 0xB8, 0x65, 0xB8, 0x6D, 0xB8, 0x65, 0xB8,
    0x6D, 0xB8, 0x6D, 0x57, 0x64, 0x32, 0x08, 0x84, 0x00, 0x22, 0x00, 0x21, 0x00, 0x01, 0x00, 0x22,
    0x00, 0xA5, 0x09, 0x69, 0x11, 0xCB, 0x19, 0xEC, 0x11, 0xCC, 0x11, 0xEC, 0x0A, 0x0D, 0x0A, 0x0D,
    0x0A, 0x0D, 0x02, 0x2D, 0x0A, 0x2D, 0x0A, 0x0D, 0x02, 0x0D, 0x02, 0x0D, 0x02, 0x0D, 0x02, 0x2E,
    0x02, 0x2E, 0x02, 0x2E, 0x0A, 0x2E, 0x0A, 0x2E, 0x02, 0x0D, 0x02, 0x0D, 0x02, 0x0E, 0x02, 0x2E,
    0x0A, 0x2E, 0x02, 0x2E, 0x0A, 0x2E, 0x0A, 0x2E, 0x0A, 0x2E, 0x0A, 0x2E, 0x0A, 0x2E, 0x0A, 0x0E,
    0x02, 0x0E, 0x02, 0x0D, 0x02, 0x0D, 0x02, 0x0D, 0x02, 0x0D, 0x02, 0x0D, 0x02, 0x0D, 0x02, 0x0D,
    0x02, 0x0D, 0x0A, 0x0D, 0x01, 0xED, 0x09, 0xED, 0x09, 0xCC, 0x09, 0xAC, 0x01, 0x6B, 0x01, 0x4A,
    0x01, 0x4A, 0x01, 0x8B, 0x09, 0xCC, 0x11, 0xED, 0x1A, 0x2D, 0x1A, 0x4E, 0x1A, 0x2D, 0x11, 0xEC,
    0x01, 0xAA, 0x21, 0xE7, 0x53, 0x6A, 0x3A, 0xA7, 0x12, 0x09, 0x0A, 0x2C, 0x0A, 0x2C, 0x0A, 0x0D,
    0x0A, 0x0E, 0x0A, 0x0D, 0x01, 0xEC, 0x01, 0xC9, 0x3A, 0x87, 0x84, 0xCC, 0x95, 0x4B, 0x9D, 0x4B,
    0x9D, 0x4B, 0x95, 0x6B, 0x9D, 0x6B, 0x95, 0x6B, 0x95, 0x6C, 0x95, 0x4C, 0x6C, 0x2A, 0x11, 0xE7,
    0x01, 0xEB, 0x01, 0xEC, 0x01, 0xED, 0x01, 0xEC, 0x01, 0x89, 0x53, 0x49, 0x95, 0x4D, 0x9D, 0x6C,
    0x9D, 0x6C, 0x9D, 0x6B, 0x9D, 0x6B, 0x9D, 0x6B, 0x9D, 0x6B, 0x9D, 0x6C, 0x95, 0x4C, 0x63, 0xEB,
    0x09, 0xEA, 0x12, 0x4E, 0x0A, 0x0E, 0x09, 0xED, 0x09, 0xED, 0x11, 0xED, 0x11, 0xED, 0x12, 0x0E,
    0x19, 0xED, 0x65, 0xB9, 0x65, 0xB9, 0x65, 0xB9, 0x65, 0xB9, 0x65, 0xB9, 0x65, 0xB9, 0x65, 0xB9,
    0x65, 0xB9, 0x65, 0xB8, 0x65, 0xB8, 0x6D, 0xB8, 0x65, 0xB8, 0x65, 0xB8, 0x65, 0xB8, 0x6D, 0xB8,
    0x6D, 0xB8, 0x6D, 0xB8, 0x6D, 0xB8, 0x6D, 0xB8, 0x6D, 0xB8, 0x75, 0xB8, 0x75, 0x98, 0x6D, 0x77,
    0x6C, 0xF5, 0x53, 0x90, 0x00, 0x84, 0x00, 0x22, 0x00, 0x21, 0x00, 0x01, 0x00, 0x22, 0x00, 0xA5,
    0x19, 0xEB, 0x1A, 0x0D, 0x1A, 0x4E, 0x1A, 0x2E, 0x12, 0x0D, 0x0A, 0x0D, 0x0A, 0x0D, 0x02, 0x0D,
    0x02, 0x0D, 0x02, 0x0D, 0x02, 0x0D, 0x02, 0x0E, 0x02, 0x2E, 0x02, 0x2E, 0x02, 0x2E, 0x02, 0x2E,
    0x02, 0x2E, 0x02, 0x2E, 0x0A, 0x4E, 0x0A, 0x2E, 0x02, 0x2E, 0x02, 0x2E, 0x02, 0x2E, 0x02, 0x2E,
    0x02, 0x2E, 0x0A, 0x2E, 0x0A, 0x2E, 0x0A, 0x2E, 0x0A, 0x0E, 0x0A, 0x0E, 0x0A, 0x0E, 0x0A, 0x0D,
    0x0A, 0x0D, 0x0A, 0x0D, 0x02, 0x0D, 0x01, 0xED, 0x09, 0xED, 0x09, 0xED, 0x09, 0xED, 0x09, 0xED,
    0x01, 0xCC, 0x01, 0x8B, 0x01, 0x4B, 0x01, 0x4A, 0x01, 0x6B, 0x01, 0x8C, 0x09, 0xAC, 0x09, 0xCD,
    0x09, 0xED, 0x12, 0x0D, 0x12, 0x0D, 0x12, 0x0D, 0x12, 0x2E, 0x12, 0x2E, 0x12, 0x0D, 0x09, 0xEC,
    0x01, 0xCB, 0x19, 0xC7, 0x5B, 0x8A, 0x5B, 0xAA, 0x1A, 0x48, 0x0A, 0x4B, 0x02, 0x0C, 0x09, 0xED,
    0x0A, 0x0C, 0x01, 0xCA, 0x3A, 0x87, 0x8C, 0xCC, 0x95, 0x4C, 0x95, 0x6A, 0x9D, 0x4B, 0x9D, 0x6B,
    0x9D, 0x6B, 0x9D, 0x6B, 0x95, 0x6B, 0x95, 0x4B, 0x6C, 0x0A, 0x11, 0xC7, 0x01, 0xEB, 0x02, 0x0C,
    0x01, 0xED, 0x01, 0xED, 0x01, 0xED, 0x01, 0xAB, 0x11, 0xE7, 0x6C, 0x2B, 0x95, 0x4D, 0x95, 0x4C,
    0x95, 0x6B, 0x95, 0x6B, 0x9D, 0x6B, 0x95, 0x4B, 0x95, 0x4C, 0x74, 0x8C, 0x22, 0x89, 0x02, 0x0B,
    0x12, 0x2D, 0x0A, 0x0D, 0x09, 0xED, 0x09, 0xEC, 0x11, 0xEC, 0x11, 0xEC, 0x12, 0x0D, 0x19, 0xED,
    0x65, 0xB8, 0x65, 0xB9, 0x6D, 0xD9, 0x65, 0xB9, 0x65, 0xB9, 0x65, 0xB8, 0x65, 0xB8, 0x65, 0xB8,
    0x65, 0xB8, 0x6D, 0xB8, 0x6D, 0xB8, 0x6D, 0xB8, 0x6D, 0xB8, 0x6D, 0xB8, 0x6D, 0xB8, 0x6D, 0xB8,
    0x75, 0x98, 0x75, 0x98, 0x75, 0x98, 0x75, 0x58, 0x64, 0xF6, 0x54, 0x13, 0x2A, 0xAD, 0x09, 0x48,
    0x00, 0xE7, 0x00, 0x24, 0x00, 0x22, 0x00, 0x21, 0x00, 0x21, 0x00, 0x42, 0x00, 0xA4, 0x19, 0xAA,
    0x11, 0xEC, 0x12, 0x0D, 0x12, 0x2D, 0x0A, 0x0D, 0x0A, 0x2E, 0x0A, 0x0E, 0x02, 0x0E, 0x02, 0x2E,
    0x02, 0x0D, 0x02, 0x0D, 0x02, 0x0D, 0x02, 0x0D, 0x02, 0x2E, 0x02, 0x2E, 0x02, 0x0D, 0x02, 0x2E,
    0x02, 0x2E, 0x0A, 0x2E, 0x0A, 0x2E, 0x02, 0x2E, 0x02, 0x2E, 0x02, 0x2E, 0x02, 0x2E, 0x02, 0x0E,
    0x0A, 0x2E, 0x0A, 0x0E, 0x0A, 0x0D, 0x0A, 0x0D, 0x0A, 0x0D, 0x0A, 0x0D, 0x0A, 0x0D, 0x12, 0x0D,
    0x12, 0x0D, 0x12, 0x0D, 0x09, 0xEC, 0x11, 0xCD, 0x11, 0xCD, 0x09, 0x8C, 0x01, 0x2A, 0x01, 0x4A,
    0x01, 0x6B, 0x01, 0xAC, 0x09, 0xCC, 0x0A, 0x0D, 0x0A, 0x0D, 0x0A, 0x0D, 0x09, 0xED, 0x0A, 0x0D,
    0x0A, 0x0D, 0x0A, 0x0D, 0x12, 0x2D, 0x12, 0x2E, 0x12, 0x0E, 0x0A, 0x0D, 0x0A, 0x0D, 0x09, 0xED,
    0x09, 0xEB, 0x09, 0xC8, 0x53, 0x6A, 0x64, 0x0B, 0x3A, 0xE9, 0x0A, 0x0A, 0x01, 0xEC, 0x01, 0xEA,
    0x42, 0xC7, 0x8C, 0xCC, 0x95, 0x4C, 0x95, 0x6B, 0x9D, 0x6A, 0x9D, 0x6B, 0x9D, 0x6B, 0x9D, 0x6B,
    0x9D, 0x6B, 0x95, 0x4C, 0x6C, 0x0A, 0x11, 0xC6, 0x01, 0xEB, 0x02, 0x0C, 0x02, 0x0D, 0x02, 0x0D,
    0x01, 0xED, 0x01, 0xED, 0x02, 0x0D, 0x02, 0x0A, 0x1A, 0x07, 0x5B, 0xA9, 0x7C, 0x8B, 0x8C, 0xEB,
    0x95, 0x2C, 0x95, 0x2C, 0x84, 0xCC, 0x5B, 0xCA, 0x1A, 0x49, 0x01, 0xCA, 0x01, 0xCB, 0x02, 0x0B,
    0x02, 0x0A, 0x01, 0x88, 0x01, 0x67, 0x01, 0x47, 0x01, 0x67, 0x01, 0xA9, 0x11, 0xEB, 0x65, 0xB8,
    0x6D, 0xB9, 0x6D, 0xB9, 0x6D, 0xB8, 0x65, 0xB8, 0x65, 0xB8, 0x65, 0xB8, 0x6D, 0xB8, 0x6D, 0xB8,
    0x6D, 0xB8, 0x6D, 0xB8, 0x6D, 0x98, 0x6D, 0x98, 0x75, 0x98, 0x75, 0x98, 0x6D, 0x78, 0x6D, 0x37,
    0x5C, 0xB5, 0x43, 0xD2, 0x22, 0x8D, 0x09, 0xCA, 0x01, 0x6A, 0x01, 0x8A, 0x09, 0xAB, 0x11, 0xCB,
    0x09, 0x07, 0x00, 0x23, 0x00, 0x22, 0x00, 0x21, 0x00, 0x21, 0x00, 0x43, 0x09, 0x28, 0x11, 0xCB,
    0x0A, 0x0D, 0x0A, 0x0D, 0x0A, 0x0D, 0x02, 0x0E, 0x02, 0x0E, 0x02, 0x0D, 0x02, 0x0D, 0x02, 0x0D,
    0x02, 0x0D, 0x02, 0x0D, 0x02, 0x0D, 0x02, 0x0D, 0x02, 0x0D, 0x02, 0x0D, 0x02, 0x0D, 0x02, 0x0D,
    0x0A, 0x2E, 0x0A, 0x2E, 0x0A, 0x2E, 0x0A, 0x2E, 0x0A, 0x0D, 0x0A, 0x0D, 0x0A, 0x0D, 0x0A, 0x0D,
    0x0A, 0x0D, 0x0A, 0x0D, 0x09, 0xED, 0x09, 0xED, 0x11, 0xED, 0x12, 0x0D, 0x12, 0x2D, 0x11, 0xED,
    0x09, 0xAB, 0x01, 0x2A, 0x01, 0x2A, 0x09, 0x8B, 0x09, 0x8C, 0x09, 0xAC, 0x09, 0xCC, 0x0A, 0x0D,
    0x0A, 0x0D, 0x0A, 0x2D, 0x0A, 0x2E, 0x0A, 0x2E, 0x02, 0x0E, 0x02, 0x0D, 0x0A, 0x0D, 0x0A, 0x2D,
    0x0A, 0x2D, 0x0A, 0x2D, 0x0A, 0x2D, 0x0A, 0x0D, 0x0A, 0x0D, 0x0A, 0x0D, 0x0A, 0x0D, 0x0A, 0x0C,
    0x09, 0xEC, 0x09, 0xEA, 0x42, 0xC8, 0x7C, 0x6C, 0x53, 0x8A, 0x1A, 0x07, 0x4B, 0x07, 0x8C, 0xCB,
    0x95, 0x4B, 0x95, 0x6B, 0x9D, 0x6B, 0x9D, 0x6B, 0x9D, 0x6B, 0x9D, 0x6B, 0x9D, 0x4B, 0x95, 0x4C,
    0x74, 0x2A, 0x11, 0xC6, 0x01, 0xEB, 0x01, 0xEC, 0x02, 0x0D, 0x02, 0x0D, 0x02, 0x0D, 0x02, 0x0D,
    0x02, 0x0D, 0x02, 0x0D, 0x02, 0x0C, 0x01, 0xEB, 0x12, 0x09, 0x22, 0x47, 0x2A, 0x66, 0x43, 0x08,
    0x3A, 0xC8, 0x1A, 0x28, 0x01, 0xE9, 0x01, 0xE9, 0x11, 0xC8, 0x2A, 0x47, 0x63, 0xCA, 0x7C, 0x8C,
    0x74, 0x2A, 0x6B, 0xC8, 0x63, 0x87, 0x6B, 0xC8, 0x74, 0x0A, 0x32, 0x26, 0x6D, 0xB8, 0x6D, 0xB9,
    0x6D, 0xB9, 0x6D, 0xB8, 0x6D, 0xB8, 0x6D, 0x98, 0x6D, 0x98, 0x6D, 0x98, 0x6D, 0x98, 0x6D, 0x78,
    0x75, 0x57, 0x75, 0x17, 0x64, 0x75, 0x4B, 0xD2, 0x3B, 0x0F, 0x22, 0x6D, 0x0A, 0x0C, 0x01, 0xAB,
    0x01, 0xEC, 0x02, 0x0C, 0x02, 0x0D, 0x02, 0x0D, 0x02, 0x0D, 0x02, 0x0D, 0x0A, 0x0D, 0x09, 0x8A,
    0x00, 0x43, 0x00, 0x22, 0x00, 0x21, 0x00, 0x21, 0x00, 0x22, 0x00, 0xA5, 0x09, 0x8A, 0x09, 0xEC,
    0x0A, 0x0D, 0x02, 0x0D, 0x02, 0x0D, 0x02, 0x2E, 0x02, 0x0D, 0x02, 0x0D, 0x02, 0x0D, 0x02, 0x0D,
    0x02, 0x0D, 0x02, 0x0D, 0x02, 0x0D, 0x02, 0x0D, 0x02, 0x0D, 0x02, 0x0D, 0x0A, 0x2E, 0x0A, 0x2E,
    0x0A, 0x2E, 0x0A, 0x0E, 0x0A, 0x0D, 0x0A, 0x0D, 0x0A, 0x0D, 0x0A, 0x0D, 0x12, 0x0D, 0x12, 0x0D,
    0x11, 0xED, 0x09, 0xAC, 0x09, 0x8B, 0x09, 0x6B, 0x01, 0x4A, 0x01, 0x6A, 0x01, 0x6B, 0x01, 0x6B,
    0x01, 0x6B, 0x09, 0xCC, 0x12, 0x0D, 0x0A, 0x0D, 0x0A, 0x0D, 0x0A, 0x0D, 0x02, 0x0D, 0x02, 0x0D,
    0x02, 0x2E, 0x0A, 0x2E, 0x02, 0x2E, 0x02, 0x2E, 0x02, 0x0E, 0x0A, 0x2E, 0x0A, 0x2E, 0x0A, 0x2E,
    0x0A, 0x2E, 0x0A, 0x0D, 0x0A, 0x0D, 0x0A, 0x0D, 0x0A, 0x0D, 0x02, 0x0D, 0x02, 0x0D, 0x09, 0xED,
    0x01, 0xEC, 0x01, 0xC9, 0x42, 0xE7, 0x8C, 0xED, 0x84, 0xAB, 0x95, 0x2C, 0x95, 0x4C, 0x95, 0x4B,
    0x95, 0x6B, 0x9D, 0x6B, 0x9D, 0x6B, 0x9D, 0x6B, 0x9D, 0x6B, 0x95, 0x4C, 0x74, 0x4B, 0x19, 0xE6,
    0x01, 0xCB, 0x02, 0x0C, 0x02, 0x0D, 0x02, 0x0D, 0x02, 0x0D, 0x02, 0x0D, 0x02, 0x0D, 0x02, 0x0D,
    0x02, 0x0D, 0x01, 0xED, 0x01, 0xED, 0x01, 0xEB, 0x01, 0xCA, 0x01, 0xEA, 0x01, 0xEA, 0x01, 0xEB,
    0x01, 0xEA, 0x1A, 0x07, 0x5B, 0xAA, 0x74, 0x8B, 0x8C, 0xEB, 0x95, 0x4B, 0x95, 0x6B, 0x95, 0x4B,
    0x95, 0x4B, 0x95, 0x4B, 0x95, 0x6C, 0x95, 0x4C, 0x84, 0xAB, 0x6D, 0x98, 0x6D, 0x98, 0x75, 0x99,
    0x6D, 0x78, 0x6D, 0x58, 0x6D, 0x37, 0x64, 0xD5, 0x5C, 0x54, 0x54, 0x13, 0x43, 0x91, 0x22, 0x4C,
    0x11, 0xAA, 0x01, 0x29, 0x01, 0x6A, 0x01, 0xAB, 0x01, 0xCC, 0x01, 0xEC, 0x01, 0xEC, 0x02, 0x2D,
    0x02, 0x2E, 0x02, 0x2D, 0x02, 0x0D, 0x02, 0x0D, 0x02, 0x0D, 0x0A, 0x0D, 0x11, 0xEB, 0x00, 0xC6,
    0x00, 0x22, 0x00, 0x21, 0x00, 0x21, 0x00, 0x22, 0x00, 0x44, 0x09, 0x8A, 0x11, 0xEC, 0x0A, 0x0D,
    0x02, 0x0E, 0x02, 0x0D, 0x02, 0x0D, 0x02, 0x0D, 0x02, 0x0D, 0x02, 0x0D, 0x02, 0x0D, 0x02, 0x0D,
    0x0A, 0x0D, 0x0A, 0x0D, 0x0A, 0x0D, 0x0A, 0x0D, 0x0A, 0x0D, 0x12, 0x4E, 0x12, 0x2E, 0x0A, 0x0D,
    0x0A, 0x0D, 0x0A, 0x0D, 0x0A, 0x0D, 0x09, 0xED, 0x09, 0xCC, 0x09, 0xCC, 0x09, 0x8B, 0x01, 0x2A,
    0x01, 0x09, 0x01, 0x2A, 0x01, 0x2A, 0x01, 0x6B, 0x09, 0xCC, 0x09, 0xED, 0x09, 0xEC, 0x09, 0xED,
    0x0A, 0x0D, 0x0A, 0x2D, 0x0A, 0x2E, 0x02, 0x0D, 0x02, 0x0D, 0x02, 0x0D, 0x02, 0x0D, 0x02, 0x2E,
    0x02, 0x2E, 0x02, 0x2E, 0x02, 0x2E, 0x02, 0x0E, 0x0A, 0x2E, 0x0A, 0x2E, 0x0A, 0x0E, 0x0A, 0x0D,
    0x0A, 0x0D, 0x0A, 0x0D, 0x0A, 0x0D, 0x0A, 0x0D, 0x02, 0x0D, 0x02, 0x0E, 0x0A, 0x0D, 0x01, 0xEC,
    0x01, 0xEA, 0x4B, 0x29, 0x8D, 0x0C, 0x9D, 0x4C, 0x9D, 0x6C, 0x95, 0x6B, 0x9D, 0x6B, 0x9D, 0x4B,
    0x9D, 0x6B, 0x95, 0x6B, 0x95, 0x6B, 0x9D, 0x4B, 0x74, 0x6A, 0x19, 0xE6, 0x01, 0xCA, 0x01, 0xEC,
    0x02, 0x0D, 0x02, 0x0D, 0x02, 0x0D, 0x02, 0x0D, 0x02, 0x0E, 0x02, 0x0D, 0x02, 0x0D, 0x02, 0x0D,
    0x01, 0xED, 0x01, 0xED, 0x01, 0xCC, 0x01, 0xEC, 0x0A, 0x0D, 0x09, 0xEB, 0x09, 0xC8, 0x3A, 0x87,
    0x7C, 0x6B, 0x95, 0x4C, 0x9D, 0x8C, 0x9D, 0x8C, 0x9D, 0x6C, 0x9D, 0x6B, 0x9D, 0x6B, 0x8D, 0x2C,
    0x74, 0x6A, 0x5B, 0xA8, 0x74, 0x6A, 0x95, 0x2C, 0x5C, 0xD6, 0x54, 0x75, 0x54, 0x54, 0x4B, 0xF3,
    0x33, 0x30, 0x22, 0x6D, 0x11, 0xCB, 0x11, 0xAB, 0x11, 0xCB, 0x11, 0xAB, 0x19, 0xCB, 0x19, 0xEC,
    0x11, 0xCC, 0x12, 0x0D, 0x0A, 0x0D, 0x02, 0x0D, 0x02, 0x0D, 0x02, 0x0D, 0x02, 0x0D, 0x02, 0x2D,
    0x02, 0x0D, 0x02, 0x0E, 0x02, 0x0E, 0x02, 0x0D, 0x02, 0x0D, 0x12, 0x0C, 0x11, 0x69, 0x00, 0x43,
    0x00, 0x21, 0x00, 0x21, 0x00, 0x21, 0x00, 0x43, 0x11, 0x8A, 0x12, 0x0C, 0x0A, 0x0D, 0x0A, 0x2E,
    0x0A, 0x2E, 0x0A, 0x2D, 0x02, 0x0D, 0x02, 0x0D, 0x0A, 0x0D, 0x0A, 0x0D, 0x0A, 0x0D, 0x09, 0xED,
    0x09, 0xED, 0x09, 0xEC, 0x0A, 0x0D, 0x12, 0x0D, 0x0A, 0x0D, 0x09, 0xED, 0x09, 0xED, 0x09, 0xCC,
    0x09, 0x8C, 0x01, 0x6B, 0x01, 0x4A, 0x01, 0x2A, 0x01, 0x4A, 0x01, 0x4A, 0x01, 0x6B, 0x09, 0xAB,
    0x11, 0xCC, 0x11, 0xED, 0x12, 0x2D, 0x12, 0x0D, 0x0A, 0x0D, 0x0A, 0x0D, 0x02, 0x0D, 0x02, 0x0D,
    0x0A, 0x4E, 0x0A, 0x2E, 0x02, 0x2E, 0x02, 0x0D, 0x02, 0x2E, 0x02, 0x2E, 0x02, 0x2E, 0x0A, 0x2E,
    0x02, 0x2E, 0x02, 0x2E, 0x02, 0x0E, 0x02, 0x0E, 0x02, 0x0D, 0x02, 0x0D, 0x02, 0x0D, 0x02, 0x0D,
    0x0A, 0x0D, 0x0A, 0x0E, 0x0A, 0x0E, 0x02, 0x0D, 0x0A, 0x0D, 0x02, 0x0D, 0x02, 0x0C, 0x32, 0xEA,
    0x84, 0xEC, 0x95, 0x6C, 0x9D, 0x6C, 0x9D, 0x6C, 0x9D, 0x6B, 0x9D, 0x6B, 0x9D, 0x6B, 0x9D, 0x6B,
    0x9D, 0x6B, 0x9D, 0x4C, 0x7C, 0x8B, 0x1A, 0x06, 0x01, 0xCA, 0x02, 0x0C, 0x02, 0x0D, 0x02, 0x0D,
    0x02, 0x0E, 0x02, 0x0D, 0x02, 0x0D, 0x02, 0x0D, 0x02, 0x0D, 0x02, 0x0E, 0x02, 0x0E, 0x01, 0xED,
    0x01, 0xED, 0x01, 0xEC, 0x01, 0xEB, 0x09, 0xEA, 0x1A, 0x07, 0x5B, 0xAA, 0x8D, 0x0C, 0x95, 0x4C,
    0x9D, 0x6C, 0x9D, 0x8C, 0x9D, 0x6C, 0x9D, 0x6C, 0x9D, 0x4B, 0x7C, 0x8A, 0x3A, 0xC7, 0x11, 0xE7,
    0x09, 0xA7, 0x19, 0xE5, 0x74, 0x09, 0x33, 0x51, 0x33, 0x0F, 0x32, 0xCE, 0x1A, 0x4D, 0x11, 0xCC,
    0x09, 0xAB, 0x09, 0xCC, 0x12, 0x0D, 0x1A, 0x2D, 0x1A, 0x4D, 0x22, 0x4E, 0x1A, 0x2E, 0x12, 0x0D,
    0x12, 0x2E, 0x0A, 0x2E, 0x0A, 0x0E, 0x02, 0x0D, 0x02, 0x0D, 0x02, 0x0D, 0x02, 0x0D, 0x02, 0x0E,
    0x02, 0x0D, 0x02, 0x0E, 0x02, 0x0D, 0x02, 0x0D, 0x12, 0x0D, 0x11, 0xCB, 0x00, 0x85, 0x00, 0x02,
    0x00, 0x21, 0x00, 0x21, 0x00, 0x22, 0x09, 0x48, 0x1A, 0x0C, 0x12, 0x0D, 0x12, 0x2E, 0x12, 0x2D,
    0x0A, 0x2D, 0x0A, 0x0D, 0x0A, 0x0D, 0x0A, 0x2E, 0x0A, 0x2E, 0x0A, 0x0D, 0x09, 0xEC, 0x09, 0xCC,
    0x09, 0xCC, 0x11, 0xEC, 0x09, 0xAC, 0x01, 0x6B, 0x01, 0x6B, 0x01, 0x4A, 0x01, 0x2A, 0x01, 0x2A,
    0x01, 0x4A, 0x01, 0x6B, 0x09, 0xAC, 0x09, 0xED, 0x09, 0xEC, 0x09, 0xED, 0x09, 0xED, 0x12, 0x0D,
    0x12, 0x0D, 0x12, 0x2D, 0x0A, 0x0D, 0x0A, 0x0D, 0x02, 0x0D, 0x02, 0x0D, 0x02, 0x2E, 0x0A, 0x4E,
    0x02, 0x2E, 0x02, 0x2E, 0x02, 0x2E, 0x02, 0x2E, 0x02, 0x2E, 0x02, 0x0E, 0x0A, 0x2E, 0x02, 0x0E,
    0x02, 0x0E, 0x02, 0x0E, 0x02, 0x0D, 0x02, 0x0D, 0x02, 0x0D, 0x02, 0x0D, 0x02, 0x0D, 0x02, 0x0E,
    0x0A, 0x2E, 0x0A, 0x0E, 0x02, 0x0D, 0x02, 0x0C, 0x0A, 0x0C, 0x1A, 0x4A, 0x7C, 0x8C, 0x9D, 0x6C,
    0x9D, 0x6C, 0x9D, 0x6C, 0x9D, 0x6B, 0x9D, 0x6B, 0x9D, 0x6B, 0x95, 0x6B, 0x95, 0x4B, 0x95, 0x4B,
    0x7C, 0xAC, 0x2A, 0x47, 0x01, 0xCA, 0x01, 0xEC, 0x01, 0xED, 0x02, 0x0D, 0x02, 0x0D, 0x02, 0x0D,
    0x02, 0x0D, 0x02, 0x0D, 0x02, 0x0D, 0x02, 0x0E, 0x02, 0x0D, 0x02, 0x0D, 0x02, 0x0D, 0x01, 0xEC,
    0x01, 0xEB, 0x09, 0xC8, 0x4B, 0x08, 0x84, 0xAB, 0x95, 0x4C, 0x9D, 0x6B, 0x9D, 0x6B, 0x9D, 0x6B,
    0x9D, 0x6C, 0x9D, 0x6C, 0x95, 0x2B, 0x6B, 0xE6, 0x5B, 0x66, 0x63, 0xA8, 0x5B, 0xA9, 0x63, 0xC9,
    0x6C, 0x09, 0x7C, 0x49, 0x01, 0xCB, 0x01, 0x8B, 0x01, 0xCB, 0x09, 0xEC, 0x0A, 0x0D, 0x09, 0xED,
    0x0A, 0x0D, 0x12, 0x2E, 0x12, 0x4E, 0x12, 0x4E, 0x1A, 0x4E, 0x12, 0x2E, 0x0A, 0x0D, 0x12, 0x2E,
    0x12, 0x2E, 0x0A, 0x2E, 0x0A, 0x2E, 0x02, 0x0E, 0x02, 0x0D, 0x02, 0x0D, 0x02, 0x0D, 0x02, 0x0D,
    0x02, 0x0D, 0x02, 0x0D, 0x02, 0x0D, 0x0A, 0x0D, 0x11, 0xCC, 0x00, 0xC7, 0x00, 0x23, 0x00, 0x22,
    0x00, 0x21, 0x00, 0x22, 0x09, 0x07, 0x19, 0xEB, 0x1A, 0x0D, 0x1A, 0x2D, 0x12, 0x0D, 0x12, 0x0D,
    0x09, 0xED, 0x09, 0xCC, 0x09, 0xCC, 0x09, 0xAC, 0x01, 0x8B, 0x01, 0x6A, 0x01, 0x6A, 0x01, 0x4A,
    0x01, 0x4A, 0x01, 0x4A, 0x01, 0x8B, 0x01, 0xAC, 0x01, 0xAC, 0x01, 0xCC, 0x09, 0xEC, 0x0A, 0x0D,
    0x09, 0xED, 0x09, 0xED, 0x0A, 0x0D, 0x0A, 0x0D, 0x0A, 0x0D, 0x0A, 0x0D, 0x0A, 0x0D, 0x0A, 0x0D,
    0x0A, 0x0D, 0x0A, 0x0D, 0x02, 0x0D, 0x02, 0x0D, 0x02, 0x2E, 0x02, 0x2E, 0x02, 0x2E, 0x02, 0x2E,
    0x02, 0x2D, 0x02, 0x2E, 0x02, 0x2E, 0x02, 0x2E, 0x0A, 0x0E, 0x0A, 0x0E, 0x0A, 0x0E, 0x02, 0x0D,
    0x02, 0x0D, 0x02, 0x0D, 0x02, 0x0D, 0x02, 0x0D, 0x02, 0x0D, 0x02, 0x0E, 0x02, 0x0E, 0x0A, 0x0E,
    0x0A, 0x0D, 0x02, 0x0D, 0x01, 0xEB, 0x1A, 0x08, 0x6C, 0x4A, 0x95, 0x2C, 0x95, 0x6C, 0x9D, 0x6B,
    0x9D, 0x6B, 0x9D, 0x6B, 0x9D, 0x6B, 0x9D, 0x6B, 0x95, 0x4B, 0x95, 0x2B, 0x7C, 0xAB, 0x2A, 0xA8,
    0x01, 0xE9, 0x01, 0xEC, 0x01, 0xED, 0x02, 0x0D, 0x02, 0x0D, 0x02, 0x0D, 0x02, 0x2D, 0x02, 0x0D,
    0x02, 0x0D, 0x02, 0x0D, 0x02, 0x0D, 0x02, 0x0D, 0x02, 0x0D, 0x02, 0x0C, 0x01, 0xEA, 0x22, 0x27,
    0x6B, 0xE9, 0x95, 0x2C, 0x95, 0x6C, 0x9D, 0x6C, 0x9D, 0x6B, 0x9D, 0x6B, 0x9D, 0x6A, 0x9D, 0x6B,
    0x95, 0x2B, 0x6B, 0xE6, 0x7C, 0x89, 0x95, 0x4B, 0x95, 0x4C, 0x9D, 0x4B, 0x95, 0x4B, 0x95, 0x4C,
    0x95, 0x4C, 0x01, 0xED, 0x02, 0x0D, 0x02, 0x2D, 0x0A, 0x2E, 0x0A, 0x4E, 0x0A, 0x2E, 0x0A, 0x2E,
    0x0A, 0x2E, 0x12, 0x2E, 0x12, 0x2E, 0x12, 0x2E, 0x0A, 0x2E, 0x0A, 0x0D, 0x12, 0x2E, 0x12, 0x2E,
    0x0A, 0x2E, 0x0A, 0x2E, 0x0A, 0x0D, 0x02, 0x0D, 0x02, 0x0D, 0x02, 0x0D, 0x02, 0x0D, 0x02, 0x0D,
    0x02, 0x0D, 0x02, 0x0D, 0x0A, 0x0D, 0x11, 0xEC, 0x09, 0x6A, 0x00, 0x85, 0x00, 0x22, 0x00, 0x21,
    0x00, 0x21, 0x00, 0x84, 0x19, 0xCA, 0x19, 0xEC, 0x11, 0xEC, 0x11, 0xCC, 0x09, 0x8B, 0x01, 0x4A,
    0x01, 0x2A, 0x01, 0x09, 0x01, 0x09, 0x01, 0x09, 0x01, 0x2A, 0x09, 0x6B, 0x09, 0xCC, 0x12, 0x0D,
    0x12, 0x0D, 0x12, 0x2E, 0x0A, 0x0D, 0x0A, 0x0D, 0x02, 0x0D, 0x0A, 0x0D, 0x0A, 0x0D, 0x0A, 0x0D,
    0x0A, 0x0D, 0x0A, 0x0D, 0x0A, 0x0D, 0x0A, 0x0D, 0x0A, 0x0D, 0x0A, 0x0D, 0x0A, 0x0D, 0x0A, 0x0D,
    0x02, 0x0D, 0x02, 0x0D, 0x02, 0x2E, 0x02, 0x2E, 0x02, 0x2E, 0x02, 0x2E, 0x02, 0x2E, 0x02, 0x2E,
    0x02, 0x2E, 0x02, 0x2E, 0x0A, 0x0E, 0x0A, 0x0E, 0x0A, 0x0E, 0x0A, 0x0D, 0x02, 0x0D, 0x02, 0x0D,
    0x02, 0x0D, 0x02, 0x0D, 0x02, 0x0D, 0x02, 0x0D, 0x02, 0x0D, 0x0A, 0x0E, 0x0A, 0x0D, 0x02, 0x0D,
    0x01, 0xCB, 0x19, 0xE7, 0x74, 0x2A, 0x95, 0x4B, 0x95, 0x6B, 0x9D, 0x6B, 0x9D, 0x6B, 0x9D, 0x6B,
    0x9D, 0x6B, 0x9D, 0x6B, 0x95, 0x6B, 0x95, 0x4B, 0x8C, 0xEB, 0x5B, 0x88, 0x09, 0xE7, 0x01, 0xCB,
    0x01, 0xCD, 0x01, 0xED, 0x01, 0xED, 0x02, 0x0D, 0x02, 0x0D, 0x02, 0x2D, 0x02, 0x2D, 0x02, 0x2D,
    0x02, 0x0D, 0x02, 0x0D, 0x02, 0x0D, 0x01, 0xEC, 0x01, 0xCA, 0x42, 0xC9, 0x8C, 0xED, 0x9D, 0x6C,
    0x9D, 0x6B, 0x9D, 0x6C, 0x9D, 0x6C, 0x9D, 0x4C, 0x9D, 0x4B, 0x9D, 0x6B, 0x95, 0x4B, 0x7C, 0x68,
    0x74, 0x48, 0x9D, 0x4C, 0x9D, 0x6B, 0x9D, 0x6B, 0x95, 0x4B, 0x9D, 0x6B, 0x9D, 0x6B, 0x9D, 0x6C,
    0x02, 0x0D, 0x02, 0x0D, 0x02, 0x0D, 0x0A, 0x2D, 0x0A, 0x2E, 0x0A, 0x2E, 0x0A, 0x2E, 0x12, 0x2E,
    0x12, 0x2E, 0x12, 0x2E, 0x12, 0x2E, 0x0A, 0x2D, 0x0A, 0x0D, 0x12, 0x2D, 0x12, 0x2E, 0x12, 0x2E,
    0x0A, 0x0D, 0x0A, 0x0D, 0x0A, 0x0D, 0x0A, 0x0D, 0x0A, 0x0D, 0x0A, 0x0D, 0x02, 0x0D, 0x09, 0xED,
    0x0A, 0x0D, 0x11, 0xED, 0x11, 0xCC, 0x09, 0x6A, 0x00, 0x65, 0x00, 0x43, 0x00, 0x21, 0x00, 0x01,
    0x00, 0x42, 0x09, 0x28, 0x09, 0x49, 0x01, 0x09, 0x01, 0x09, 0x01, 0x2A, 0x01, 0x6B, 0x01, 0x6B,
    0x01, 0x8B, 0x09, 0xAC, 0x09, 0xCC, 0x09, 0xED, 0x09, 0xED, 0x0A, 0x0D, 0x12, 0x2E, 0x12, 0x2E,
    0x0A, 0x2E, 0x0A, 0x2E, 0x0A, 0x2D, 0x0A, 0x0E, 0x02, 0x0D, 0x02, 0x0D, 0x02, 0x0D, 0x02, 0x0D,
    0x02, 0x2E, 0x02, 0x0D, 0x02, 0x0D, 0x02, 0x0D, 0x02, 0x0D, 0x02, 0x0D, 0x02, 0x0D, 0x02, 0x0D,
    0x02, 0x0D, 0x02, 0x0D, 0x02, 0x0D, 0x02, 0x0E, 0x02, 0x0E, 0x02, 0x2E, 0x02, 0x2E, 0x02, 0x2E,
    0x0A, 0x2E, 0x0A, 0x2E, 0x0A, 0x0E, 0x0A, 0x0E, 0x02, 0x0D, 0x02, 0x0D, 0x02, 0x0D, 0x02, 0x0D,
    0x02, 0x0D, 0x02, 0x0D, 0x02, 0x0D, 0x02, 0x0E, 0x0A, 0x2E, 0x02, 0x0D, 0x02, 0x0B, 0x19, 0xE7,
    0x74, 0x2A, 0x95, 0x4C, 0x9D, 0x6C, 0x9D, 0x6B, 0x9D, 0x6B, 0x9D, 0x6B, 0x9D, 0x6B, 0x9D, 0x6B,
    0x9D, 0x6B, 0x95, 0x4B, 0x8C, 0xEA, 0x7C, 0x69, 0x84, 0xCC, 0x53, 0x69, 0x09, 0xC8, 0x01, 0xEC,
    0x01, 0xEC, 0x02, 0x0D, 0x02, 0x0D, 0x02, 0x0E, 0x02, 0x2E, 0x02, 0x2E, 0x02, 0x2E, 0x02, 0x0D,
    0x02, 0x0C, 0x02, 0x0C, 0x09, 0xC9, 0x4B, 0x28, 0x8D, 0x0C, 0x9D, 0x6C, 0x9D, 0x6B, 0x9D, 0x6B,
    0x9D, 0x6B, 0x9D, 0x6B, 0x9D, 0x6B, 0x9D, 0x6B, 0x95, 0x4B, 0x8D, 0x0B, 0x7C, 0x69, 0x95, 0x4B,
    0x9D, 0x6C, 0x9D, 0x8B, 0x9D, 0x6B, 0x9D, 0x6B, 0x9D, 0x6B, 0x9D, 0x6C, 0x9D, 0x6C, 0x02, 0x0D,
    0x02, 0x0D, 0x02, 0x0D, 0x02, 0x2D, 0x0A, 0x2E, 0x0A, 0x2E, 0x12, 0x4E, 0x12, 0x2E, 0x12, 0x0D,
    0x12, 0x0D, 0x12, 0x2D, 0x12, 0x0D, 0x12, 0x2D, 0x12, 0x2D, 0x12, 0x2D, 0x12, 0x2E, 0x12, 0x0D,
    0x0A, 0x0D, 0x09, 0xED, 0x12, 0x0D, 0x12, 0x0D, 0x12, 0x0D, 0x09, 0xCC, 0x09, 0xAC, 0x01, 0x8B,
    0x01, 0x6A, 0x09, 0x4A, 0x00, 0xE8, 0x00, 0x65, 0x00, 0x43, 0x00, 0x21, 0x00, 0x01, 0x00, 0x22,
    0x01, 0x07, 0x11, 0x8A, 0x11, 0xCC, 0x11, 0xCC, 0x09, 0xED, 0x09, 0xCD, 0x09, 0xED, 0x09, 0xED,
    0x09, 0xED, 0x0A, 0x0D, 0x0A, 0x0D, 0x0A, 0x2D, 0x0A, 0x2E, 0x0A, 0x2E, 0x0A, 0x2E, 0x0A, 0x2E,
    0x0A, 0x2E, 0x0A, 0x2E, 0x02, 0x2E, 0x02, 0x0E, 0x02, 0x0E, 0x02, 0x2E, 0x02, 0x2E, 0x02, 0x2E,
    0x02, 0x0D, 0x02, 0x0D, 0x02, 0x0D, 0x02, 0x0E, 0x02, 0x0D, 0x02, 0x0D, 0x02, 0x0D, 0x02, 0x0D,
    0x02, 0x0D, 0x02, 0x0D, 0x02, 0x0D, 0x02, 0x0E, 0x02, 0x2E, 0x02, 0x2E, 0x02, 0x2E, 0x0A, 0x2E,
    0x0A, 0x4E, 0x0A, 0x2E, 0x0A, 0x0E, 0x02, 0x0E, 0x02, 0x0E, 0x02, 0x0E, 0x02, 0x0D, 0x02, 0x0D,
    0x02, 0x0D, 0x02, 0x0D, 0x0A, 0x2D, 0x0A, 0x0D, 0x01, 0xEB, 0x1A, 0x27, 0x74, 0x4B, 0x95, 0x6C,
    0x9D, 0x6B, 0x9D, 0x6C, 0x9D, 0x6B, 0x9D, 0x6B, 0x9D, 0x6B, 0x9D, 0x6C, 0x95, 0x6C, 0x9D, 0x6B,
    0x95, 0x4C, 0x84, 0xEC, 0x2A, 0x45, 0x42, 0xC6, 0x7C, 0x6B, 0x5B, 0xCA, 0x12, 0x08, 0x01, 0xEB,
    0x02, 0x0D, 0x02, 0x0E, 0x02, 0x2D, 0x02, 0x0E, 0x02, 0x0E, 0x02, 0x2D, 0x02, 0x0D, 0x01, 0xEB,
    0x09, 0xC8, 0x5B, 0x89, 0x95, 0x2C, 0x9D, 0x6B, 0x9D, 0x6B, 0x9D, 0x6B, 0x9D, 0x6B, 0x9D, 0x4B,
    0x9D, 0x6B, 0x95, 0x6B, 0x95, 0x4B, 0x84, 0xCB, 0x53, 0x48, 0x53, 0x26, 0x95, 0x4C, 0x9D, 0x6B,
    0x9D, 0x6B, 0x9D, 0x6B, 0x9D, 0x6B, 0x9D, 0x6B, 0x9D, 0x6B, 0x9D, 0x6B, 0x0A, 0x0D, 0x0A, 0x0D,
    0x0A, 0x0D, 0x0A, 0x0D, 0x0A, 0x0D, 0x12, 0x0D, 0x12, 0x2E, 0x1A, 0x4E, 0x1A, 0x2D, 0x12, 0x0D,
    0x12, 0x0D, 0x12, 0x0D, 0x12, 0x0D, 0x11, 0xEC, 0x09, 0xAC, 0x11, 0xCC, 0x09, 0xAB, 0x09, 0xAB,
    0x01, 0x8B, 0x01, 0x6A, 0x01, 0x6A, 0x01, 0x4A, 0x01, 0x29, 0x01, 0x2A, 0x01, 0x2A, 0x01, 0x6A,
    0x09, 0x6B, 0x11, 0xAA, 0x08, 0xE7, 0x00, 0x43, 0x00, 0x21, 0x00, 0x21, 0x00, 0x21, 0x00, 0xC5,
    0x19, 0xEC, 0x19, 0xEC, 0x09, 0xEC, 0x01, 0xED, 0x01, 0xED, 0x01, 0xED, 0x02, 0x0D, 0x02, 0x0D,
    0x0A, 0x2D, 0x0A, 0x4E, 0x0A, 0x4E, 0x0A, 0x4E, 0x02, 0x2E, 0x02, 0x0D, 0x02, 0x0D, 0x02, 0x2E,
    0x02, 0x2E, 0x02, 0x0E, 0x02, 0x0E, 0x02, 0x0E, 0x02, 0x0D, 0x02, 0x2E, 0x02, 0x2E, 0x02, 0x0E,
    0x02, 0x0E, 0x02, 0x0D, 0x02, 0x0E, 0x02, 0x0D, 0x02, 0x0D, 0x02, 0x0D, 0x02, 0x0D, 0x02, 0x0D,
    0x02, 0x0D, 0x02, 0x0D, 0x02, 0x0D, 0x02, 0x2E, 0x02, 0x2E, 0x02, 0x2E, 0x02, 0x2E, 0x0A, 0x2E,
    0x02, 0x2E, 0x02, 0x2E, 0x02, 0x2D, 0x02, 0x2E, 0x02, 0x0E, 0x02, 0x0D, 0x02, 0x0D, 0x01, 0xED,
    0x01, 0xED, 0x02, 0x0C, 0x01, 0xEB, 0x1A, 0x07, 0x74, 0x4B, 0x95, 0x4D, 0x9D, 0x6C, 0x9D, 0x6B,
    0x9D, 0x6C, 0x9D, 0x6C, 0x9D, 0x6B, 0x95, 0x6B, 0x9D, 0x6B, 0x9D, 0x6B, 0x95, 0x6B, 0x95, 0x4D,
    0x53, 0x6A, 0x09, 0xC9, 0x09, 0xC9, 0x2A, 0x26, 0x74, 0x2A, 0x6C, 0x0A, 0x1A, 0x28, 0x02, 0x0B,
    0x0A, 0x0E, 0x0A, 0x2D, 0x0A, 0x2D, 0x0A, 0x0D, 0x0A, 0x0D, 0x01, 0xEC, 0x09, 0xC8, 0x63, 0xCA,
    0x95, 0x4C, 0x9D, 0x6C, 0x9D, 0x6B, 0x9D, 0x6B, 0x95, 0x6B, 0x9D, 0x6B, 0x9D, 0x4B, 0x95, 0x4C,
    0x95, 0x4B, 0x84, 0xCB, 0x32, 0x88, 0x0A, 0x2A, 0x2A, 0x68, 0x8D, 0x0C, 0x9D, 0x6B, 0x9D, 0x6B,
    0x9D, 0x6B, 0x9D, 0x6B, 0x9D, 0x6B, 0x9D, 0x6B, 0x9D, 0x4B, 0x11, 0xED, 0x09, 0xCC, 0x09, 0xAC,
    0x09, 0xAC, 0x09, 0xAC, 0x09, 0x8B, 0x09, 0xAB, 0x09, 0xAC, 0x09, 0xAB, 0x09, 0x8B, 0x09, 0x8B,
    0x09, 0x6B, 0x01, 0x4A, 0x01, 0x4A, 0x01, 0x4A, 0x01, 0x29, 0x01, 0x6A, 0x09, 0x8B, 0x09, 0x8B,
    0x09, 0xAB, 0x11, 0xAB, 0x11, 0xCC, 0x09, 0xCC, 0x09, 0xCC, 0x09, 0xCC, 0x11, 0xEC, 0x1A, 0x0D,
    0x22, 0x2D, 0x19, 0x89, 0x00, 0x44, 0x00, 0x22, 0x00, 0x21, 0x00, 0x21, 0x00, 0x64, 0x11, 0xCA,
    0x12, 0x0D, 0x09, 0xED, 0x01, 0xED, 0x01, 0xED, 0x01, 0xED, 0x02, 0x0D, 0x0A, 0x2D, 0x0A, 0x2E,
    0x12, 0x4E, 0x12, 0x4E, 0x0A, 0x4E, 0x02, 0x2D, 0x02, 0x0D, 0x02, 0x0D, 0x02, 0x0D, 0x02, 0x2E,
    0x02, 0x0E, 0x02, 0x2E, 0x0A, 0x2E, 0x0A, 0x2E, 0x02, 0x2E, 0x02, 0x0E, 0x02, 0x0D, 0x02, 0x2E,
    0x02, 0x0D, 0x02, 0x0D, 0x02, 0x0D, 0x02, 0x0D, 0x02, 0x0D, 0x02, 0x0D, 0x02, 0x0D, 0x02, 0x0D,
    0x02, 0x2E, 0x02, 0x2E, 0x02, 0x2E, 0x02, 0x2E, 0x02, 0x2E, 0x02, 0x2E, 0x02, 0x2E, 0x02, 0x2E,
    0x02, 0x2D, 0x02, 0x2D, 0x02, 0x2D, 0x02, 0x0E, 0x02, 0x0D, 0x02, 0x0D, 0x02, 0x0D, 0x01, 0xED,
    0x01, 0xEA, 0x22, 0x26, 0x7C, 0x6A, 0x9D, 0x6C, 0x9D, 0x6C, 0x9D, 0x6B, 0x9D, 0x6B, 0x9D, 0x6C,
    0x9D, 0x6C, 0x9D, 0x6C, 0x9D, 0x6B, 0x9D, 0x4B, 0x95, 0x4C, 0x95, 0x4C, 0x5B, 0xCB, 0x09, 0xEA,
    0x01, 0xEC, 0x02, 0x0C, 0x01, 0xAA, 0x21, 0xC6, 0x6C, 0x0A, 0x74, 0x4B, 0x2A, 0x68, 0x0A, 0x0B,
    0x0A, 0x2D, 0x0A, 0x0E, 0x0A, 0x0D, 0x09, 0xEC, 0x09, 0xE9, 0x63, 0xEA, 0x95, 0x4B, 0x9D, 0x6B,
    0x9D, 0x6B, 0x9D, 0x6B, 0x9D, 0x6B, 0x9D, 0x6B, 0x9D, 0x6B, 0x95, 0x6C, 0x9D, 0x4C, 0x84, 0xCC,
    0x32, 0x68, 0x01, 0xCA, 0x0A, 0x2C, 0x09, 0xE9, 0x7C, 0x4B, 0x9D, 0x6B, 0x9D, 0x6B, 0x9D, 0x6B,
    0x9D, 0x6B, 0x9D, 0x6B, 0x9D, 0x6B, 0x9D, 0x4C, 0x01, 0x4A, 0x01, 0x6A, 0x01, 0x4A, 0x01, 0x2A,
    0x01, 0x09, 0x01, 0x09, 0x01, 0x2A, 0x01, 0x4A, 0x01, 0x6A, 0x09, 0xAB, 0x11, 0xCC, 0x11, 0xEC,
    0x11, 0xCC, 0x11, 0xED, 0x11, 0xED, 0x09, 0xEC, 0x12, 0x0D, 0x12, 0x2D, 0x12, 0x0D, 0x12, 0x0D,
    0x12, 0x0D, 0x12, 0x0D, 0x12, 0x0D, 0x0A, 0x0D, 0x0A, 0x0D, 0x12, 0x0D, 0x12, 0x0D, 0x1A, 0x2D,
    0x11, 0x8A, 0x00, 0x44, 0x00, 0x22, 0x00, 0x21, 0x00, 0x21, 0x00, 0x63, 0x09, 0x8A, 0x09, 0xEC,
    0x09, 0xED, 0x02, 0x0E, 0x02, 0x2D, 0x0A, 0x0D, 0x0A, 0x0D, 0x0A, 0x0D, 0x12, 0x0D, 0x12, 0x2E,
    0x12, 0x2E, 0x0A, 0x2E, 0x02, 0x2D, 0x02, 0x0D, 0x02, 0x0D, 0x02, 0x0D, 0x02, 0x0D, 0x02, 0x0D,
    0x02, 0x2E, 0x0A, 0x2E, 0x0A, 0x2E, 0x02, 0x0E, 0x02, 0x0E, 0x02, 0x0D, 0x02, 0x0D, 0x02, 0x0D,
    0x02, 0x0D, 0x02, 0x0D, 0x02, 0x0D, 0x02, 0x0D, 0x02, 0x0D, 0x02, 0x0D, 0x02, 0x2E, 0x02, 0x2E,
    0x02, 0x2E, 0x02, 0x2E, 0x0A, 0x4E, 0x0A, 0x4E, 0x02, 0x2E, 0x02, 0x2E, 0x02, 0x2E, 0x02, 0x2E,
    0x02, 0x2D, 0x02, 0x0E, 0x02, 0x0E, 0x02, 0x2E, 0x02, 0x0D, 0x02, 0x0C, 0x01, 0xEA, 0x32, 0x67,
    0x84, 0x8B, 0x95, 0x4C, 0x9D, 0x6B, 0x9D, 0x6B, 0x9D, 0x6B, 0x9D, 0x6B, 0x9D, 0x6B, 0x9D, 0x6B,
    0x9D, 0x6C, 0x9D, 0x6C, 0x95, 0x4B, 0x8D, 0x0C, 0x5B, 0xAA, 0x02, 0x0A, 0x01, 0xED, 0x02, 0x0D,
    0x0A, 0x0D, 0x09, 0xED, 0x01, 0xCA, 0x19, 0xE6, 0x6C, 0x0A, 0x7C, 0x8C, 0x32, 0xA8, 0x0A, 0x0B,
    0x12, 0x2D, 0x09, 0xEC, 0x09, 0xC9, 0x5B, 0x89, 0x9D, 0x2C, 0x9D, 0x6B, 0x9D, 0x6B, 0x9D, 0x6B,
    0x9D, 0x6B, 0x9D, 0x6B, 0x9D, 0x6B, 0x9D, 0x6B, 0x95, 0x6B, 0x84, 0xCC, 0x32, 0x88, 0x01, 0xCB,
    0x09, 0xCC, 0x11, 0xED, 0x11, 0xEB, 0x43, 0x09, 0x95, 0x2C, 0x95, 0x4C, 0x9D, 0x4B, 0x9D, 0x4B,
    0x9D, 0x6C, 0x9D, 0x6C, 0x9D, 0x4D, 0x09, 0xCC, 0x11, 0xED, 0x11, 0xCC, 0x11, 0xCD, 0x09, 0xCD,
    0x09, 0xED, 0x09, 0xED, 0x09, 0xED, 0x12, 0x0D, 0x12, 0x2D, 0x12, 0x0D, 0x12, 0x0D, 0x12, 0x0D,
    0x0A, 0x0D, 0x0A, 0x0D, 0x0A, 0x0D, 0x12, 0x2E, 0x0A, 0x2E, 0x0A, 0x2E, 0x0A, 0x0E, 0x0A, 0x0E,
    0x0A, 0x0D, 0x0A, 0x0E, 0x0A, 0x0E, 0x0A, 0x0E, 0x0A, 0x0D, 0x12, 0x0D, 0x12, 0x2D, 0x11, 0x8A,
    0x00, 0x65, 0x00, 0x22, 0x00, 0x21, 0x00, 0x21, 0x00, 0x43, 0x01, 0x69, 0x01, 0xCC, 0x01, 0xED,
    0x0A, 0x0D, 0x09, 0xEC, 0x09, 0xAB, 0x09, 0xCC, 0x09, 0xCC, 0x11, 0xEC, 0x12, 0x2D, 0x12, 0x2D,
    0x0A, 0x2E, 0x0A, 0x2E, 0x02, 0x0D, 0x02, 0x0D, 0x02, 0x0D, 0x02, 0x2E, 0x0A, 0x2D, 0x0A, 0x2E,
    0x0A, 0x2E, 0x02, 0x2E, 0x02, 0x0D, 0x02, 0x0D, 0x02, 0x0D, 0x02, 0x0D, 0x02, 0x0D, 0x02, 0x0D,
    0x02, 0x0D, 0x02, 0x0D, 0x02, 0x0D, 0x02, 0x0D, 0x02, 0x0D, 0x02, 0x0D, 0x02, 0x0D, 0x02, 0x0D,
    0x02, 0x0D, 0x02, 0x2E, 0x0A, 0x4E, 0x0A, 0x4E, 0x02, 0x2E, 0x02, 0x2E, 0x02, 0x2E, 0x02, 0x0D,
    0x02, 0x0E, 0x02, 0x0E, 0x02, 0x2D, 0x02, 0x0C, 0x01, 0xEA, 0x3A, 0xA7, 0x8C, 0xCC, 0x95, 0x4B,
    0x95, 0x6B, 0x9D, 0x6B, 0x9D, 0x6B, 0x9D, 0x6B, 0x9D, 0x6B, 0x9D, 0x6B, 0x9D, 0x6B, 0x9D, 0x6B,
    0x95, 0x6C, 0x8D, 0x2B, 0x53, 0x89, 0x01, 0xE9, 0x02, 0x0C, 0x02, 0x0D, 0x02, 0x0D, 0x02, 0x0D,
    0x09, 0xED, 0x09, 0xEC, 0x09, 0xCB, 0x19, 0xE8, 0x6C, 0x0B, 0x84, 0xAC, 0x42, 0xC8, 0x09, 0xC9,
    0x09, 0xC8, 0x5B, 0x68, 0x95, 0x2C, 0x9D, 0x6B, 0x9D, 0x6B, 0x9D, 0x6C, 0x9D, 0x6B, 0x9D, 0x6B,
    0x9D, 0x6B, 0x95, 0x6B, 0x95, 0x6B, 0x84, 0xCB, 0x32, 0x87, 0x01, 0xEA, 0x09, 0xED, 0x09, 0xED,
    0x09, 0xED, 0x09, 0xED, 0x0A, 0x0A, 0x4B, 0x28, 0x7C, 0x8C, 0x7C, 0x8A, 0x7C, 0x89, 0x84, 0xAB,
    0x7C, 0x6B, 0x63, 0xAA, 0x12, 0x2E, 0x12, 0x2E, 0x12, 0x0D, 0x12, 0x0D, 0x0A, 0x0E, 0x0A, 0x0E,
    0x0A, 0x2E, 0x0A, 0x2E, 0x0A, 0x2E, 0x0A, 0x2E, 0x0A, 0x2E, 0x0A, 0x2E, 0x0A, 0x0E, 0x0A, 0x2E,
    0x0A, 0x2E, 0x12, 0x2E, 0x12, 0x4E, 0x12, 0x4E, 0x12, 0x4E, 0x0A, 0x2E, 0x0A, 0x2E, 0x0A, 0x2E,
    0x0A, 0x0E, 0x0A, 0x2E, 0x0A, 0x2E, 0x0A, 0x2D, 0x0A, 0x0D, 0x12, 0x0C, 0x11, 0xAB, 0x00, 0x85,
    0x00, 0x22, 0x00, 0x21, 0x00, 0x21, 0x00, 0x43, 0x01, 0x08, 0x09, 0xCC, 0x0A, 0x0C, 0x09, 0xAB,
    0x00, 0xA6, 0x00, 0x85, 0x00, 0xE7, 0x00, 0xE7, 0x01, 0x08, 0x11, 0xEC, 0x12, 0x2D, 0x12, 0x2E,
    0x0A, 0x2D, 0x02, 0x0D, 0x02, 0x0D, 0x02, 0x0D, 0x0A, 0x4E, 0x12, 0x4E, 0x0A, 0x2E, 0x0A, 0x2E,
    0x02, 0x2E, 0x02, 0x0D, 0x02, 0x0D, 0x02, 0x0D, 0x02, 0x0D, 0x02, 0x0D, 0x02, 0x0D, 0x02, 0x0D,
    0x02, 0x0D, 0x02, 0x0D, 0x02, 0x0D, 0x02, 0x0D, 0x02, 0x0D, 0x02, 0x0D, 0x02, 0x0D, 0x02, 0x2E,
    0x02, 0x2E, 0x02, 0x2E, 0x02, 0x2E, 0x02, 0x2E, 0x02, 0x2E, 0x02, 0x0E, 0x02, 0x0D, 0x02, 0x0D,
    0x02, 0x0D, 0x02, 0x0C, 0x01, 0xEA, 0x42, 0xC7, 0x84, 0xEB, 0x95, 0x4B, 0x95, 0x6B, 0x9D, 0x6B,
    0x9D, 0x6B, 0x9D, 0x6B, 0x9D, 0x6B, 0x9D, 0x6B, 0x9D, 0x6B, 0x9D, 0x6C, 0x9D, 0x6C, 0x95, 0x2C,
    0x53, 0x68, 0x01, 0xC9, 0x02, 0x0C, 0x02, 0x0D, 0x02, 0x0E, 0x02, 0x0D, 0x02, 0x0D, 0x01, 0xED,
    0x09, 0xED, 0x09, 0xED, 0x01, 0xEC, 0x11, 0xC9, 0x53, 0x48, 0x7C, 0x8B, 0x42, 0xE7, 0x63, 0xA9,
    0x95, 0x4C, 0x9D, 0x6C, 0x9D, 0x6B, 0x9D, 0x6B, 0x9D, 0x6B, 0x9D, 0x6B, 0x9D, 0x6B, 0x9D, 0x6B,
    0x9D, 0x4C, 0x84, 0xAB, 0x2A, 0x67, 0x01, 0xEA, 0x02, 0x0C, 0x09, 0xED, 0x0A, 0x0D, 0x09, 0xED,
    0x0A, 0x0D, 0x0A, 0x0D, 0x09, 0xEB, 0x11, 0xCA, 0x09, 0xA9, 0x09, 0xA8, 0x11, 0xC9, 0x11, 0xC9,
    0x21, 0xCA, 0x12, 0x4E, 0x12, 0x2E, 0x12, 0x2E, 0x0A, 0x2E, 0x0A, 0x2E, 0x0A, 0x2E, 0x0A, 0x2E,
    0x0A, 0x2E, 0x0A, 0x2E, 0x0A, 0x2E, 0x0A, 0x2E, 0x0A, 0x2E, 0x0A, 0x2E, 0x0A, 0x2E, 0x0A, 0x2E,
    0x0A, 0x4E, 0x12, 0x4E, 0x12, 0x4E, 0x0A, 0x2E, 0x0A, 0x2E, 0x02, 0x2E, 0x02, 0x2E, 0x02, 0x0E,
    0x02, 0x2E, 0x0A, 0x2E, 0x0A, 0x2E, 0x0A, 0x2D, 0x0A, 0x0D, 0x11, 0xEB, 0x00, 0xE6, 0x00, 0x43,
    0x00, 0x42, 0x00, 0x21, 0x00, 0x21, 0x00, 0xC6, 0x11, 0xCB, 0x11, 0xEC, 0x01, 0x07, 0x00, 0x22,
    0x00, 0x43, 0x00, 0x84, 0x00, 0x43, 0x00, 0xC6, 0x19, 0xEC, 0x12, 0x2D, 0x12, 0x4E, 0x0A, 0x2E,
    0x02, 0x0D, 0x02, 0x0D, 0x0A, 0x2D, 0x0A, 0x2E, 0x12, 0x4E, 0x0A, 0x4E, 0x0A, 0x2E, 0x02, 0x2E,
    0x02, 0x0D, 0x02, 0x0D, 0x02, 0x0D, 0x02, 0x0D, 0x02, 0x0D, 0x02, 0x0D, 0x02, 0x0D, 0x02, 0x0D,
    0x02, 0x0D, 0x02, 0x0D, 0x02, 0x0D, 0x02, 0x0D, 0x02, 0x0D, 0x02, 0x0E, 0x02, 0x0E, 0x02, 0x2D,
    0x02, 0x2E, 0x02, 0x2E, 0x02, 0x2D, 0x02, 0x2D, 0x02, 0x0D, 0x02, 0x0E, 0x01, 0xED, 0x01, 0xEC,
    0x09, 0xE9, 0x53, 0x48, 0x8D, 0x0C, 0x95, 0x4B, 0x9D, 0x6B, 0x9D, 0x6B, 0x9D, 0x6B, 0x9D, 0x6B,
    0x9D, 0x6B, 0x95, 0x6B, 0x9D, 0x6B, 0x9D, 0x6B, 0x9D, 0x4C, 0x95, 0x2C, 0x53, 0x68, 0x01, 0xEA,
    0x02, 0x0C, 0x02, 0x0D, 0x02, 0x0E, 0x02, 0x2E, 0x02, 0x0E, 0x02, 0x0D, 0x02, 0x0D, 0x02, 0x0D,
    0x0A, 0x0D, 0x09, 0xED, 0x09, 0xEC, 0x09, 0xA8, 0x42, 0xA6, 0x84, 0xCB, 0x95, 0x4C, 0x9D, 0x6B,
    0x9D, 0x6B, 0x9D, 0x6B, 0x9D, 0x6B, 0x9D, 0x4B, 0x9D, 0x6B, 0x95, 0x6B, 0x95, 0x4C, 0x84, 0x8B,
    0x2A, 0x66, 0x01, 0xEA, 0x02, 0x0D, 0x0A, 0x0D, 0x0A, 0x0D, 0x0A, 0x0E, 0x0A, 0x0D, 0x09, 0xED,
    0x09, 0xED, 0x0A, 0x0D, 0x09, 0xED, 0x09, 0xCC, 0x09, 0xCD, 0x11, 0xED, 0x1A, 0x0D, 0x22, 0x0D,
    0x12, 0x2E, 0x12, 0x2E, 0x12, 0x2E, 0x0A, 0x2E, 0x0A, 0x2E, 0x0A, 0x2E, 0x0A, 0x2E, 0x0A, 0x2E,
    0x0A, 0x2E, 0x02, 0x2E, 0x02, 0x2E, 0x02, 0x2E, 0x0A, 0x2E, 0x0A, 0x2E, 0x0A, 0x2E, 0x0A, 0x2E,
    0x0A, 0x2E, 0x0A, 0x2E, 0x0A, 0x2E, 0x02, 0x0E, 0x02, 0x2E, 0x02, 0x2E, 0x02, 0x0E, 0x02, 0x2E,
    0x0A, 0x2E, 0x0A, 0x2E, 0x0A, 0x2D, 0x0A, 0x0D, 0x09, 0xEC, 0x01, 0x07, 0x00, 0x64, 0x00, 0x43,
    0x00, 0x21, 0x00, 0x01, 0x00, 0x84, 0x11, 0xAA, 0x11, 0xAA, 0x00, 0x85, 0x00, 0x42, 0x00, 0x63,
    0x00, 0x43, 0x00, 0x22, 0x00, 0x64, 0x11, 0xAA, 0x1A, 0x2D, 0x12, 0x2D, 0x0A, 0x2E, 0x0A, 0x2E,
    0x0A, 0x2E, 0x0A, 0x4E, 0x0A, 0x4E, 0x0A, 0x4E, 0x0A, 0x2E, 0x02, 0x0D, 0x02, 0x0D, 0x02, 0x0D,
    0x02, 0x0D, 0x02, 0x0D, 0x02, 0x2E, 0x02, 0x0D, 0x02, 0x0D, 0x02, 0x0D, 0x02, 0x0D, 0x02, 0x0D,
    0x02, 0x0D, 0x02, 0x0D, 0x02, 0x0D, 0x02, 0x0D, 0x02, 0x0E, 0x02, 0x2E, 0x02, 0x2D, 0x02, 0x0E,
    0x02, 0x0E, 0x02, 0x0E, 0x0A, 0x0E, 0x0A, 0x2D, 0x0A, 0x0D, 0x01, 0xEC, 0x09, 0xC9, 0x5B, 0x89,
    0x8D, 0x2B, 0x95, 0x4B, 0x95, 0x6B, 0x9D, 0x6B, 0x9D, 0x6B, 0x9D, 0x6B, 0x9D, 0x6B, 0x9D, 0x6B,
    0x9D, 0x6B, 0x9D, 0x6A, 0x9D, 0x6B, 0x8D, 0x2C, 0x4B, 0x48, 0x01, 0xC9, 0x02, 0x0D, 0x02, 0x2D,
    0x02, 0x2D, 0x02, 0x0D, 0x02, 0x2D, 0x0A, 0x0D, 0x02, 0x2D, 0x02, 0x2E, 0x02, 0x0E, 0x0A, 0x0D,
    0x0A, 0x0D, 0x0A, 0x0C, 0x09, 0xEA, 0x32, 0xA7, 0x84, 0x8A, 0x9D, 0x6B, 0x9D, 0x8B, 0x9D, 0x6B,
    0x9D, 0x6B, 0x9D, 0x6B, 0x9D, 0x4C, 0x95, 0x4C, 0x95, 0x4B, 0x74, 0x2A, 0x22, 0x26, 0x01, 0xEA,
    0x02, 0x0C, 0x0A, 0x0D, 0x0A, 0x0D, 0x0A, 0x2E, 0x0A, 0x0E, 0x0A, 0x0D, 0x09, 0xED, 0x09, 0xED,
    0x09, 0xED, 0x09, 0xED, 0x11, 0xED, 0x11, 0xED, 0x1A, 0x0D, 0x1A, 0x0D, 0x21, 0xED, 0x12, 0x4E,
    0x12, 0x2E, 0x0A, 0x2E, 0x0A, 0x2E, 0x0A, 0x2E, 0x0A, 0x2E, 0x0A, 0x2E, 0x02, 0x2E, 0x02, 0x2E,
    0x02, 0x2E, 0x02, 0x2E, 0x0A, 0x2E, 0x0A, 0x2E, 0x0A, 0x2E, 0x0A, 0x2E, 0x0A, 0x2E, 0x0A, 0x2E,
    0x0A, 0x2E, 0x02, 0x0E, 0x02, 0x0D, 0x02, 0x0E, 0x02, 0x2E, 0x02, 0x0E, 0x0A, 0x2E, 0x0A, 0x2E,
    0x0A, 0x2E, 0x0A, 0x2E, 0x0A, 0x0D, 0x09, 0xEC, 0x01, 0x08, 0x00, 0x44, 0x00, 0x22, 0x00, 0x21,
    0x00, 0x21, 0x00, 0x84, 0x11, 0x68, 0x08, 0xE6, 0x00, 0x42, 0x00, 0x22, 0x00, 0x42, 0x00, 0x22,
    0x00, 0x21, 0x00, 0x23, 0x11, 0x89, 0x1A, 0x0C, 0x12, 0x2D, 0x0A, 0x2D, 0x02, 0x2E, 0x02, 0x2E,
    0x0A, 0x2E, 0x0A, 0x2E, 0x0A, 0x2E, 0x02, 0x2E, 0x02, 0x0D, 0x02, 0x0D, 0x02, 0x0D, 0x02, 0x0D,
    0x02, 0x0D, 0x02, 0x0D, 0x02, 0x2E, 0x02, 0x2E, 0x02, 0x2E, 0x02, 0x2E, 0x02, 0x0D, 0x02, 0x0D,
    0x02, 0x2D, 0x02, 0x2E, 0x02, 0x0D, 0x02, 0x2E, 0x02, 0x2D, 0x02, 0x0E, 0x02, 0x0E, 0x02, 0x0D,
    0x02, 0x0D, 0x0A, 0x0E, 0x0A, 0x0D, 0x01, 0xEC, 0x11, 0xE8, 0x63, 0xC9, 0x95, 0x2B, 0x9D, 0x4B,
    0x95, 0x4B, 0x9D, 0x6B, 0x9D, 0x6B, 0x9D, 0x6B, 0x9D, 0x6B, 0x95, 0x6B, 0x9D, 0x6B, 0x9D, 0x4B,
    0x9D, 0x4C, 0x95, 0x2C, 0x4B, 0x28, 0x01, 0xEA, 0x02, 0x2D, 0x0A, 0x2E, 0x0A, 0x2D, 0x02, 0x2D,
    0x02, 0x2D, 0x02, 0x2D, 0x0A, 0x2D, 0x02, 0x2E, 0x0A, 0x2E, 0x0A, 0x2D, 0x0A, 0x0D, 0x0A, 0x2D,
    0x0A, 0x2C, 0x22, 0x49, 0x7C, 0x8B, 0x9D, 0x4C, 0x9D, 0x4B, 0x9D, 0x6B, 0x9D, 0x6B, 0x9D, 0x6B,
    0x9D, 0x8B, 0x9D, 0x6B, 0x95, 0x2C, 0x74, 0x4A, 0x11, 0xE6, 0x01, 0xEA, 0x02, 0x0D, 0x0A, 0x2D,
    0x0A, 0x2E, 0x0A, 0x2E, 0x0A, 0x2E, 0x0A, 0x0D, 0x0A, 0x0D, 0x0A, 0x0D, 0x0A, 0x0D, 0x0A, 0x0D,
    0x0A, 0x0D, 0x12, 0x0D, 0x1A, 0x0D, 0x1A, 0x0E, 0x1A, 0x0D, 0x21, 0xCC, 0x12, 0x4E, 0x12, 0x4E,
    0x12, 0x2E, 0x0A, 0x2E, 0x0A, 0x2E, 0x0A, 0x2E, 0x0A, 0x2E, 0x02, 0x2E, 0x02, 0x2E, 0x02, 0x2E,
    0x0A, 0x2E, 0x0A, 0x2E, 0x0A, 0x2E, 0x0A, 0x2E, 0x0A, 0x2E, 0x0A, 0x2E, 0x02, 0x2E, 0x02, 0x2E,
    0x02, 0x0E, 0x02, 0x0E, 0x02, 0x2E, 0x02, 0x2E, 0x02, 0x2E, 0x02, 0x2E, 0x0A, 0x2E, 0x0A, 0x2E,
    0x0A, 0x2E, 0x0A, 0x2D, 0x0A, 0x0C, 0x09, 0x69, 0x00, 0x23, 0x00, 0x21, 0x00, 0x21, 0x00, 0x01,
    0x00, 0x63, 0x08, 0xE5, 0x00, 0x63, 0x00, 0x42, 0x00, 0x21, 0x00, 0x41, 0x00, 0x21, 0x00, 0x21,
    0x00, 0x43, 0x19, 0xAA, 0x1A, 0x0C, 0x12, 0x2D, 0x0A, 0x2D, 0x02, 0x2D, 0x02, 0x0D, 0x02, 0x2D,
    0x02, 0x2E, 0x02, 0x2E, 0x02, 0x2D, 0x02, 0x0D, 0x02, 0x0D, 0x02, 0x0D, 0x02, 0x0D, 0x02, 0x0D,
    0x02, 0x0D, 0x02, 0x0D, 0x02, 0x2E, 0x02, 0x2E, 0x02, 0x0D, 0x02, 0x0D, 0x02, 0x0E, 0x0A, 0x4E,
    0x02, 0x2E, 0x02, 0x0D, 0x02, 0x0E, 0x02, 0x0E, 0x02, 0x0E, 0x02, 0x0D, 0x02, 0x0D, 0x02, 0x0D,
    0x01, 0xED, 0x01, 0xCB, 0x19, 0xE7, 0x74, 0x29, 0x95, 0x4B, 0x95, 0x6B, 0x95, 0x6A, 0x9D, 0x6B,
    0x9D, 0x6B, 0x9D, 0x6B, 0x9D, 0x6B, 0x9D, 0x6B, 0x9D, 0x6B, 0x9D, 0x6B, 0x9D, 0x4C, 0x8D, 0x0C,
    0x43, 0x08, 0x01, 0xCA, 0x0A, 0x2D, 0x0A, 0x2D, 0x02, 0x2D, 0x02, 0x2D, 0x0A, 0x2E, 0x02, 0x2E,
    0x02, 0x2D, 0x0A, 0x2F, 0x0A, 0x2E, 0x0A, 0x2D, 0x0A, 0x2E, 0x0A, 0x2D, 0x0A, 0x0C, 0x2A, 0x68,
    0x7C, 0x8B, 0x95, 0x4C, 0x9D, 0x6B, 0x9D, 0x6B, 0x9D, 0x6B, 0x9D, 0x6B, 0x9D, 0x8B, 0x9D, 0x8B,
    0x95, 0x4B, 0x74, 0x2A, 0x1A, 0x08, 0x01, 0xEB, 0x01, 0xED, 0x02, 0x0D, 0x0A, 0x2D, 0x0A, 0x2E,
    0x02, 0x2E, 0x02, 0x0D, 0x02, 0x0D, 0x0A, 0x0D, 0x0A, 0x0D, 0x0A, 0x0D, 0x0A, 0x0D, 0x12, 0x0E,
    0x12, 0x0E, 0x1A, 0x0D, 0x1A, 0x2E, 0x11, 0xCC, 0x11, 0x4A, 0x1A, 0x2E, 0x12, 0x4E, 0x12, 0x2E,
    0x0A, 0x2E, 0x0A, 0x2E, 0x0A, 0x2E, 0x0A, 0x2E, 0x02, 0x2E, 0x02, 0x2E, 0x0A, 0x2E, 0x0A, 0x4E,
    0x0A, 0x4E, 0x0A, 0x2E, 0x0A, 0x2E, 0x0A, 0x2E, 0x0A, 0x2E, 0x02, 0x2E, 0x02, 0x2E, 0x02, 0x2E,
    0x02, 0x2E, 0x02, 0x2E, 0x02, 0x2E, 0x02, 0x2E, 0x02, 0x2E, 0x0A, 0x2E, 0x0A, 0x2E, 0x0A, 0x2E,
    0x12, 0x2D, 0x0A, 0x2D, 0x01, 0x28, 0x00, 0x23, 0x00, 0x22, 0x00, 0x42, 0x00, 0x21, 0x00, 0x21,
    0x00, 0x42, 0x00, 0x41, 0x00, 0x41, 0x00, 0x41, 0x00, 0x21, 0x00, 0x21, 0x00, 0x21, 0x00, 0x63,
    0x11, 0x89, 0x1A, 0x0C, 0x12, 0x2D, 0x0A, 0x2D, 0x02, 0x2E, 0x02, 0x2D, 0x02, 0x0D, 0x02, 0x2D,
    0x02, 0x0D, 0x02, 0x0D, 0x02, 0x0D, 0x02, 0x0D, 0x02, 0x0D, 0x02, 0x2D, 0x02, 0x0E, 0x02, 0x0D,
    0x02, 0x0D, 0x02, 0x0D, 0x02, 0x0D, 0x02, 0x0D, 0x02, 0x0D, 0x02, 0x0D, 0x0A, 0x2E, 0x0A, 0x2E,
    0x02, 0x0D, 0x02, 0x0E, 0x02, 0x0E, 0x01, 0xED, 0x02, 0x0D, 0x02, 0x0D, 0x01, 0xED, 0x09, 0xCA,
    0x32, 0x88, 0x7C, 0x8B, 0x95, 0x4B, 0x95, 0x6B, 0x9D, 0x6B, 0x9D, 0x6A, 0x9D, 0x6B, 0x9D, 0x6B,
    0x9D, 0x6B, 0x9D, 0x6B, 0x95, 0x6B, 0x95, 0x6B, 0x95, 0x6C, 0x8D, 0x0C, 0x42, 0xE8, 0x01, 0xEA,
    0x02, 0x0C, 0x12, 0x4E, 0x0A, 0x0D, 0x02, 0x2D, 0x02, 0x2E, 0x0A, 0x2E, 0x0A, 0x2E, 0x0A, 0x2E,
    0x0A, 0x2E, 0x0A, 0x2E, 0x0A, 0x2D, 0x0A, 0x2D, 0x02, 0x0B, 0x22, 0x28, 0x7C, 0x8B, 0x9D, 0x4C,
    0x9D, 0x6B, 0x95, 0x6B, 0x9D, 0x6B, 0x9D, 0x6B, 0x9D, 0x6B, 0x9D, 0x6C, 0x9D, 0x4C, 0x8C, 0xCA,
    0x22, 0x25, 0x01, 0xEA, 0x0A, 0x0C, 0x01, 0xED, 0x02, 0x0D, 0x0A, 0x0D, 0x0A, 0x0D, 0x02, 0x0D,
    0x02, 0x0D, 0x02, 0x0D, 0x0A, 0x0D, 0x0A, 0x0D, 0x12, 0x0E, 0x12, 0x0D, 0x12, 0x0D, 0x12, 0x0D,
    0x11, 0xCC, 0x09, 0x8B, 0x09, 0x8B, 0x21, 0xCC, 0x1A, 0x2E, 0x12, 0x2E, 0x12, 0x2E, 0x0A, 0x2E,
    0x0A, 0x2E, 0x0A, 0x2E, 0x0A, 0x2E, 0x0A, 0x2E, 0x0A, 0x2E, 0x0A, 0x4E, 0x0A, 0x4E, 0x0A, 0x2E,
    0x0A, 0x2E, 0x0A, 0x2E, 0x0A, 0x2E, 0x0A, 0x2E, 0x02, 0x2E, 0x02, 0x2E, 0x02, 0x2E, 0x02, 0x2E,
    0x02, 0x2E, 0x02, 0x2E, 0x02, 0x2E, 0x02, 0x2E, 0x0A, 0x2E, 0x0A, 0x4E, 0x0A, 0x4E, 0x12, 0x2D,
    0x0A, 0x0D, 0x01, 0x49, 0x00, 0x24, 0x00, 0x22, 0x00, 0x42, 0x00, 0x21, 0x00, 0x21, 0x00, 0x21,
    0x00, 0x41, 0x00, 0x61, 0x00, 0x41, 0x00, 0x21, 0x00, 0x21, 0x00, 0x21, 0x00, 0x43, 0x09, 0x28,
    0x19, 0xEB, 0x12, 0x0D, 0x0A, 0x2D, 0x02, 0x2E, 0x02, 0x2D, 0x02, 0x0D, 0x02, 0x0D, 0x02, 0x0D,
    0x02, 0x0D, 0x02, 0x0E, 0x02, 0x0E, 0x02, 0x2E, 0x0A, 0x2E, 0x0A, 0x4E, 0x0A, 0x2E, 0x02, 0x0E,
    0x02, 0x0D, 0x02, 0x0D, 0x02, 0x0D, 0x02, 0x0D, 0x02, 0x0D, 0x02, 0x0D, 0x02, 0x0D, 0x02, 0x0D,
    0x02, 0x0D, 0x02, 0x0D, 0x01, 0xED, 0x01, 0xED, 0x01, 0xEC, 0x09, 0xC9, 0x4B, 0x29, 0x84, 0xEC,
    0x95, 0x2B, 0x9D, 0x4B, 0x9D, 0x6B, 0x9D, 0x6A, 0x9D, 0x6B, 0x9D, 0x6B, 0x9D, 0x6B, 0x9D, 0x6B,
    0x95, 0x6B, 0x95, 0x6B, 0x95, 0x6C, 0x84, 0xEC, 0x3A, 0xC8, 0x01, 0xEA, 0x02, 0x0C, 0x0A, 0x0D,
    0x02, 0x0E, 0x02, 0x0D, 0x0A, 0x2E, 0x0A, 0x2E, 0x02, 0x2D, 0x0A, 0x2E, 0x0A, 0x2E, 0x0A, 0x0E,
    0x0A, 0x0D, 0x02, 0x2D, 0x02, 0x0C, 0x22, 0x48, 0x7C, 0x6B, 0x95, 0x4C, 0x9D, 0x6B, 0x9D, 0x6B,
    0x9D, 0x6B, 0x9D, 0x6B, 0x9D, 0x6B, 0x9D, 0x6B, 0x95, 0x2B, 0x84, 0xCA, 0x8D, 0x0C, 0x5B, 0x89,
    0x01, 0x86, 0x01, 0xEA, 0x01, 0xEC, 0x09, 0xED, 0x0A, 0x0D, 0x0A, 0x0D, 0x02, 0x0D, 0x02, 0x0D,
    0x0A, 0x0D, 0x0A, 0x0D, 0x12, 0x0E, 0x12, 0x2E, 0x12, 0x0D, 0x09, 0xCC, 0x01, 0x8B, 0x01, 0x4A,
    0x09, 0x8B, 0x1A, 0x0D, 0x22, 0x0D, 0x1A, 0x2D, 0x1A, 0x2E, 0x12, 0x2E, 0x12, 0x2E, 0x0A, 0x2E,
    0x0A, 0x2E, 0x0A, 0x2E, 0x0A, 0x2E, 0x0A, 0x2E, 0x0A, 0x2E, 0x0A, 0x2E, 0x0A, 0x2E, 0x0A, 0x2E,
    0x0A, 0x2E, 0x0A, 0x2E, 0x0A, 0x2E, 0x02, 0x2E, 0x02, 0x2E, 0x02, 0x2E, 0x02, 0x2E, 0x0A, 0x0E,
    0x02, 0x2E, 0x02, 0x2E, 0x02, 0x2E, 0x0A, 0x2E, 0x0A, 0x4E, 0x0A, 0x2E, 0x0A, 0x2D, 0x11, 0xED,
    0x09, 0xAB, 0x00, 0xA5, 0x00, 0x22, 0x00, 0x22, 0x00, 0x21, 0x00, 0x21, 0x00, 0x21, 0x00, 0x20,
    0x00, 0x21, 0x00, 0x21, 0x00, 0x21, 0x00, 0x21, 0x00, 0x21, 0x00, 0x22, 0x00, 0xA5, 0x09, 0x89,
    0x12, 0x0C, 0x0A, 0x0D, 0x0A, 0x0D, 0x02, 0x2D, 0x02, 0x2D, 0x02, 0x0D, 0x02, 0x0D, 0x02, 0x0D,
    0x02, 0x2E, 0x02, 0x2E, 0x0A, 0x2E, 0x0A, 0x2E, 0x12, 0x4E, 0x12, 0x4F, 0x02, 0x0D, 0x02, 0x0D,
    0x02, 0x0D, 0x02, 0x0D, 0x02, 0x0D, 0x02, 0x0D, 0x02, 0x0D, 0x02, 0x0E, 0x02, 0x0D, 0x02, 0x0D,
    0x01, 0xED, 0x01, 0xED, 0x01, 0xEC, 0x09, 0xC8, 0x53, 0x69, 0x95, 0x2C, 0x95, 0x6C, 0x95, 0x4B,
    0x9D, 0x4B, 0x9D, 0x6B, 0x9D, 0x6B, 0x9D, 0x6B, 0x9D, 0x6B, 0x9D, 0x6B, 0x9D, 0x6B, 0x9D, 0x6B,
    0x95, 0x4C, 0x7C, 0xAC, 0x2A, 0x87, 0x01, 0xEA, 0x02, 0x0D, 0x0A, 0x2D, 0x02, 0x0D, 0x02, 0x0E,
    0x02, 0x0D, 0x02, 0x0D, 0x0A, 0x2E, 0x02, 0x2E, 0x02, 0x2E, 0x0A, 0x0E, 0x0A, 0x0D, 0x02, 0x0C,
    0x02, 0x0B, 0x1A, 0x28, 0x7C, 0x6B, 0x9D, 0x4C, 0x9D, 0x6B, 0x9D, 0x6B, 0x9D, 0x6B, 0x9D, 0x6B,
    0x9D, 0x6B, 0x9D, 0x6B, 0x9D, 0x4C, 0x74, 0x6B, 0x2A, 0x45, 0x6B, 0xEA, 0x8D, 0x0D, 0x6B, 0xEA,
    0x19, 0xC5, 0x01, 0xCA, 0x09, 0xED, 0x09, 0xED, 0x0A, 0x0D, 0x0A, 0x0D, 0x0A, 0x0D, 0x0A, 0x0D,
    0x0A, 0x0E, 0x12, 0x0D, 0x09, 0xCC, 0x09, 0xAC, 0x01, 0x4A, 0x09, 0x8B, 0x11, 0xED, 0x12, 0x0D,
    0x1A, 0x0E, 0x22, 0x0D, 0x19, 0xCB, 0x1A, 0x0D, 0x1A, 0x2D, 0x12, 0x2E, 0x12, 0x2E, 0x0A, 0x2E,
    0x0A, 0x2E, 0x0A, 0x2E, 0x0A, 0x2E, 0x0A, 0x2E, 0x0A, 0x2E, 0x0A, 0x2E, 0x0A, 0x2E, 0x0A, 0x2E,
    0x0A, 0x2E, 0x0A, 0x2E, 0x02, 0x2E, 0x02, 0x2E, 0x02, 0x2E, 0x0A, 0x2E, 0x0A, 0x0E, 0x02, 0x2E,
    0x02, 0x2E, 0x02, 0x2E, 0x0A, 0x2E, 0x0A, 0x2E, 0x0A, 0x4E, 0x0A, 0x0D, 0x0A, 0x0D, 0x11, 0xEC,
    0x09, 0x28, 0x00, 0x23, 0x00, 0x22, 0x00, 0x42, 0x00, 0x21, 0x00, 0x20, 0x00, 0x20, 0x00, 0x20,
    0x00, 0x21, 0x00, 0x41, 0x00, 0x21, 0x00, 0x21, 0x00, 0x22, 0x00, 0x43, 0x01, 0x07, 0x11, 0xCB,
    0x0A, 0x0C, 0x0A, 0x0D, 0x02, 0x0D, 0x02, 0x0D, 0x02, 0x0D, 0x02, 0x0D, 0x02, 0x0D, 0x02, 0x2E,
    0x02, 0x2E, 0x02, 0x2E, 0x0A, 0x2E, 0x0A, 0x2E, 0x0A, 0x4E, 0x0A, 0x2E, 0x02, 0x0D, 0x02, 0x0D,
    0x02, 0x0D, 0x02, 0x0D, 0x02, 0x0D, 0x02, 0x0D, 0x02, 0x0D, 0x02, 0x0D, 0x02, 0x0D, 0x02, 0x0C,
    0x01, 0xEB, 0x09, 0xC8, 0x63, 0xA9, 0x95, 0x2C, 0x95, 0x6C, 0x9D, 0x6C, 0x9D, 0x6C, 0x9D, 0x6B,
    0x9D, 0x6B, 0x9D, 0x6B, 0x9D, 0x6C, 0x9D, 0x6B, 0x95, 0x6B, 0x95, 0x6C, 0x95, 0x4C, 0x74, 0x4B,
    0x2A, 0x48, 0x01, 0xEA, 0x02, 0x0C, 0x02, 0x2D, 0x0A, 0x0D, 0x02, 0x2D, 0x02, 0x2D, 0x02, 0x2E,
    0x02, 0x2E, 0x02, 0x0E, 0x02, 0x0E, 0x02, 0x0E, 0x02, 0x0E, 0x02, 0x0D, 0x01, 0xEB, 0x19, 0xE7,
    0x74, 0x4B, 0x95, 0x4C, 0x9D, 0x6B, 0x9D, 0x4C, 0x9D, 0x6B, 0x9D, 0x6B, 0x9D, 0x6B, 0x9D, 0x6C,
    0x9D, 0x6C, 0x7C, 0x8B, 0x2A, 0x68, 0x0A, 0x0A, 0x09, 0xC8, 0x5B, 0x89, 0x8D, 0x0D, 0x7C, 0x6B,
    0x32, 0x66, 0x09, 0xC9, 0x0A, 0x0B, 0x0A, 0x0D, 0x09, 0xED, 0x0A, 0x0D, 0x09, 0xED, 0x09, 0xCD,
    0x09, 0x8B, 0x01, 0x4A, 0x01, 0x4B, 0x09, 0xCC, 0x11, 0xED, 0x12, 0x0D, 0x12, 0x0D, 0x12, 0x0D,
    0x19, 0xED, 0x00, 0xC6, 0x19, 0xCB, 0x1A, 0x0D, 0x1A, 0x2D, 0x12, 0x2E, 0x12, 0x2E, 0x0A, 0x2E,
    0x0A, 0x2D, 0x0A, 0x2E, 0x0A, 0x2E, 0x0A, 0x2E, 0x0A, 0x2E, 0x0A, 0x2E, 0x0A, 0x2E, 0x0A, 0x2E,
    0x0A, 0x2E, 0x02, 0x2E, 0x02, 0x2E, 0x02, 0x2E, 0x02, 0x2E, 0x0A, 0x0E, 0x02, 0x2E, 0x02, 0x2E,
    0x02, 0x2E, 0x0A, 0x2E, 0x0A, 0x2E, 0x0A, 0x4E, 0x0A, 0x0D, 0x0A, 0x0D, 0x11, 0xEC, 0x00, 0xE7,
    0x00, 0x23, 0x00, 0x63, 0x00, 0x62, 0x00, 0x21, 0x00, 0x00, 0x00, 0x20, 0x00, 0x20, 0x00, 0x21,
    0x00, 0x20, 0x00, 0x20, 0x00, 0x41, 0x00, 0x21, 0x00, 0x22, 0x00, 0xA5, 0x11, 0x8A, 0x11, 0xEC,
    0x0A, 0x0D, 0x0A, 0x0D, 0x0A, 0x0D, 0x02, 0x0D, 0x02, 0x0D, 0x02, 0x2E, 0x02, 0x0D, 0x02, 0x0D,
    0x02, 0x0D, 0x02, 0x0E, 0x0A, 0x2E, 0x0A, 0x2E, 0x02, 0x2E, 0x02, 0x0D, 0x02, 0x0D, 0x02, 0x0D,
    0x02, 0x0D, 0x02, 0x0D, 0x02, 0x0D, 0x02, 0x0D, 0x02, 0x0D, 0x02, 0x0C, 0x01, 0xEB, 0x12, 0x07,
    0x6C, 0x0A, 0x95, 0x2B, 0x9D, 0x6B, 0x9D, 0x6C, 0x9D, 0x6C, 0x9D, 0x6C, 0x9D, 0x6B, 0x9D, 0x6B,
    0x9D, 0x6B, 0x9D, 0x6C, 0x9D, 0x6B, 0x95, 0x6B, 0x95, 0x4C, 0x6C, 0x0A, 0x11, 0xE7, 0x01, 0xEB,
    0x02, 0x0D, 0x02, 0x2D, 0x02, 0x2D, 0x0A, 0x0E, 0x0A, 0x0E, 0x02, 0x2E, 0x02, 0x2E, 0x02, 0x2E,
    0x02, 0x0D, 0x02, 0x0D, 0x02, 0x0D, 0x02, 0x0D, 0x01, 0xEB, 0x19, 0xE7, 0x7C, 0x4B, 0x9D, 0x4C,
    0x9D, 0x6B, 0x9D, 0x6B, 0x9D, 0x6B, 0x9D, 0x6B, 0x9D, 0x6B, 0x9D, 0x6B, 0x9D, 0x6C, 0x7C, 0xAC,
    0x2A, 0x68, 0x12, 0x2C, 0x11, 0xEC, 0x0A, 0x0C, 0x09, 0xE9, 0x4B, 0x09, 0x8C, 0xEC, 0x84, 0xCB,
    0x42, 0xC7, 0x09, 0xC8, 0x0A, 0x0C, 0x11, 0xED, 0x09, 0xEC, 0x01, 0x8B, 0x01, 0x2A, 0x01, 0x4A,
    0x09, 0xAC, 0x09, 0xCD, 0x11, 0xED, 0x11, 0xED, 0x0A, 0x0D, 0x12, 0x0D, 0x11, 0xED, 0x19, 0xED,
    0x00, 0x43, 0x08, 0xE6, 0x19, 0xCB, 0x1A, 0x0D, 0x1A, 0x2E, 0x12, 0x2E, 0x0A, 0x2E, 0x0A, 0x2E,
    0x0A, 0x2E, 0x0A, 0x2E, 0x0A, 0x2E, 0x0A, 0x4E, 0x0A, 0x2E, 0x0A, 0x2E, 0x0A, 0x2E, 0x0A, 0x2E,
    0x0A, 0x2E, 0x02, 0x2E, 0x02, 0x2E, 0x02, 0x2E, 0x02, 0x2E, 0x02, 0x2E, 0x02, 0x2E, 0x0A, 0x2E,
    0x02, 0x2E, 0x0A, 0x2E, 0x02, 0x0E, 0x02, 0x0D, 0x0A, 0x0D, 0x12, 0x0C, 0x09, 0x49, 0x00, 0x24,
    0x00, 0x84, 0x00, 0x63, 0x00, 0x21, 0x00, 0x20, 0x00, 0x20, 0x00, 0x40, 0x00, 0x20, 0x00, 0x20,
    0x00, 0x20, 0x00, 0x21, 0x00, 0x21, 0x00, 0x01, 0x00, 0x23, 0x09, 0x28, 0x11, 0xEB, 0x12, 0x0D,
    0x0A, 0x0D, 0x0A, 0x0D, 0x02, 0x2E, 0x02, 0x2E, 0x02, 0x0D, 0x02, 0x0D, 0x02, 0x0D, 0x02, 0x0D,
    0x02, 0x2E, 0x0A, 0x2E, 0x02, 0x2E, 0x02, 0x0D, 0x02, 0x0D, 0x02, 0x0D, 0x02, 0x0D, 0x02, 0x0D,
    0x02, 0x0D, 0x02, 0x0D, 0x02, 0x0D, 0x01, 0xEC, 0x01, 0xEA, 0x32, 0x88, 0x7C, 0xAC, 0x9D, 0x6C,
    0x9D, 0x6B, 0x9D, 0x6C, 0x9D, 0x6C, 0x9D, 0x6C, 0x9D, 0x6B, 0x9D, 0x6B, 0x9D, 0x6B, 0x9D, 0x6B,
    0x95, 0x4B, 0x95, 0x4B, 0x95, 0x0C, 0x63, 0x88, 0x09, 0xC8, 0x01, 0xEB, 0x01, 0xEC, 0x02, 0x0D,
    0x02, 0x0D, 0x0A, 0x0D, 0x0A, 0x0E, 0x02, 0x0E, 0x02, 0x2E, 0x02, 0x0E, 0x02, 0x2E, 0x02, 0x2D,
    0x02, 0x0D, 0x01, 0xED, 0x01, 0xEB, 0x19, 0xE7, 0x74, 0x2A, 0x95, 0x4D, 0x9D, 0x6B, 0x9D, 0x6B,
    0x9D, 0x4C, 0x9D, 0x6B, 0x9D, 0x6B, 0x9D, 0x6C, 0x95, 0x6C, 0x7C, 0x8C, 0x2A, 0x48, 0x12, 0x2C,
    0x1A, 0x6E, 0x09, 0xED, 0x12, 0x0D, 0x11, 0xED, 0x11, 0xCA, 0x3A, 0x88, 0x84, 0xAC, 0x8D, 0x0D,
    0x53, 0x49, 0x09, 0xA7, 0x01, 0xAA, 0x01, 0x4A, 0x01, 0x6B, 0x09, 0xAC, 0x11, 0xCC, 0x11, 0xED,
    0x12, 0x0D, 0x12, 0x0D, 0x11, 0xED, 0x09, 0xED, 0x11, 0xED, 0x11, 0xED, 0x19, 0xAC, 0x00, 0x22,
    0x00, 0x43, 0x00, 0xC5, 0x11, 0xAA, 0x1A, 0x0C, 0x1A, 0x0E, 0x12, 0x2E, 0x0A, 0x0E, 0x0A, 0x0E,
    0x0A, 0x2E, 0x0A, 0x2E, 0x0A, 0x2E, 0x0A, 0x2E, 0x0A, 0x2E, 0x0A, 0x2E, 0x0A, 0x2E, 0x02, 0x2E,
    0x02, 0x2E, 0x0A, 0x2E, 0x02, 0x2E, 0x02, 0x2E, 0x02, 0x2E, 0x02, 0x2E, 0x02, 0x2E, 0x02, 0x2E,
    0x02, 0x2E, 0x02, 0x0D, 0x02, 0x0D, 0x0A, 0x0D, 0x0A, 0x0C, 0x09, 0xAB, 0x00, 0x65, 0x00, 0x63,
    0x08, 0x83, 0x00, 0x21, 0x00, 0x20, 0x00, 0x40, 0x00, 0x40, 0x00, 0x20, 0x00, 0x20, 0x00, 0x20,
    0x00, 0x20, 0x00, 0x20, 0x00, 0x21, 0x00, 0x22, 0x08, 0xE6, 0x21, 0xEB, 0x22, 0x6D, 0x12, 0x2D,
    0x0A, 0x2D, 0x0A, 0x2E, 0x02, 0x2E, 0x02, 0x0D, 0x02, 0x0D, 0x02, 0x0D, 0x02, 0x0D, 0x02, 0x2E,
    0x02, 0x2E, 0x02, 0x2E, 0x02, 0x0D, 0x02, 0x0D, 0x02, 0x0D, 0x02, 0x0D, 0x02, 0x0D, 0x02, 0x0D,
    0x02, 0x0D, 0x02, 0x0C, 0x01, 0xC9, 0x42, 0xE8, 0x84, 0xEC, 0x9D, 0x6C, 0x9D, 0x6B, 0x9D, 0x6C,
    0x9D, 0x6C, 0x9D, 0x6C, 0x9D, 0x6C, 0x9D, 0x6B, 0x9D, 0x6B, 0x9D, 0x6C, 0x9D, 0x4C, 0x8C, 0xEA,
    0x8C, 0xCB, 0x4A, 0xE8, 0x09, 0xA8, 0x09, 0xCB, 0x12, 0x0D, 0x0A, 0x0E, 0x0A, 0x2E, 0x0A, 0x0E,
    0x0A, 0x0E, 0x0A, 0x2E, 0x02, 0x2D, 0x02, 0x0D, 0x0A, 0x0E, 0x02, 0x0D, 0x02, 0x0D, 0x01, 0xEE,
    0x01, 0xCC, 0x19, 0xE7, 0x74, 0x4B, 0x95, 0x4C, 0x9D, 0x6B, 0x9D, 0x6B, 0x9D, 0x4C, 0x9D, 0x6C,
    0x9D, 0x6C, 0x9D, 0x6C, 0x9D, 0x6C, 0x7C, 0x8B, 0x22, 0x07, 0x09, 0xAB, 0x12, 0x0D, 0x12, 0x2E,
    0x12, 0x0E, 0x1A, 0x0D, 0x1A, 0x0D, 0x12, 0x0D, 0x12, 0x0B, 0x2A, 0x27, 0x7C, 0x4B, 0x8D, 0x0D,
    0x5B, 0xAA, 0x09, 0x86, 0x09, 0xAA, 0x09, 0xEC, 0x11, 0xED, 0x11, 0xED, 0x11, 0xED, 0x12, 0x0D,
    0x11, 0xED, 0x11, 0xCD, 0x09, 0xAC, 0x01, 0x6B, 0x01, 0x4B, 0x11, 0x4B, 0x00, 0x42, 0x00, 0x22,
    0x00, 0x63, 0x00, 0xC5, 0x11, 0x69, 0x19, 0xEC, 0x12, 0x0D, 0x12, 0x0D, 0x12, 0x0D, 0x0A, 0x0E,
    0x0A, 0x0E, 0x0A, 0x2E, 0x0A, 0x2E, 0x0A, 0x2E, 0x0A, 0x2E, 0x0A, 0x2E, 0x02, 0x2E, 0x0A, 0x0E,
    0x0A, 0x0E, 0x02, 0x2E, 0x02, 0x2E, 0x02, 0x2E, 0x02, 0x2E, 0x02, 0x2E, 0x02, 0x2E, 0x02, 0x2E,
    0x02, 0x2E, 0x02, 0x0E, 0x0A, 0x0D, 0x09, 0xED, 0x09, 0xCB, 0x00, 0xE7, 0x00, 0x23, 0x00, 0x22,
    0x00, 0x21, 0x08, 0x81, 0x00, 0x60, 0x08, 0x80, 0x00, 0x40, 0x00, 0x20, 0x00, 0x20, 0x00, 0x20,
    0x00, 0x20, 0x00, 0x21, 0x00, 0x42, 0x00, 0x64, 0x19, 0x89, 0x22, 0x2D, 0x12, 0x2D, 0x0A, 0x2D,
    0x0A, 0x2E, 0x02, 0x0D, 0x02, 0x0D, 0x02, 0x0D, 0x02, 0x0D, 0x02, 0x0D, 0x02, 0x2E, 0x02, 0x0D,
    0x02, 0x0D, 0x02, 0x0D, 0x02, 0x0D, 0x02, 0x0D, 0x02, 0x0D, 0x02, 0x0D, 0x02, 0x0C, 0x01, 0xEB,
    0x09, 0xE9, 0x53, 0x89, 0x95, 0x0C, 0x9D, 0x6C, 0x9D, 0x6C, 0x9D, 0x6C, 0x9D, 0x6C, 0x9D, 0x6C,
    0x9D, 0x6B, 0x9D, 0x4C, 0x95, 0x2B, 0x9D, 0x6C, 0x9D, 0x4C, 0x95, 0x0C, 0x74, 0x09, 0x3A, 0x66,
    0x01, 0x47, 0x01, 0x68, 0x09, 0x8A, 0x11, 0xCC, 0x12, 0x2D, 0x12, 0x2E, 0x0A, 0x0E, 0x0A, 0x2E,
    0x0A, 0x0D, 0x0A, 0x0E, 0x0A, 0x0E, 0x02, 0x0E, 0x02, 0x0D, 0x02, 0x0D, 0x01, 0xEC, 0x19, 0xE7,
    0x74, 0x6A, 0x95, 0x4C, 0x9D, 0x4B, 0x9D, 0x4B, 0x95, 0x6B, 0x95, 0x6B, 0x9D, 0x6B, 0x9D, 0x6C,
    0x9D, 0x4C, 0x84, 0x8B, 0x29, 0xA5, 0x01, 0x28, 0x09, 0xCB, 0x09, 0xEC, 0x0A, 0x0D, 0x0A, 0x0D,
    0x11, 0xEE, 0x12, 0x0D, 0x1A, 0x0D, 0x1A, 0x0D, 0x11, 0xAA, 0x11, 0x45, 0x5B, 0x88, 0x8C, 0xCD,
    0x5B, 0xAB, 0x09, 0xA8, 0x11, 0xEC, 0x12, 0x0D, 0x11, 0xED, 0x11, 0xCD, 0x11, 0xAC, 0x09, 0x6B,
    0x01, 0x2A, 0x01, 0x4A, 0x09, 0xAC, 0x11, 0xCC, 0x21, 0xCC, 0x00, 0x42, 0x00, 0x42, 0x00, 0x62,
    0x00, 0x83, 0x00, 0x84, 0x09, 0x49, 0x11, 0xEC, 0x1A, 0x0D, 0x12, 0x0D, 0x12, 0x0E, 0x0A, 0x0E,
    0x0A, 0x2E, 0x0A, 0x2E, 0x0A, 0x2E, 0x0A, 0x2E, 0x0A, 0x2E, 0x02, 0x2E, 0x02, 0x2E, 0x02, 0x0E,
    0x02, 0x0E, 0x02, 0x2E, 0x02, 0x0E, 0x02, 0x2E, 0x0A, 0x4E, 0x02, 0x2E, 0x02, 0x2E, 0x02, 0x0E,
    0x02, 0x0E, 0x02, 0x0D, 0x09, 0xED, 0x01, 0xCC, 0x00, 0xE7, 0x00, 0x23, 0x00, 0x21, 0x00, 0x20,
    0x00, 0x60, 0x21, 0x63, 0x7C, 0x4C, 0x5B, 0x08, 0x08, 0x60, 0x00, 0x20, 0x00, 0x00, 0x00, 0x20,
    0x00, 0x21, 0x00, 0x21, 0x00, 0x22, 0x00, 0xA5, 0x19, 0xCA, 0x11, 0xEC, 0x12, 0x0D, 0x0A, 0x0D,
    0x0A, 0x0D, 0x02, 0x0D, 0x02, 0x0D, 0x02, 0x0D, 0x02, 0x0D, 0x02, 0x0D, 0x02, 0x0D, 0x02, 0x0D,
    0x02, 0x0D, 0x01, 0xED, 0x01, 0xED, 0x02, 0x0D, 0x01, 0xEC, 0x01, 0xEB, 0x11, 0xE8, 0x6C, 0x0B,
    0x95, 0x4C, 0x9D, 0x6C, 0x9D, 0x6C, 0x9D, 0x6C, 0x9D, 0x6C, 0x9D, 0x6C, 0x9D, 0x6C, 0x95, 0x4B,
    0x84, 0xA9, 0x74, 0x28, 0x95, 0x0D, 0x8C, 0xCC, 0x4A, 0xE6, 0x11, 0x02, 0x08, 0xE4, 0x00, 0x83,
    0x00, 0x23, 0x00, 0xC7, 0x11, 0xCC, 0x19, 0xED, 0x12, 0x0D, 0x0A, 0x0D, 0x12, 0x0D, 0x0A, 0x0D,
    0x0A, 0x0D, 0x0A, 0x0E, 0x0A, 0x0D, 0x01, 0xED, 0x01, 0xCB, 0x22, 0x07, 0x7C, 0x6B, 0x9D, 0x4C,
    0x9D, 0x6B, 0x9D, 0x6B, 0x9D, 0x6B, 0x9D, 0x6B, 0x9D, 0x6B, 0x9D, 0x6B, 0x9D, 0x4C, 0x7C, 0x6B,
    0x21, 0xC4, 0x01, 0x06, 0x01, 0x49, 0x09, 0xCC, 0x11, 0xCC, 0x11, 0xED, 0x11, 0xED, 0x11, 0xED,
    0x09, 0xCC, 0x11, 0xCC, 0x09, 0xAC, 0x11, 0xCC, 0x09, 0xAA, 0x09, 0x87, 0x42, 0xC7, 0x63, 0xCC,
    0x09, 0x66, 0x09, 0xAB, 0x09, 0x8B, 0x09, 0x8B, 0x01, 0x4A, 0x01, 0x4A, 0x01, 0x4B, 0x01, 0x4A,
    0x01, 0x6B, 0x09, 0xAB, 0x09, 0x8B, 0x11, 0x4A, 0x00, 0x22, 0x00, 0x22, 0x00, 0x42, 0x00, 0x62,
    0x00, 0x63, 0x00, 0x84, 0x09, 0x49, 0x1A, 0x0C, 0x1A, 0x2D, 0x12, 0x2E, 0x12, 0x2D, 0x12, 0x2E,
    0x0A, 0x2E, 0x0A, 0x2E, 0x0A, 0x2E, 0x0A, 0x2E, 0x0A, 0x2E, 0x02, 0x2E, 0x02, 0x2E, 0x02, 0x0E,
    0x02, 0x2E, 0x02, 0x0E, 0x02, 0x2E, 0x0A, 0x4E, 0x02, 0x2E, 0x02, 0x2E, 0x02, 0x2E, 0x02, 0x0E,
    0x02, 0x2D, 0x0A, 0x0D, 0x09, 0xEC, 0x01, 0x08, 0x00, 0x43, 0x00, 0x22, 0x00, 0x21, 0x00, 0x40,
    0x29, 0x83, 0x94, 0xEC, 0x95, 0x0C, 0x63, 0x48, 0x19, 0x22, 0x00, 0x40, 0x00, 0x20, 0x00, 0x20,
    0x00, 0x21, 0x00, 0x22, 0x00, 0x43, 0x11, 0x48, 0x19, 0xEB, 0x12, 0x0C, 0x0A, 0x0D, 0x0A, 0x0D,
    0x02, 0x0D, 0x02, 0x0D, 0x02, 0x0D, 0x02, 0x0D, 0x02, 0x0D, 0x02, 0x0D, 0x01, 0xEE, 0x01, 0xEE,
    0x01, 0xED, 0x01, 0xEC, 0x01, 0xEC, 0x01, 0xEB, 0x21, 0xE8, 0x74, 0x2B, 0x9D, 0x4C, 0x9D, 0x6B,
    0x9D, 0x6B, 0x9D, 0x6C, 0x95, 0x2C, 0x8D, 0x0B, 0x9D, 0x4C, 0x95, 0x4C, 0x8C, 0xCA, 0x5B, 0x45,
    0x6B, 0xA8, 0x7C, 0x2B, 0x4A, 0x86, 0x00, 0x60, 0x00, 0x41, 0x00, 0x21, 0x00, 0x01, 0x00, 0x22,
    0x09, 0x27, 0x19, 0xCB, 0x19, 0xCC, 0x11, 0xCC, 0x11, 0xED, 0x12, 0x0D, 0x12, 0x0D, 0x0A, 0x0D,
    0x0A, 0x0D, 0x0A, 0x0D, 0x01, 0xEA, 0x21, 0xE6, 0x7C, 0x6B, 0x95, 0x6C, 0x9D, 0x6C, 0x9D, 0x6C,
    0x9D, 0x6B, 0x9D, 0x6B, 0x9D, 0x6B, 0x9D, 0x4C, 0x95, 0x4C, 0x7C, 0x2A, 0x21, 0x62, 0x08, 0xE4,
    0x00, 0xA6, 0x01, 0x09, 0x11, 0xAC, 0x11, 0xCC, 0x11, 0xCC, 0x11, 0xAC, 0x09, 0x6B, 0x01, 0x2A,
    0x09, 0x4B, 0x11, 0xAC, 0x11, 0xED, 0x09, 0xEC, 0x09, 0xCB, 0x01, 0x47, 0x21, 0xE8, 0x01, 0x26,
    0x01, 0x08, 0x01, 0x09, 0x11, 0x6A, 0x09, 0xAB, 0x09, 0xAB, 0x01, 0x6A, 0x01, 0x49, 0x01, 0x49,
    0x01, 0x4A, 0x01, 0x4A, 0x19, 0xAB, 0x00, 0x23, 0x00, 0x22, 0x00, 0x42, 0x00, 0x42, 0x00, 0x62,
    0x00, 0x62, 0x00, 0x84, 0x11, 0x48, 0x22, 0x2C, 0x1A, 0x2D, 0x12, 0x2D, 0x12, 0x0D, 0x12, 0x2E,
    0x0A, 0x2E, 0x0A, 0x2E, 0x0A, 0x2E, 0x0A, 0x2E, 0x0A, 0x2E, 0x02, 0x2E, 0x02, 0x2E, 0x02, 0x0E,
    0x0A, 0x0E, 0x02, 0x2E, 0x02, 0x2E, 0x02, 0x2E, 0x02, 0x2E, 0x02, 0x2E, 0x02, 0x2E, 0x02, 0x2E,
    0x0A, 0x2D, 0x09, 0xEC, 0x01, 0x29, 0x00, 0x64, 0x00, 0x21, 0x00, 0x41, 0x00, 0x41, 0x19, 0x01,
    0x8C, 0xEB, 0x9D, 0x4C, 0x95, 0x0C, 0x5B, 0x27, 0x08, 0x80, 0x00, 0x20, 0x00, 0x20, 0x00, 0x20,
    0x00, 0x21, 0x00, 0x22, 0x00, 0x64, 0x11, 0x89, 0x1A, 0x0C, 0x12, 0x0D, 0x0A, 0x0D, 0x02, 0x0D,
    0x02, 0x0D, 0x02, 0x0E, 0x02, 0x0E, 0x02, 0x0D, 0x02, 0x0D, 0x09, 0xED, 0x09, 0xED, 0x01, 0xED,
    0x01, 0xEC, 0x01, 0xAA, 0x09, 0x66, 0x5B, 0x4A, 0x8C, 0xAC, 0x8C, 0xA9, 0x95, 0x4B, 0x9D, 0x4C,
    0x9D, 0x4C, 0x84, 0x8A, 0x53, 0x06, 0x7C, 0x4A, 0x84, 0xAA, 0x84, 0x6A, 0x3A, 0x04, 0x08, 0xA0,
    0x00, 0x60, 0x00, 0x60, 0x00, 0x20, 0x00, 0x20, 0x00, 0x20, 0x00, 0x20, 0x00, 0x01, 0x00, 0xA5,
    0x09, 0x07, 0x11, 0x28, 0x00, 0xC7, 0x09, 0x29, 0x19, 0xEC, 0x12, 0x0D, 0x11, 0xED, 0x09, 0xEC,
    0x01, 0xCA, 0x32, 0x67, 0x84, 0x8B, 0x9D, 0x4C, 0x9D, 0x6C, 0x9D, 0x4C, 0x9D, 0x6C, 0x9D, 0x6B,
    0x9D, 0x6B, 0x9D, 0x4C, 0x95, 0x2D, 0x73, 0xEA, 0x21, 0x22, 0x00, 0x20, 0x00, 0x41, 0x00, 0x22,
    0x00, 0x64, 0x00, 0xC7, 0x09, 0x29, 0x09, 0x09, 0x01, 0x09, 0x01, 0x29, 0x09, 0x6A, 0x11, 0xAC,
    0x09, 0xAC, 0x09, 0xAB, 0x01, 0x8B, 0x01, 0x6B, 0x01, 0x4A, 0x01, 0x69, 0x01, 0x69, 0x01, 0x48,
    0x00, 0xE7, 0x00, 0xE8, 0x09, 0x29, 0x3A, 0xAE, 0x5B, 0xD2, 0x6C, 0xB5, 0x64, 0xD6, 0x2A, 0xCE,
    0x01, 0xAB, 0x19, 0xEC, 0x09, 0x07, 0x00, 0x43, 0x00, 0x62, 0x00, 0x42, 0x00, 0x41, 0x00, 0x41,
    0x00, 0x62, 0x00, 0x64, 0x09, 0x48, 0x19, 0xCB, 0x1A, 0x0C, 0x12, 0x0D, 0x12, 0x0E, 0x12, 0x2E,
    0x12, 0x2E, 0x12, 0x2E, 0x0A, 0x2E, 0x0A, 0x2E, 0x0A, 0x2E, 0x02, 0x2E, 0x02, 0x2E, 0x0A, 0x0E,
    0x0A, 0x2E, 0x02, 0x2E, 0x02, 0x2E, 0x02, 0x2E, 0x02, 0x2E, 0x02, 0x2E, 0x0A, 0x2E, 0x0A, 0x2D,
    0x09, 0xED, 0x01, 0x29, 0x00, 0x63, 0x00, 0x20, 0x00, 0x20, 0x00, 0x20, 0x19, 0x01, 0x8C, 0xCB,
    0x9D, 0x4B, 0x9D, 0x4C, 0x84, 0x8B, 0x29, 0x82, 0x00, 0x60, 0x00, 0x20, 0x00, 0x20, 0x00, 0x20,
    0x00, 0x22, 0x00, 0x22, 0x00, 0xE6, 0x19, 0xEB, 0x1A, 0x0D, 0x0A, 0x0D, 0x02, 0x0D, 0x02, 0x0D,
    0x02, 0x0D, 0x02, 0x0D, 0x02, 0x0D, 0x09, 0xED, 0x09, 0xED, 0x09, 0xED, 0x01, 0xCB, 0x01, 0x89,
    0x09, 0x46, 0x00, 0x82, 0x08, 0xA0, 0x63, 0x88, 0x5B, 0x65, 0x8C, 0xEA, 0x9D, 0x2B, 0x94, 0xEB,
    0x63, 0x88, 0x10, 0xA0, 0x21, 0x42, 0x5B, 0x47, 0x7C, 0x2B, 0x4A, 0xA7, 0x00, 0x20, 0x00, 0x40,
    0x08, 0xA2, 0x08, 0x62, 0x00, 0x20, 0x00, 0x20, 0x00, 0x21, 0x00, 0x21, 0x00, 0x22, 0x00, 0x22,
    0x00, 0x43, 0x00, 0x22, 0x00, 0x44, 0x11, 0xAB, 0x19, 0xED, 0x11, 0xEC, 0x11, 0xCA, 0x3A, 0xA8,
    0x8C, 0xCC, 0x9D, 0x4D, 0x95, 0x4C, 0x95, 0x4C, 0x9D, 0x0D, 0x84, 0xAB, 0x8C, 0xCB, 0x8C, 0xCB,
    0x63, 0xA8, 0x5B, 0x28, 0x10, 0xC0, 0x00, 0x20, 0x00, 0x20, 0x00, 0x20, 0x00, 0x20, 0x00, 0x01,
    0x00, 0x43, 0x00, 0x64, 0x00, 0x44, 0x00, 0xE7, 0x11, 0x6A, 0x11, 0xAB, 0x11, 0xCC, 0x11, 0xCC,
    0x09, 0xEC, 0x09, 0xED, 0x01, 0xAC, 0x01, 0xAB, 0x01, 0x6A, 0x01, 0x69, 0x22, 0x4C, 0x3A, 0xEF,
    0x29, 0xCA, 0x00, 0x85, 0x53, 0x2F, 0x74, 0xD6, 0x7D, 0x77, 0x7D, 0x98, 0x6D, 0x17, 0x2A, 0xCE,
    0x19, 0xCB, 0x19, 0xEC, 0x00, 0xE6, 0x00, 0x43, 0x00, 0x42, 0x00, 0x41, 0x00, 0x41, 0x00, 0x41,
    0x00, 0x42, 0x00, 0x63, 0x00, 0xE6, 0x19, 0xCA, 0x1A, 0x0C, 0x1A, 0x2D, 0x12, 0x2E, 0x12, 0x2E,
    0x12, 0x4E, 0x12, 0x2E, 0x0A, 0x2E, 0x0A, 0x2E, 0x0A, 0x2E, 0x0A, 0x0E, 0x02, 0x2E, 0x02, 0x2E,
    0x02, 0x2E, 0x02, 0x2E, 0x02, 0x2E, 0x02, 0x2E, 0x0A, 0x2E, 0x0A, 0x2E, 0x0A, 0x2D, 0x11, 0xED,
    0x09, 0x6B, 0x00, 0x84, 0x00, 0x61, 0x00, 0x20, 0x00, 0x20, 0x10, 0xA0, 0x8C, 0xAA, 0x9D, 0x6B,
    0x9D, 0x6C, 0x9D, 0x4D, 0x6B, 0xC9, 0x10, 0xC0, 0x00, 0x20, 0x00, 0x20, 0x00, 0x20, 0x00, 0x41,
    0x00, 0x22, 0x00, 0x43, 0x09, 0x28, 0x11, 0xEC, 0x12, 0x0D, 0x09, 0xED, 0x02, 0x0D, 0x02, 0x0D,
    0x02, 0x0D, 0x02, 0x0D, 0x09, 0xED, 0x09, 0xCC, 0x09, 0xAA, 0x01, 0x26, 0x00, 0xE3, 0x08, 0xA2,
    0x00, 0x20, 0x00, 0x20, 0x3A, 0x24, 0x73, 0xE8, 0x8C, 0xCA, 0x8C, 0xEB, 0x84, 0x6A, 0x4A, 0x85,
    0x00, 0x00, 0x00, 0x20, 0x19, 0x21, 0x29, 0xA4, 0x08, 0x81, 0x00, 0x41, 0x00, 0x41, 0x08, 0xA2,
    0x08, 0x81, 0x00, 0x40, 0x00, 0x21, 0x00, 0x41, 0x00, 0x41, 0x00, 0x41, 0x00, 0x21, 0x00, 0x01,
    0x00, 0x01, 0x00, 0x23, 0x19, 0x6A, 0x22, 0x0C, 0x19, 0xC9, 0x4B, 0x09, 0x8D, 0x0C, 0x9D, 0x4C,
    0x95, 0x2C, 0x84, 0xAA, 0x73, 0xE9, 0x4A, 0xC6, 0x21, 0x41, 0x3A, 0x04, 0x29, 0xA3, 0x08, 0xC0,
    0x00, 0x40, 0x00, 0x40, 0x00, 0x20, 0x00, 0x20, 0x00, 0x21, 0x00, 0x01, 0x00, 0x22, 0x10, 0xE5,
    0x19, 0x06, 0x00, 0x23, 0x00, 0x43, 0x09, 0x07, 0x19, 0xAA, 0x19, 0xCB, 0x09, 0xCB, 0x09, 0xCC,
    0x01, 0xAB, 0x1A, 0x2C, 0x33, 0x0F, 0x4B, 0xF2, 0x5C, 0xD6, 0x6D, 0x58, 0x75, 0x78, 0x6C, 0xF6,
    0x4B, 0x6F, 0x21, 0xEA, 0x21, 0xA9, 0x4B, 0x2F, 0x6C, 0xB5, 0x7D, 0x58, 0x6C, 0xF7, 0x2A, 0x4C,
    0x1A, 0x0D, 0x11, 0x6A, 0x00, 0x44, 0x00, 0x22, 0x00, 0x42, 0x00, 0x21, 0x00, 0x21, 0x00, 0x41,
    0x00, 0x41, 0x00, 0x63, 0x00, 0xA5, 0x19, 0xAA, 0x22, 0x2D, 0x1A, 0x0D, 0x12, 0x0D, 0x12, 0x2D,
    0x12, 0x2E, 0x0A, 0x2E, 0x0A, 0x2E, 0x0A, 0x2E, 0x0A, 0x2E, 0x02, 0x2E, 0x02, 0x2E, 0x02, 0x2E,
    0x02, 0x2E, 0x02, 0x2E, 0x0A, 0x2E, 0x02, 0x4E, 0x0A, 0x2E, 0x0A, 0x2D, 0x12, 0x0D, 0x09, 0xAC,
    0x01, 0x05, 0x42, 0x87, 0x29, 0x83, 0x00, 0x20, 0x00, 0x40, 0x84, 0x8A, 0x9D, 0x6C, 0xA5, 0x6C,
    0xA5, 0x8D, 0x9D, 0x4D, 0x5B, 0x48, 0x00, 0x60, 0x00, 0x20, 0x00, 0x21, 0x00, 0x41, 0x00, 0x41,
    0x00, 0x02, 0x00, 0x44, 0x09, 0x69, 0x11, 0xCC, 0x11, 0xED, 0x09, 0xED, 0x01, 0xED, 0x01, 0xED,
    0x01, 0xED, 0x01, 0xEB, 0x01, 0xA8, 0x3A, 0xC8, 0x42, 0x87, 0x00, 0x20, 0x00, 0x20, 0x00, 0x20,
    0x00, 0x20, 0x00, 0x60, 0x6B, 0x89, 0x73, 0xE9, 0x4A, 0xC5, 0x63, 0x87, 0x6B, 0xA9, 0x10, 0xA0,
    0x00, 0x20, 0x00, 0x40, 0x00, 0x21, 0x00, 0x41, 0x00, 0x41, 0x00, 0x21, 0x00, 0x41, 0x00, 0x61,
    0x08, 0x61, 0x00, 0x21, 0x00, 0x21, 0x00, 0x41, 0x00, 0x41, 0x00, 0x21, 0x00, 0x21, 0x00, 0x21,
    0x00, 0x21, 0x08, 0xE5, 0x19, 0x67, 0x53, 0x09, 0x95, 0x0D, 0x9D, 0x4C, 0x84, 0x89, 0x6B, 0xC7,
    0x52, 0xC5, 0x29, 0xC3, 0x00, 0x20, 0x00, 0x20, 0x10, 0xA1, 0x00, 0x40, 0x00, 0x40, 0x00, 0x40,
    0x00, 0x20, 0x00, 0x20, 0x00, 0x20, 0x00, 0x20, 0x00, 0x21, 0x00, 0x62, 0x11, 0x05, 0x19, 0x06,
    0x00, 0x43, 0x00, 0x02, 0x00, 0x23, 0x00, 0x64, 0x09, 0x27, 0x32, 0x6C, 0x4B, 0xB1, 0x64, 0x95,
    0x6D, 0x37, 0x75, 0x98, 0x6D, 0xB8, 0x6D, 0x98, 0x6D, 0xB8, 0x6D, 0xB8, 0x6D, 0xB8, 0x75, 0x98,
    0x6D, 0x37, 0x53, 0xB1, 0x08, 0x85, 0x11, 0x07, 0x42, 0xEE, 0x5C, 0x14, 0x3A, 0xCF, 0x12, 0x0E,
    0x19, 0xCC, 0x00, 0xE7, 0x00, 0x23, 0x00, 0x22, 0x00, 0x41, 0x00, 0x21, 0x00, 0x21, 0x00, 0x41,
    0x00, 0x41, 0x00, 0x42, 0x00, 0x84, 0x11, 0x68, 0x19, 0xCB, 0x11, 0xEC, 0x12, 0x0D, 0x12, 0x2D,
    0x0A, 0x0E, 0x0A, 0x0E, 0x0A, 0x2E, 0x0A, 0x2E, 0x02, 0x2E, 0x02, 0x2E, 0x02, 0x2E, 0x02, 0x2E,
    0x0A, 0x2E, 0x0A, 0x2E, 0x0A, 0x2E, 0x0A, 0x2E, 0x0A, 0x2D, 0x0A, 0x0D, 0x09, 0xAB, 0x11, 0x66,
    0x73, 0xEB, 0x6B, 0xAA, 0x00, 0x20, 0x00, 0x20, 0x84, 0x6A, 0x9D, 0x6C, 0x9D, 0x6C, 0xA5, 0x6C,
    0xA5, 0x6D, 0x8C, 0xCC, 0x4A, 0xA7, 0x10, 0xA1, 0x00, 0x21, 0x00, 0x41, 0x00, 0x62, 0x00, 0x21,
    0x00, 0x22, 0x00, 0xC7, 0x19, 0xAB, 0x11, 0xEC, 0x09, 0xED, 0x01, 0xED, 0x01, 0xEB, 0x01, 0xE9,
    0x2A, 0x47, 0x63, 0xEA, 0x8C, 0xED, 0x63, 0x68, 0x00, 0x40, 0x00, 0x20, 0x00, 0x20, 0x00, 0x40,
    0x00, 0x40, 0x29, 0x64, 0x21, 0x43, 0x08, 0x80, 0x52, 0xC6, 0x73, 0xAA, 0x10, 0xC1, 0x00, 0x20,
    0x00, 0x20, 0x00, 0x21, 0x00, 0x20, 0x00, 0x20, 0x00, 0x20, 0x00, 0x41, 0x00, 0x41, 0x08, 0x82,
    0x08, 0x62, 0x00, 0x41, 0x00, 0x41, 0x00, 0x41, 0x00, 0x21, 0x00, 0x41, 0x00, 0x41, 0x00, 0x21,
    0x00, 0x21, 0x00, 0x60, 0x5B, 0x28, 0x94, 0xEC, 0x9D, 0x2C, 0x84, 0x8B, 0x5B, 0x27, 0x10, 0xE1,
    0x10, 0xC1, 0x29, 0x64, 0x08, 0x81, 0x00, 0x20, 0x00, 0x20, 0x00, 0x20, 0x00, 0x20, 0x00, 0x20,
    0x00, 0x20, 0x00, 0x20, 0x00, 0x20, 0x00, 0x21, 0x00, 0x41, 0x08, 0x63, 0x08, 0x63, 0x00, 0x42,
    0x00, 0x21, 0x00, 0x21, 0x00, 0x21, 0x31, 0xE8, 0x74, 0x73, 0x75, 0x36, 0x75, 0x98, 0x6D, 0xB8,
    0x6D, 0xB8, 0x65, 0xB8, 0x65, 0xB8, 0x65, 0xB8, 0x6D, 0xB8, 0x6D, 0xB8, 0x6D, 0xB8, 0x6D, 0xB8,
    0x75, 0x57, 0x4B, 0x91, 0x00, 0xA6, 0x00, 0x86, 0x08, 0xE8, 0x11, 0x2A, 0x0A, 0x2E, 0x12, 0x0D,
    0x11, 0xCC, 0x00, 0xE7, 0x00, 0x43, 0x00, 0x22, 0x00, 0x21, 0x00, 0x41, 0x00, 0x41, 0x00, 0x41,
    0x00, 0x41, 0x00, 0x22, 0x00, 0x23, 0x00, 0xE6, 0x11, 0xAA, 0x1A, 0x0C, 0x12, 0x0D, 0x12, 0x0D,
    0x0A, 0x2D, 0x0A, 0x2D, 0x0A, 0x2E, 0x0A, 0x2E, 0x0A, 0x2E, 0x02, 0x2E, 0x02, 0x2E, 0x02, 0x2E,
    0x0A, 0x2E, 0x0A, 0x2E, 0x0A, 0x2E, 0x0A, 0x0E, 0x09, 0xED, 0x01, 0x8B, 0x11, 0x66, 0x5B, 0x48,
    0x73, 0xCA, 0x00, 0x20, 0x00, 0x20, 0x7C, 0x49, 0x9D, 0x6B, 0x9D, 0x8B, 0x9D, 0x6C, 0x9D, 0x8D,
    0x9D, 0x4E, 0x84, 0x8D, 0x21, 0x43, 0x00, 0x21, 0x00, 0x41, 0x00, 0x41, 0x00, 0x21, 0x00, 0x21,
    0x00, 0x64, 0x01, 0x09, 0x11, 0xAB, 0x09, 0xEC, 0x01, 0xCB, 0x19, 0xE7, 0x53, 0x68, 0x84, 0xEC,
    0x95, 0x4C, 0x95, 0x2B, 0x7C, 0x4A, 0x10, 0xE0, 0x00, 0x20, 0x00, 0x20, 0x00, 0x20, 0x00, 0x20,
    0x00, 0x20, 0x00, 0x20, 0x08, 0x60, 0x42, 0x46, 0x19, 0x02, 0x00, 0x20, 0x00, 0x20, 0x00, 0x20,
    0x00, 0x20, 0x00, 0x20, 0x00, 0x20, 0x00, 0x41, 0x08, 0x62, 0x08, 0x82, 0x21, 0x45, 0x18, 0xE3,
    0x00, 0x61, 0x00, 0x41, 0x00, 0x41, 0x00, 0x41, 0x00, 0x41, 0x00, 0x41, 0x00, 0x20, 0x00, 0x00,
    0x00, 0x00, 0x08, 0xA0, 0x5B, 0x07, 0x84, 0x6C, 0x63, 0x68, 0x08, 0xC0, 0x00, 0x20, 0x08, 0x81,
    0x29, 0x85, 0x10, 0x81, 0x00, 0x20, 0x00, 0x20, 0x00, 0x20, 0x00, 0x20, 0x00, 0x20, 0x00, 0x20,
    0x00, 0x40, 0x00, 0x20, 0x00, 0x21, 0x00, 0x21, 0x08, 0x42, 0x00, 0x41, 0x00, 0x21, 0x00, 0x20,
    0x00, 0x20, 0x00, 0x01, 0x10, 0xC3, 0x21, 0xA7, 0x4B, 0x4F, 0x75, 0x36, 0x75, 0x98, 0x6D, 0x98,
    0x6D, 0x98, 0x65, 0xB8, 0x6D, 0xB8, 0x65, 0xB8, 0x6D, 0xB8, 0x6D, 0xB8, 0x6D, 0xB8, 0x75, 0x98,
    0x6D, 0x16, 0x09, 0xAA, 0x09, 0x6A, 0x09, 0x2A, 0x00, 0xC8, 0x02, 0x0E, 0x0A, 0x0E, 0x12, 0x0D,
    0x11, 0xCB, 0x00, 0xA6, 0x00, 0x22, 0x00, 0x21, 0x00, 0x21, 0x00, 0x41, 0x00, 0x62, 0x00, 0x41,
    0x00, 0x21, 0x00, 0x21, 0x00, 0x63, 0x00, 0xC5, 0x11, 0x8A, 0x19, 0xEC, 0x12, 0x0C, 0x12, 0x0D,
    0x12, 0x0D, 0x12, 0x0D, 0x0A, 0x2E, 0x0A, 0x2E, 0x0A, 0x2E, 0x02, 0x2E, 0x0A, 0x2E, 0x0A, 0x2E,
    0x0A, 0x2E, 0x0A, 0x0E, 0x0A, 0x0E, 0x0A, 0x0D, 0x01, 0x8B, 0x11, 0x87, 0x29, 0xA3, 0x3A, 0x05,
    0x00, 0x40, 0x00, 0x60, 0x74, 0x29, 0xA5, 0x6C, 0x9D, 0x6B, 0x9D, 0x6C, 0x9D, 0x6C, 0x95, 0x2D,
    0x53, 0x29, 0x00, 0xA3, 0x00, 0x22, 0x00, 0x21, 0x00, 0x41, 0x00, 0x41, 0x00, 0x41, 0x00, 0x62,
    0x00, 0xA5, 0x09, 0x48, 0x11, 0x87, 0x42, 0xE7, 0x7C, 0x8B, 0x95, 0x4D, 0x9D, 0x4B, 0x9D, 0x4B,
    0x9D, 0x4C, 0x7C, 0x8A, 0x11, 0x00, 0x00, 0x20, 0x00, 0x20, 0x00, 0x21, 0x00, 0x20, 0x00, 0x20,
    0x00, 0x20, 0x00, 0x20, 0x00, 0x40, 0x00, 0x20, 0x00, 0x20, 0x00, 0x20, 0x00, 0x20, 0x00, 0x20,
    0x00, 0x20, 0x00, 0x20, 0x00, 0x20, 0x08, 0x61, 0x08, 0xA2, 0x18, 0xE3, 0x08, 0x82, 0x00, 0x41,
    0x00, 0x41, 0x08, 0x61, 0x00, 0x41, 0x00, 0x41, 0x00, 0x20, 0x00, 0x20, 0x00, 0x00, 0x00, 0x20,
    0x00, 0x20, 0x08, 0x60, 0x19, 0x02, 0x10, 0xC1, 0x00, 0x40, 0x00, 0x20, 0x00, 0x20, 0x00, 0x20,
    0x00, 0x20, 0x00, 0x20, 0x00, 0x20, 0x00, 0x20, 0x00, 0x20, 0x00, 0x20, 0x00, 0x40, 0x00, 0x40,
    0x00, 0x20, 0x00, 0x20, 0x00, 0x20, 0x00, 0x20, 0x00, 0x20, 0x00, 0x20, 0x00, 0x00, 0x00, 0x20,
    0x08, 0xC3, 0x19, 0x66, 0x19, 0x66, 0x22, 0x09, 0x33, 0x0E, 0x5C, 0x94, 0x6D, 0x16, 0x65, 0x37,
    0x6D, 0x98, 0x6D, 0xB8, 0x65, 0xB8, 0x6D, 0xB8, 0x6D, 0xB8, 0x6D, 0xB8, 0x6D, 0xB8, 0x6D, 0x57,
    0x1A, 0x4C, 0x01, 0xCC, 0x09, 0xAC, 0x11, 0x08, 0x02, 0x0E, 0x02, 0x0E, 0x0A, 0x0E, 0x12, 0x0D,
    0x09, 0x6A, 0x00, 0x65, 0x00, 0x22, 0x00, 0x21, 0x00, 0x21, 0x00, 0x21, 0x00, 0x41, 0x00, 0x41,
    0x00, 0x21, 0x00, 0x22, 0x00, 0x43, 0x00, 0x84, 0x09, 0x28, 0x11, 0xAA, 0x11, 0xEC, 0x12, 0x0C,
    0x12, 0x0D, 0x12, 0x0E, 0x12, 0x0E, 0x0A, 0x0E, 0x0A, 0x2E, 0x0A, 0x2E, 0x0A, 0x2E, 0x0A, 0x2E,
    0x0A, 0x2E, 0x0A, 0x0E, 0x0A, 0x0D, 0x09, 0xEC, 0x19, 0xC9, 0x29, 0xA5, 0x00, 0x60, 0x00, 0x40,
    0x00, 0x80, 0x74, 0x09, 0x9D, 0x6C, 0x9D, 0x6B, 0x9D, 0x4B, 0x95, 0x2D, 0x53, 0x49, 0x09, 0x88,
    0x01, 0x49, 0x00, 0x44, 0x00, 0x21, 0x00, 0x41, 0x00, 0x41, 0x00, 0x41, 0x00, 0x21, 0x00, 0x82,
    0x4A, 0xA7, 0x7C, 0x8B, 0x95, 0x2B, 0x95, 0x4B, 0x95, 0x4C, 0x9D, 0x4C, 0x9D, 0x4C, 0x9D, 0x6D,
    0x8C, 0xEB, 0x42, 0x65, 0x00, 0x20, 0x00, 0x20, 0x00, 0x20, 0x00, 0x20, 0x00, 0x20, 0x00, 0x20,
    0x00, 0x20, 0x00, 0x00, 0x00, 0x20, 0x00, 0x20, 0x00, 0x20, 0x00, 0x20, 0x00, 0x20, 0x00, 0x20,
    0x00, 0x20, 0x00, 0x20, 0x08, 0x61, 0x10, 0xC3, 0x08, 0x82, 0x08, 0x61, 0x00, 0x41, 0x00, 0x21,
    0x00, 0x21, 0x00, 0x41, 0x08, 0x62, 0x08, 0x62, 0x00, 0x41, 0x00, 0x21, 0x00, 0x20, 0x00, 0x20,
    0x00, 0x20, 0x00, 0x20, 0x00, 0x20, 0x00, 0x20, 0x00, 0x20, 0x00, 0x20, 0x00, 0x20, 0x00, 0x20,
    0x00, 0x20, 0x00, 0x20, 0x00, 0x20, 0x00, 0x20, 0x00, 0x20, 0x00, 0x20, 0x00, 0x20, 0x00, 0x20,
    0x00, 0x20, 0x00, 0x20, 0x00, 0x20, 0x00, 0x20, 0x00, 0x20, 0x00, 0x00, 0x19, 0x05, 0x6C, 0x11,
    0x74, 0xF4, 0x6C, 0xF4, 0x6D, 0x36, 0x54, 0x73, 0x22, 0x6C, 0x1A, 0x6C, 0x33, 0x4F, 0x65, 0x36,
    0x6D, 0xB8, 0x6D, 0xB8, 0x6D, 0xB8, 0x6D, 0xB9, 0x6D, 0xB8, 0x6D, 0xB8, 0x6D, 0x57, 0x1A, 0x2C,
    0x01, 0xCC, 0x01, 0xAA, 0x21, 0x66, 0x02, 0x0D, 0x02, 0x0D, 0x02, 0x0D, 0x0A, 0x0D, 0x09, 0xEC,
    0x01, 0x28, 0x00, 0x43, 0x00, 0x21, 0x00, 0x21, 0x00, 0x21, 0x00, 0x41, 0x00, 0x41, 0x00, 0x21,
    0x00, 0x21, 0x00, 0x21, 0x00, 0x22, 0x00, 0x43, 0x00, 0x84, 0x09, 0x48, 0x11, 0x8A, 0x11, 0xEC,
    0x11, 0xEC, 0x11, 0xEC, 0x12, 0x0D, 0x12, 0x0D, 0x12, 0x0E, 0x12, 0x2E, 0x12, 0x2D, 0x0A, 0x0E,
    0x0A, 0x0D, 0x0A, 0x0D, 0x0A, 0x0D, 0x19, 0xEA, 0x29, 0xE7, 0x00, 0x20, 0x00, 0x40, 0x00, 0x60,
    0x7C, 0x2B, 0x95, 0x4D, 0x95, 0x2C, 0x84, 0xAB, 0x3A, 0xA7, 0x01, 0xA9, 0x09, 0xEC, 0x11, 0xCC,
    0x09, 0x28, 0x00, 0x42, 0x00, 0x40, 0x00, 0x41, 0x00, 0x20, 0x00, 0x20, 0x08, 0x80, 0x6B, 0xC9,
    0x8C, 0xEA, 0x95, 0x4A, 0x95, 0x4B, 0x9D, 0x6B, 0x9D, 0x6B, 0x9D, 0x6C, 0x9D, 0x6C, 0x9D, 0x4C,
    0x5B, 0x48, 0x00, 0x40, 0x00, 0x20, 0x00, 0x21, 0x00, 0x20, 0x00, 0x20, 0x00, 0x20, 0x00, 0x20,
    0x00, 0x20, 0x00, 0x20, 0x00, 0x20, 0x00, 0x20, 0x00, 0x00, 0x00, 0x20, 0x00, 0x20, 0x00, 0x20,
    0x00, 0x20, 0x00, 0x41, 0x10, 0xA2, 0x00, 0x61, 0x00, 0x41, 0x00, 0x20, 0x00, 0x21, 0x00, 0x41,
    0x00, 0x41, 0x00, 0x21, 0x00, 0x41, 0x08, 0x62, 0x08, 0x82, 0x08, 0x61, 0x00, 0x40, 0x00, 0x20,
    0x00, 0x20, 0x00, 0x20, 0x00, 0x20, 0x00, 0x20, 0x00, 0x20, 0x00, 0x20, 0x08, 0x82, 0x08, 0x61,
    0x00, 0x20, 0x00, 0x20, 0x00, 0x20, 0x00, 0x20, 0x00, 0x40, 0x00, 0x20, 0x00, 0x20, 0x00, 0x20,
    0x00, 0x20, 0x00, 0x20, 0x00, 0x20, 0x00, 0x20, 0x00, 0x00, 0x11, 0x25, 0x74, 0xF4, 0x75, 0x97,
    0x6D, 0xB8, 0x6D, 0xB8, 0x6D, 0x98, 0x65, 0x16, 0x2B, 0x0E, 0x33, 0x4F, 0x54, 0x74, 0x6D, 0x98,
    0x6D, 0xB8, 0x6D, 0xB8, 0x6D, 0xB8, 0x6D, 0xB8, 0x6D, 0xB8, 0x65, 0x37, 0x12, 0x0C, 0x01, 0xAB,
    0x11, 0xA8, 0x3A, 0x25, 0x01, 0xCC, 0x01, 0xCC, 0x01, 0xEC, 0x01, 0xEC, 0x01, 0xEC, 0x01, 0x8A,
    0x00, 0xC6, 0x00, 0x22, 0x00, 0x01, 0x00, 0x20, 0x00, 0x21, 0x00, 0x21, 0x00, 0x21, 0x00, 0x21,
    0x00, 0x21, 0x00, 0x21, 0x00, 0x42, 0x00, 0x43, 0x00, 0x43, 0x00, 0x64, 0x09, 0x07, 0x09, 0x69,
    0x09, 0x49, 0x11, 0xCB, 0x19, 0xEC, 0x1A, 0x0D, 0x12, 0x0D, 0x12, 0x0D, 0x09, 0xED, 0x09, 0xEC,
    0x0A, 0x0C, 0x12, 0x0C, 0x11, 0x89, 0x21, 0x87, 0x00, 0x41, 0x00, 0x20, 0x00, 0x20, 0x3A, 0x26,
    0x4A, 0xC7, 0x42, 0xA7, 0x19, 0xC5, 0x01, 0x87, 0x01, 0xA9, 0x01, 0xAA, 0x09, 0x89, 0x09, 0x68,
    0x00, 0xA2, 0x19, 0x22, 0x00, 0x40, 0x00, 0x20, 0x00, 0x00, 0x00, 0x20, 0x42, 0x85, 0x7C, 0x69,
    0x95, 0x2B, 0x9D, 0x4B, 0x9D, 0x4B, 0x9D, 0x6C, 0x9D, 0x6C, 0x9D, 0x6C, 0x9D, 0x4C, 0x84, 0x8D,
    0x19, 0x02, 0x00, 0x20, 0x00, 0x21, 0x00, 0x21, 0x00, 0x20, 0x00, 0x20, 0x00, 0x41, 0x08, 0x62,
    0x00, 0x20, 0x00, 0x20, 0x00, 0x20, 0x00, 0x20, 0x00, 0x20, 0x00, 0x20, 0x00, 0x20, 0x00, 0x20,
    0x00, 0x20, 0x00, 0x20, 0x00, 0x20, 0x00, 0x20, 0x00, 0x20, 0x00, 0x20, 0x00, 0x41, 0x00, 0x41,
    0x00, 0x20, 0x00, 0x20, 0x00, 0x41, 0x08, 0xA2, 0x00, 0x61, 0x00, 0x40, 0x00, 0x40, 0x00, 0x60,
    0x00, 0x41, 0x00, 0x20, 0x00, 0x20, 0x00, 0x20, 0x00, 0x21, 0x08, 0x82, 0x08, 0xA2, 0x00, 0x20,
    0x00, 0x20, 0x00, 0x20, 0x00, 0x20, 0x00, 0x20, 0x00, 0x20, 0x00, 0x20, 0x00, 0x20, 0x00, 0x20,
    0x00, 0x20, 0x00, 0x20, 0x00, 0x20, 0x00, 0x00, 0x10, 0xE4, 0x74, 0xD4, 0x75, 0xB7, 0x6D, 0xB8,
    0x6D, 0xB8, 0x6D, 0xB8, 0x6D, 0xB8, 0x5C, 0xF6, 0x2B, 0x2F, 0x4C, 0x53, 0x75, 0x98, 0x6D, 0xB8,
    0x6D, 0xB8, 0x65, 0xB8, 0x6D, 0xB8, 0x6D, 0xB8, 0x65, 0x37, 0x12, 0x0B, 0x09, 0xAB, 0x32, 0x28,
    0x63, 0x68, 0x33, 0x50, 0x33, 0x30, 0x33, 0x30, 0x2A, 0xEF, 0x1A, 0x6D, 0x1A, 0x2C, 0x19, 0xA9,
    0x00, 0xC5, 0x00, 0x02, 0x00, 0x21, 0x00, 0x21, 0x00, 0x21, 0x00, 0x21, 0x00, 0x21, 0x00, 0x21,
    0x00, 0x21, 0x00, 0x42, 0x00, 0x42, 0x00, 0x62, 0x00, 0x62, 0x00, 0x83, 0x00, 0xA4, 0x00, 0x84,
    0x00, 0xC5, 0x11, 0x68, 0x19, 0xCA, 0x19, 0xEB, 0x1A, 0x0C, 0x11, 0xCB, 0x1A, 0x0C, 0x1A, 0x2C,
    0x1A, 0x2B, 0x19, 0x89, 0x00, 0x84, 0x00, 0x21, 0x00, 0x00, 0x00, 0x20, 0x31, 0xC4, 0x5B, 0x28,
    0x32, 0x24, 0x29, 0xE3, 0x21, 0xC4, 0x29, 0xE4, 0x3A, 0x45, 0x4A, 0xE7, 0x6B, 0xC9, 0x7C, 0x8B,
    0x84, 0x8B, 0x32, 0x05, 0x08, 0xA1, 0x10, 0xC1, 0x00, 0x40, 0x19, 0x22, 0x63, 0x67, 0x8C, 0xCA,
    0x95, 0x4B, 0x9D, 0x6B, 0x9D, 0x6C, 0x9D, 0x6D, 0x9D, 0x6D, 0x8C, 0xED, 0x5B, 0x49, 0x08, 0xE2,
    0x00, 0x41, 0x00, 0x20, 0x00, 0x20, 0x00, 0x20, 0x00, 0x20, 0x00, 0x21, 0x00, 0x41, 0x00, 0x20,
    0x00, 0x20, 0x00, 0x20, 0x00, 0x20, 0x00, 0x20, 0x00, 0x20, 0x00, 0x20, 0x00, 0x20, 0x00, 0x20,
    0x00, 0x20, 0x00, 0x20, 0x00, 0x20, 0x00, 0x21, 0x00, 0x21, 0x00, 0x41, 0x00, 0x41, 0x00, 0x20,
    0x00, 0x20, 0x00, 0x20, 0x00, 0x40, 0x00, 0x60, 0x29, 0x84, 0x29, 0x64, 0x00, 0x40, 0x00, 0x41,
    0x00, 0x21, 0x00, 0x20, 0x00, 0x20, 0x00, 0x20, 0x00, 0x20, 0x00, 0x20, 0x00, 0x20, 0x00, 0x20,
    0x00, 0x20, 0x00, 0x20, 0x00, 0x20, 0x00, 0x20, 0x00, 0x20, 0x00, 0x20, 0x00, 0x41, 0x00, 0x20,
    0x00, 0x20, 0x00, 0x20, 0x00, 0x00, 0x00, 0x42, 0x5C, 0x11, 0x75, 0x97, 0x6D, 0xB8, 0x65, 0xB8,
    0x6D, 0xB8, 0x6D, 0xD9, 0x6D, 0x98, 0x4C, 0x33, 0x3B, 0x90, 0x6D, 0x98, 0x6D, 0xB9, 0x6D, 0xB9,
    0x6D, 0xB9, 0x6D, 0xB8, 0x75, 0xB8, 0x5C, 0xB5, 0x01, 0x09, 0x09, 0x4A, 0x42, 0x89, 0x63, 0x27,
    0x6D, 0x99, 0x6D, 0x99, 0x6D, 0x79, 0x6D, 0x78, 0x65, 0x37, 0x6D, 0x57, 0x75, 0x57, 0x6C, 0xB5,
    0x3A, 0xED, 0x00, 0xA4, 0x00, 0x22, 0x00, 0x21, 0x00, 0x21, 0x00, 0x21, 0x00, 0x21, 0x00, 0x21,
    0x00, 0x41, 0x00, 0x62, 0x08, 0x82, 0x08, 0xA3, 0x08, 0xA3, 0x00, 0x62, 0x00, 0x41, 0x00, 0x41,
    0x00, 0x83, 0x11, 0x46, 0x5B, 0x6F, 0x63, 0xD1, 0x6C, 0x73, 0x75, 0x16, 0x75, 0x36, 0x75, 0x36,
    0x6C, 0x32, 0x21, 0x47, 0x00, 0x21, 0x00, 0x00, 0x00, 0x20, 0x52, 0xE7, 0x95, 0x2D, 0x9D, 0x4C,
    0x95, 0x0B, 0x95, 0x0C, 0x95, 0x0C, 0x95, 0x2C, 0x9D, 0x4C, 0x9D, 0x4C, 0x9D, 0x6C, 0x95, 0x2C,
    0x74, 0x29, 0x21, 0x62, 0x4A, 0xA7, 0x00, 0x60, 0x00, 0x20, 0x19, 0x01, 0x73, 0xE9, 0x9D, 0x2C,
    0x9D, 0x4C, 0x9D, 0x4C, 0x8C, 0xED, 0x5B, 0x89, 0x22, 0x27, 0x11, 0xA9, 0x11, 0x47, 0x00, 0x42,
    0x00, 0x21, 0x00, 0x20, 0x00, 0x20, 0x00, 0x20, 0x00, 0x20, 0x00, 0x21, 0x00, 0x20, 0x00, 0x20,
    0x00, 0x20, 0x00, 0x20, 0x00, 0x20, 0x00, 0x20, 0x00, 0x20, 0x00, 0x20, 0x00, 0x20, 0x00, 0x20,
    0x00, 0x20, 0x00, 0x41, 0x08, 0x61, 0x00, 0x21, 0x00, 0x20, 0x00, 0x20, 0x00, 0x20, 0x00, 0x20,
    0x00, 0x20, 0x00, 0x20, 0x08, 0x80, 0x6B, 0x8B, 0x52, 0xC8, 0x00, 0x40, 0x00, 0x20, 0x00, 0x21,
    0x00, 0x01, 0x00, 0x00, 0x00, 0x20, 0x00, 0x20, 0x00, 0x21, 0x00, 0x41, 0x00, 0x21, 0x00, 0x20,
    0x00, 0x20, 0x00, 0x20, 0x00, 0x20, 0x00, 0x20, 0x00, 0x20, 0x00, 0x20, 0x00, 0x20, 0x00, 0x20,
    0x00, 0x20, 0x00, 0x20, 0x00, 0x21, 0x3A, 0xAB, 0x75, 0x76, 0x6D, 0xB8, 0x6D, 0xB8, 0x6D, 0xD8,
    0x65, 0xD8, 0x6D, 0x98, 0x65, 0x37, 0x3B, 0x70, 0x6D, 0x57, 0x6D, 0xB8, 0x6D, 0xB9, 0x6D, 0xB9,
    0x6D, 0xB9, 0x75, 0x98, 0x54, 0x12, 0x00, 0xC7, 0x19, 0x8C, 0x19, 0x89, 0x31, 0xA5, 0x6D, 0xB8,
    0x6D, 0xB8, 0x6D, 0xB8, 0x6D, 0xB8, 0x6D, 0x98, 0x6D, 0x98, 0x75, 0xB8, 0x7D, 0xB8, 0x75, 0x57,
    0x4B, 0x90, 0x08, 0xE5, 0x00, 0x22, 0x00, 0x21, 0x00, 0x21, 0x00, 0x21, 0x00, 0x21, 0x00, 0x41,
    0x00, 0x41, 0x00, 0x62, 0x08, 0x82, 0x00, 0x62, 0x00, 0x41, 0x00, 0x41, 0x00, 0x41, 0x00, 0x21,
    0x00, 0x42, 0x00, 0x82, 0x11, 0x05, 0x29, 0xE9, 0x53, 0xB0, 0x7D, 0x15, 0x7D, 0x35, 0x6C, 0x32,
    0x21, 0x46, 0x00, 0x41, 0x00, 0x00, 0x00, 0x00, 0x42, 0x65, 0x9D, 0x2C, 0x9D, 0x6C, 0x9D, 0x6C,
    0x9D, 0x6C, 0x9D, 0x6C, 0x9D, 0x6C, 0x9D, 0x8B, 0x9D, 0x6B, 0x9D, 0x6B, 0x95, 0x4B, 0x95, 0x2B,
    0x53, 0x06, 0x32, 0x05, 0x00, 0x20, 0x00, 0x20, 0x00, 0x20, 0x3A, 0x24, 0x84, 0xAC, 0x7C, 0x4A,
    0x53, 0x69, 0x22, 0x49, 0x0A, 0x0A, 0x09, 0xEC, 0x19, 0xEC, 0x19, 0xAA, 0x00, 0x43, 0x00, 0x21,
    0x00, 0x21, 0x00, 0x21, 0x00, 0x20, 0x00, 0x20, 0x00, 0x20, 0x00, 0x20, 0x00, 0x20, 0x00, 0x20,
    0x00, 0x20, 0x00, 0x20, 0x00, 0x20, 0x00, 0x21, 0x00, 0x41, 0x00, 0x41, 0x00, 0x41, 0x00, 0x21,
    0x00, 0x41, 0x00, 0x41, 0x00, 0x21, 0x00, 0x20, 0x00, 0x41, 0x00, 0x20, 0x00, 0x20, 0x00, 0x20,
    0x00, 0x20, 0x19, 0x02, 0x73, 0xCC, 0x31, 0xE5, 0x10, 0xE4, 0x08, 0xE4, 0x29, 0xC8, 0x42, 0x6A,
    0x08, 0xA3, 0x00, 0x20, 0x00, 0x21, 0x00, 0x21, 0x00, 0x21, 0x00, 0x20, 0x00, 0x20, 0x00, 0x20,
    0x00, 0x20, 0x00, 0x20, 0x00, 0x20, 0x00, 0x20, 0x00, 0x20, 0x00, 0x20, 0x00, 0x20, 0x00, 0x20,
    0x00, 0x20, 0x00, 0x00, 0x11, 0x05, 0x75, 0x15, 0x6D, 0xB7, 0x6D, 0xB8, 0x6D, 0xB8, 0x65, 0xD8,
    0x6D, 0xB8, 0x6D, 0x78, 0x43, 0x91, 0x6D, 0x37, 0x6D, 0xB8, 0x6D, 0xB9, 0x6D, 0xB9, 0x6D, 0xB8,
    0x75, 0x98, 0x4B, 0xB1, 0x00, 0xE8, 0x21, 0xCD, 0x19, 0xAC, 0x21, 0x49, 0x65, 0xB8, 0x65, 0xB9,
    0x65, 0xB8, 0x65, 0xB8, 0x65, 0xB9, 0x6D, 0xB9, 0x6D, 0xB8, 0x75, 0xB8, 0x75, 0xB8, 0x75, 0x77,
    0x5C, 0x12, 0x08, 0xC4, 0x00, 0x21, 0x00, 0x01, 0x00, 0x21, 0x00, 0x21, 0x00, 0x21, 0x00, 0x41,
    0x00, 0x41, 0x00, 0x41, 0x00, 0x62, 0x00, 0x42, 0x00, 0x41, 0x00, 0x21, 0x00, 0x21, 0x00, 0x21,
    0x00, 0x41, 0x00, 0x42, 0x00, 0x62, 0x00, 0x63, 0x32, 0x4A, 0x42, 0xAB, 0x42, 0xAC, 0x29, 0x67,
    0x00, 0x41, 0x00, 0x20, 0x00, 0x00, 0x3A, 0x04, 0x95, 0x0C, 0x9D, 0x6C, 0x9D, 0x6C, 0x9D, 0x6C,
    0x9D, 0x6B, 0x9D, 0x8C, 0x9D, 0x8B, 0x9D, 0x6B, 0x9D, 0x6C, 0x95, 0x4B, 0x95, 0x2A, 0x8C, 0xCB,
    0x3A, 0x04, 0x00, 0x40, 0x00, 0x20, 0x00, 0x00, 0x00, 0x40, 0x3A, 0x66, 0x32, 0x47, 0x09, 0xE9,
    0x09, 0xEC, 0x12, 0x0D, 0x12, 0x0D, 0x19, 0xED, 0x11, 0x69, 0x00, 0x84, 0x00, 0x22, 0x00, 0x21,
    0x00, 0x21, 0x00, 0x21, 0x00, 0x20, 0x00, 0x20, 0x00, 0x20, 0x00, 0x20, 0x00, 0x20, 0x00, 0x20,
    0x00, 0x20, 0x00, 0x20, 0x00, 0x21, 0x00, 0x41, 0x00, 0x41, 0x00, 0x41, 0x00, 0x41, 0x00, 0x41,
    0x00, 0x40, 0x00, 0x20, 0x00, 0x20, 0x00, 0x41, 0x00, 0x20, 0x00, 0x20, 0x00, 0x20, 0x00, 0x20,
    0x00, 0x40, 0x21, 0x84, 0x6B, 0xEF, 0x7C, 0xD4, 0x74, 0x93, 0x5B, 0xB0, 0x42, 0xAC, 0x10, 0xC4,
    0x00, 0x01, 0x00, 0x21, 0x00, 0x21, 0x00, 0x20, 0x00, 0x20, 0x00, 0x20, 0x00, 0x20, 0x00, 0x20,
    0x00, 0x20, 0x00, 0x20, 0x00, 0x20, 0x00, 0x20, 0x00, 0x20, 0x00, 0x20, 0x00, 0x20, 0x00, 0x20,
    0x00, 0x00, 0x00, 0x42, 0x5C, 0x31, 0x75, 0x97, 0x6D, 0xB8, 0x6D, 0xB8, 0x65, 0xD8, 0x6D, 0xB8,
    0x6D, 0x78, 0x43, 0x91, 0x6D, 0x37, 0x6D, 0xB8, 0x6D, 0xB9, 0x6D, 0xB8, 0x6D, 0xB8, 0x6D, 0x98,
    0x43, 0x50, 0x09, 0x09, 0x19, 0xED, 0x19, 0xED, 0x29, 0xAD, 0x65, 0xB9, 0x65, 0xB9, 0x65, 0xB9,
    0x65, 0xB9, 0x65, 0xB9, 0x65, 0xB9, 0x6D, 0xB8, 0x6D, 0xB8, 0x75, 0xB8, 0x75, 0xB8, 0x75, 0x97,
    0x5C, 0x32, 0x19, 0x67, 0x00, 0x01, 0x00, 0x21, 0x00, 0x21, 0x00, 0x41, 0x08, 0x62, 0x00, 0x41,
    0x00, 0x21, 0x00, 0x41, 0x00, 0x61, 0x00, 0x41, 0x00, 0x21, 0x00, 0x20, 0x00, 0x20, 0x00, 0x21,
    0x00, 0x21, 0x00, 0x21, 0x00, 0x21, 0x00, 0x21, 0x00, 0x41, 0x00, 0x82, 0x00, 0x21, 0x00, 0x21,
    0x00, 0x20, 0x00, 0x00, 0x00, 0x60, 0x4B, 0x07, 0x84, 0xAB, 0x84, 0xEB, 0x95, 0x2B, 0x9D, 0x6C,
    0x9D, 0x6C, 0x9D, 0x6C, 0x9D, 0x6B, 0x9D, 0x6C, 0x9D, 0x4B, 0x95, 0x4A, 0x95, 0x2B, 0x74, 0x09,
    0x29, 0xA3, 0x00, 0x20, 0x00, 0x20, 0x00, 0x40, 0x32, 0x05, 0x4A, 0xE8, 0x19, 0xA7, 0x11, 0xCA,
    0x11, 0xEC, 0x11, 0xEC, 0x19, 0xAA, 0x00, 0xA5, 0x08, 0xA3, 0x00, 0x62, 0x00, 0x41, 0x00, 0x21,
    0x00, 0x20, 0x08, 0x41, 0x00, 0x41, 0x00, 0x20, 0x00, 0x20, 0x00, 0x20, 0x00, 0x20, 0x00, 0x20,
    0x00, 0x20, 0x00, 0x20, 0x00, 0x20, 0x00, 0x20, 0x00, 0x20, 0x00, 0x20, 0x00, 0x20, 0x00, 0x20,
    0x00, 0x20, 0x00, 0x20, 0x00, 0x20, 0x00, 0x20, 0x00, 0x20, 0x00, 0x20, 0x00, 0x20, 0x00, 0x20,
    0x00, 0x61, 0x53, 0x2D, 0x7C, 0xF5, 0x7C, 0xF5, 0x53, 0xD1, 0x3A, 0xCD, 0x11, 0x05, 0x00, 0x01,
    0x00, 0x42, 0x00, 0x21, 0x00, 0x00, 0x00, 0x00, 0x00, 0x20, 0x00, 0x20, 0x00, 0x20, 0x00, 0x20,
    0x00, 0x20, 0x00, 0x20, 0x00, 0x20, 0x00, 0x20, 0x00, 0x20, 0x00, 0x20, 0x00, 0x20, 0x00, 0x00,
    0x00, 0x01, 0x4B, 0x6E, 0x75, 0x97, 0x6D, 0xB8, 0x6D, 0xB8, 0x6D, 0xD8, 0x6D, 0xB8, 0x6D, 0x77,
    0x3B, 0x70, 0x6D, 0x57, 0x6D, 0xB8, 0x6D, 0xB8, 0x6D, 0xB8, 0x6D, 0x98, 0x6D, 0x78, 0x32, 0xCE,
    0x09, 0x4A, 0x19, 0xED, 0x1A, 0x0D, 0x29, 0xED, 0x65, 0xB9, 0x65, 0xB9, 0x65, 0xB9, 0x65, 0xB9,
    0x65, 0xB8, 0x65, 0xB8, 0x65, 0xB8, 0x6D, 0xB8, 0x6D, 0xB8, 0x75, 0xB8, 0x75, 0xB8, 0x75, 0x97,
    0x64, 0x93, 0x19, 0x87, 0x00, 0x41, 0x00, 0x21, 0x00, 0x41, 0x00, 0x41, 0x00, 0x21, 0x00, 0x21,
    0x00, 0x21, 0x00, 0x21, 0x00, 0x21, 0x00, 0x21, 0x00, 0x21, 0x00, 0x21, 0x00, 0x21, 0x00, 0x21,
    0x00, 0x21, 0x00, 0x41, 0x00, 0x21, 0x00, 0x21, 0x00, 0x20, 0x00, 0x20, 0x00, 0x20, 0x00, 0x00,
    0x00, 0x00, 0x00, 0x41, 0x11, 0x03, 0x21, 0xC6, 0x3A, 0x87, 0x63, 0xC9, 0x84, 0xCC, 0x84, 0xCB,
    0x84, 0xEB, 0x84, 0xEB, 0x8C, 0xEB, 0x84, 0xC9, 0x95, 0x4B, 0x9D, 0x4B, 0x95, 0x0C, 0x6B, 0xC9,
    0x19, 0x22, 0x00, 0x20, 0x00, 0x20, 0x18, 0xE2, 0x63, 0x4A, 0x29, 0xA5, 0x00, 0xC4, 0x00, 0xE6,
    0x00, 0xC5, 0x00, 0xA5, 0x00, 0x42, 0x00, 0x62, 0x00, 0x62, 0x00, 0x41, 0x00, 0x21, 0x00, 0x20,
    0x00, 0x20, 0x00, 0x41, 0x00, 0x41, 0x00, 0x20, 0x00, 0x20, 0x00, 0x20, 0x00, 0x20, 0x00, 0x20,
    0x00, 0x20, 0x00, 0x20, 0x00, 0x20, 0x00, 0x20, 0x00, 0x20, 0x00, 0x20, 0x00, 0x20, 0x00, 0x20,
    0x00, 0x20, 0x00, 0x20, 0x00, 0x20, 0x00, 0x20, 0x00, 0x20, 0x00, 0x20, 0x00, 0x20, 0x00, 0x20,
    0x00, 0xA3, 0x32, 0x6A, 0x74, 0xD4, 0x6D, 0x15, 0x6C, 0xF5, 0x64, 0xB3, 0x53, 0xF0, 0x3A, 0xCC,
    0x00, 0xA3, 0x00, 0x21, 0x00, 0x01, 0x00, 0x00, 0x00, 0x00, 0x00, 0x20, 0x00, 0x20, 0x00, 0x20,
    0x00, 0x20, 0x00, 0x20, 0x00, 0x20, 0x00, 0x20, 0x00, 0x20, 0x00, 0x20, 0x00, 0x00, 0x00, 0x42,
    0x5B, 0xF0, 0x75, 0x97, 0x6D, 0xB8, 0x6D, 0xD9, 0x6D, 0xB8, 0x6D, 0xB8, 0x65, 0x36, 0x33, 0x2F,
    0x6D, 0x78, 0x6D, 0xB8, 0x6D, 0xB8, 0x6D, 0xB8, 0x6D, 0x99, 0x6D, 0x57, 0x19, 0xEA, 0x11, 0x4A,
    0x11, 0xCD, 0x11, 0xEE, 0x21, 0xED, 0x6D, 0xB8, 0x65, 0xB9, 0x65, 0xB9, 0x65, 0xB9, 0x65, 0xB8,
    0x65, 0xB9, 0x65, 0xB8, 0x65, 0xB8, 0x6D, 0xB8, 0x6D, 0xB8, 0x6D, 0xB8, 0x75, 0xB8, 0x7D, 0x97,
    0x74, 0xB3, 0x32, 0x29, 0x00, 0x21, 0x00, 0x41, 0x00, 0x41, 0x00, 0x21, 0x00, 0x21, 0x00, 0x21,
    0x00, 0x21, 0x00, 0x21, 0x00, 0x21, 0x00, 0x21, 0x00, 0x21, 0x00, 0x21, 0x00, 0x21, 0x00, 0x21,
    0x00, 0x42, 0x00, 0x42, 0x00, 0x21, 0x00, 0x21, 0x00, 0x21, 0x00, 0x21, 0x00, 0x21, 0x08, 0x82,
    0x08, 0xE4, 0x5B, 0x8F, 0x6C, 0x73, 0x53, 0xD1, 0x1A, 0x29, 0x09, 0xA7, 0x11, 0xA8, 0x11, 0xC8,
    0x11, 0xE7, 0x32, 0x45, 0x7C, 0x69, 0x9D, 0x4B, 0x9D, 0x6C, 0x95, 0x2B, 0x84, 0x6B, 0x39, 0xE5,
    0x00, 0x20, 0x00, 0x20, 0x00, 0x40, 0x08, 0xA0, 0x00, 0x40, 0x00, 0x21, 0x00, 0x42, 0x00, 0x41,
    0x00, 0x21, 0x00, 0x21, 0x00, 0x21, 0x00, 0x41, 0x00, 0x21, 0x00, 0x20, 0x00, 0x20, 0x00, 0x20,
    0x00, 0x20, 0x00, 0x20, 0x00, 0x20, 0x00, 0x20, 0x00, 0x20, 0x00, 0x20, 0x00, 0x20, 0x00, 0x20,
    0x00, 0x20, 0x00, 0x20, 0x00, 0x20, 0x00, 0x20, 0x00, 0x20, 0x00, 0x20, 0x00, 0x20, 0x00, 0x41,
    0x08, 0x61, 0x00, 0x41, 0x00, 0x20, 0x00, 0x20, 0x00, 0x20, 0x00, 0x20, 0x00, 0x20, 0x00, 0x21,
    0x21, 0x86, 0x74, 0xD4, 0x7D, 0x77, 0x75, 0x97, 0x75, 0x97, 0x75, 0x97, 0x75, 0x56, 0x64, 0x73,
    0x3A, 0xCC, 0x19, 0x66, 0x00, 0x21, 0x00, 0x01, 0x00, 0x21, 0x00, 0x20, 0x00, 0x20, 0x00, 0x20,
    0x00, 0x20, 0x00, 0x20, 0x00, 0x20, 0x00, 0x41, 0x00, 0x20, 0x00, 0x21, 0x00, 0x21, 0x53, 0x8F,
    0x75, 0x77, 0x6D, 0xB8, 0x6D, 0xB8, 0x6D, 0xD9, 0x6D, 0xB8, 0x5C, 0xD5, 0x43, 0xB1, 0x75, 0x98,
    0x6D, 0xB8, 0x6D, 0xB8, 0x6D, 0xB8, 0x6D, 0xB8, 0x64, 0xB5, 0x00, 0xE7, 0x09, 0x4A, 0x11, 0xCD,
    0x11, 0xEE, 0x21, 0xCD, 0x6D, 0xB8, 0x65, 0xB8, 0x65, 0xB8, 0x65, 0xB8, 0x6D, 0xB8, 0x65, 0xB9,
    0x65, 0xB9, 0x65, 0xB8, 0x6D, 0xB8, 0x6D, 0xB8, 0x6D, 0xB8, 0x75, 0xB8, 0x7D, 0x97, 0x64, 0x52,
    0x21, 0x86, 0x00, 0x21, 0x00, 0x21, 0x00, 0x21, 0x00, 0x21, 0x00, 0x21, 0x00, 0x42, 0x00, 0x22,
    0x00, 0x22, 0x00, 0x21, 0x00, 0x21, 0x00, 0x21, 0x00, 0x21, 0x00, 0x41, 0x00, 0x21, 0x00, 0x21,
    0x00, 0x21, 0x00, 0x42, 0x19, 0x05, 0x21, 0x66, 0x00, 0x62, 0x00, 0x62, 0x32, 0x08, 0x32, 0x2A,
    0x3A, 0x8C, 0x22, 0x0B, 0x09, 0xEB, 0x0A, 0x0C, 0x0A, 0x0C, 0x09, 0xEC, 0x01, 0xEC, 0x01, 0xA9,
    0x53, 0x49, 0x95, 0x4D, 0x9D, 0x6B, 0x9D, 0x6B, 0x94, 0xEB, 0x6B, 0xA9, 0x19, 0x01, 0x00, 0x20,
    0x00, 0x20, 0x00, 0x41, 0x00, 0x60, 0x00, 0x20, 0x00, 0x20, 0x00, 0x21, 0x00, 0x21, 0x00, 0x21,
    0x00, 0x20, 0x00, 0x21, 0x00, 0x20, 0x00, 0x20, 0x00, 0x20, 0x00, 0x20, 0x00, 0x20, 0x00, 0x20,
    0x00, 0x20, 0x00, 0x20, 0x00, 0x20, 0x00, 0x20, 0x00, 0x20, 0x00, 0x20, 0x00, 0x20, 0x00, 0x20,
    0x00, 0x20, 0x00, 0x20, 0x00, 0x20, 0x00, 0x20, 0x00, 0x20, 0x00, 0x20, 0x00, 0x20, 0x00, 0x41,
    0x00, 0x41, 0x00, 0x41, 0x00, 0x21, 0x00, 0x20, 0x00, 0x20, 0x00, 0x20, 0x00, 0x20, 0x00, 0x41,
    0x42, 0xCC, 0x7D, 0x15, 0x75, 0x97, 0x6D, 0xB8, 0x6D, 0xB8, 0x6D, 0xB8, 0x75, 0xB8, 0x75, 0x97,
    0x6C, 0xF4, 0x3A, 0xEC, 0x00, 0x63, 0x00, 0x01, 0x00, 0x20, 0x00, 0x20, 0x00, 0x20, 0x00, 0x20,
    0x00, 0x20, 0x00, 0x20, 0x00, 0x21, 0x00, 0x21, 0x00, 0x21, 0x00, 0x21, 0x2A, 0x09, 0x75, 0x35,
    0x75, 0xB7, 0x6D, 0xB8, 0x6D, 0xB8, 0x75, 0x98, 0x4C, 0x12, 0x54, 0x74, 0x75, 0xB8, 0x65, 0xB8,
    0x6D, 0xB8, 0x6D, 0x98, 0x75, 0x97, 0x53, 0xB1, 0x00, 0xC7, 0x11, 0x6B, 0x11, 0xCD, 0x19, 0xCE,
    0x21, 0xCD, 0x64, 0xD6, 0x6D, 0x98, 0x65, 0xB8, 0x65, 0xB8, 0x65, 0xB8, 0x65, 0xB8, 0x65, 0xB8,
    0x65, 0xB8, 0x6D, 0xB9, 0x6D, 0xB8, 0x75, 0xB8, 0x75, 0x56, 0x5B, 0xF0, 0x08, 0xE4, 0x00, 0x21,
    0x00, 0x21, 0x00, 0x21, 0x00, 0x21, 0x00, 0x21, 0x00, 0x62, 0x42, 0xEC, 0x43, 0x2D, 0x11, 0x46,
    0x08, 0xC4, 0x00, 0x83, 0x00, 0x42, 0x00, 0x82, 0x00, 0x62, 0x00, 0x21, 0x00, 0x01, 0x00, 0x22,
    0x21, 0x27, 0x52, 0xEE, 0x4A, 0xCE, 0x00, 0x84, 0x00, 0x62, 0x00, 0x83, 0x00, 0xA5, 0x09, 0x69,
    0x11, 0xCC, 0x09, 0xED, 0x0A, 0x0D, 0x0A, 0x0E, 0x0A, 0x0D, 0x09, 0xEC, 0x11, 0xA7, 0x84, 0xCB,
    0x9D, 0x6C, 0x9D, 0x6B, 0x9D, 0x6B, 0x8C, 0xCB, 0x29, 0x82, 0x00, 0x40, 0x00, 0x00, 0x00, 0x20,
    0x00, 0x00, 0x00, 0x20, 0x00, 0x20, 0x00, 0x20, 0x00, 0x21, 0x00, 0x21, 0x00, 0x20, 0x00, 0x20,
    0x00, 0x20, 0x00, 0x20, 0x00, 0x20, 0x00, 0x20, 0x00, 0x20, 0x00, 0x20, 0x00, 0x20, 0x00, 0x20,
    0x00, 0x20, 0x00, 0x20, 0x00, 0x20, 0x00, 0x20, 0x00, 0x20, 0x00, 0x20, 0x00, 0x20, 0x00, 0x20,
    0x00, 0x20, 0x00, 0x20, 0x00, 0x20, 0x00, 0x20, 0x00, 0x20, 0x00, 0x20, 0x00, 0x20, 0x00, 0x20,
    0x00, 0x40, 0x00, 0x41, 0x00, 0x21, 0x00, 0x20, 0x00, 0x20, 0x00, 0x20, 0x00, 0x21, 0x00, 0x62,
    0x3A, 0xCC, 0x75, 0x15, 0x75, 0x97, 0x6D, 0xB8, 0x6D, 0xB8, 0x6D, 0xD8, 0x6D, 0xB8, 0x75, 0xB8,
    0x75, 0x56, 0x4B, 0x6F, 0x08, 0xE4, 0x00, 0x21, 0x00, 0x00, 0x00, 0x00, 0x00, 0x20, 0x00, 0x20,
    0x00, 0x20, 0x00, 0x20, 0x00, 0x20, 0x00, 0x21, 0x00, 0x21, 0x00, 0x62, 0x5B, 0xB0, 0x75, 0x76,
    0x75, 0xB8, 0x75, 0xB8, 0x6D, 0x57, 0x2B, 0x0E, 0x65, 0x16, 0x6D, 0x98, 0x65, 0xB8, 0x65, 0xB8,
    0x6D, 0x98, 0x6D, 0x36, 0x2A, 0x2A, 0x19, 0x46, 0x19, 0xA7, 0x11, 0xCA, 0x19, 0xCC, 0x21, 0xCD,
    0x2B, 0x10, 0x54, 0xF6, 0x65, 0x98, 0x65, 0xB8, 0x65, 0xB9, 0x65, 0xB9, 0x65, 0xB8, 0x65, 0xB8,
    0x6D, 0xB8, 0x75, 0x98, 0x6C, 0xF5, 0x32, 0x6B, 0x00, 0x62, 0x00, 0x21, 0x00, 0x21, 0x00, 0x21,
    0x00, 0x21, 0x00, 0x21, 0x00, 0x21, 0x2A, 0x09, 0x7D, 0x35, 0x7D, 0x77, 0x6C, 0xF5, 0x64, 0x94,
    0x64, 0x53, 0x53, 0xB0, 0x4B, 0x4F, 0x4B, 0x2F, 0x19, 0x47, 0x00, 0x43, 0x00, 0x64, 0x19, 0x48,
    0x21, 0xAB, 0x19, 0x8A, 0x00, 0xC6, 0x00, 0x43, 0x00, 0x43, 0x00, 0x64, 0x11, 0x89, 0x11, 0xEC,
    0x0A, 0x0D, 0x0A, 0x0D, 0x0A, 0x0D, 0x02, 0x0D, 0x01, 0xCB, 0x32, 0x67, 0x95, 0x4C, 0x9D, 0x6C,
    0x95, 0x2B, 0x84, 0x69, 0x63, 0x88, 0x08, 0xA0, 0x00, 0x20, 0x00, 0x00, 0x00, 0x20, 0x00, 0x20,
    0x00, 0x20, 0x00, 0x20, 0x00, 0x20, 0x00, 0x20, 0x00, 0x20, 0x00, 0x20, 0x00, 0x20, 0x00, 0x20,
    0x00, 0x20, 0x00, 0x20, 0x00, 0x20, 0x00, 0x20, 0x00, 0x20, 0x00, 0x20, 0x00, 0x20, 0x00, 0x40,
    0x00, 0x41, 0x00, 0x21, 0x00, 0x41, 0x08, 0x82, 0x00, 0x40, 0x00, 0x20, 0x00, 0x20, 0x00, 0x20,
    0x00, 0x20, 0x00, 0x20, 0x00, 0x20, 0x00, 0x20, 0x00, 0x20, 0x00, 0x20, 0x00, 0x20, 0x00, 0x20,
    0x00, 0x21, 0x00, 0x41, 0x00, 0x21, 0x00, 0x20, 0x00, 0x20, 0x00, 0x20, 0x00, 0x21, 0x00, 0x21,
    0x42, 0xCC, 0x75, 0x35, 0x75, 0xB7, 0x75, 0xB8, 0x6D, 0xD8, 0x6D, 0xD8, 0x6D, 0xB8, 0x75, 0xB8,
    0x75, 0x77, 0x5C, 0x11, 0x19, 0xA7, 0x00, 0xA3, 0x00, 0x62, 0x00, 0x21, 0x00, 0x21, 0x00, 0x21,
    0x00, 0x20, 0x00, 0x21, 0x00, 0x21, 0x00, 0x21, 0x00, 0x21, 0x08, 0xE4, 0x64, 0x52, 0x7D, 0x97,
    0x75, 0x98, 0x5C, 0x73, 0x43, 0xD1, 0x75, 0x98, 0x6D, 0xB8, 0x65, 0xB8, 0x6D, 0xB8, 0x75, 0x98,
    0x54, 0x11, 0x29, 0xC7, 0x4A, 0xA7, 0x7C, 0x6B, 0x53, 0x28, 0x21, 0xE7, 0x21, 0xAA, 0x44, 0x13,
    0x54, 0xD6, 0x65, 0x98, 0x6D, 0xB8, 0x6D, 0xB9, 0x6D, 0xD9, 0x6D, 0xB8, 0x6D, 0xB8, 0x75, 0xB8,
    0x6C, 0xF5, 0x32, 0x4A, 0x00, 0x42, 0x00, 0x01, 0x00, 0x21, 0x00, 0x21, 0x00, 0x21, 0x00, 0x21,
    0x00, 0x21, 0x00, 0x62, 0x5B, 0xD0, 0x85, 0x77, 0x75, 0xB8, 0x75, 0x77, 0x75, 0x57, 0x6C, 0xD6,
    0x5C, 0x13, 0x43, 0x50, 0x2A, 0x6D, 0x09, 0x6A, 0x09, 0x49, 0x11, 0xAB, 0x19, 0xEC, 0x19, 0xED,
    0x19, 0xCD, 0x11, 0xAB, 0x00, 0xE7, 0x00, 0x64, 0x00, 0xA5, 0x09, 0x69, 0x09, 0xEB, 0x01, 0xEB,
    0x01, 0xEC, 0x01, 0xEC, 0x01, 0xAB, 0x09, 0xCA, 0x42, 0xA7, 0x9D, 0x4C, 0x95, 0x2B, 0x74, 0x28,
    0x4A, 0xE4, 0x42, 0x84, 0x42, 0x26, 0x31, 0x85, 0x00, 0x20, 0x00, 0x20, 0x00, 0x20, 0x00, 0x20,
    0x00, 0x20, 0x00, 0x20, 0x00, 0x20, 0x00, 0x20, 0x00, 0x20, 0x00, 0x20, 0x00, 0x20, 0x00, 0x20,
    0x00, 0x20, 0x00, 0x20, 0x00, 0x20, 0x00, 0x20, 0x00, 0x20, 0x00, 0x20, 0x00, 0x41, 0x00, 0x41,
    0x00, 0x21, 0x00, 0x21, 0x00, 0x61, 0x00, 0x20, 0x00, 0x20, 0x00, 0x20, 0x00, 0x21, 0x00, 0x41,
    0x00, 0x21, 0x00, 0x20, 0x00, 0x20, 0x00, 0x20, 0x00, 0x20, 0x00, 0x20, 0x00, 0x20, 0x00, 0x20,
    0x00, 0x61, 0x00, 0x41, 0x00, 0x21, 0x00, 0x20, 0x00, 0x20, 0x00, 0x20, 0x00, 0x20, 0x00, 0x21,
    0x42, 0xEC, 0x75, 0x15, 0x75, 0x97, 0x6D, 0xB8, 0x6D, 0xB8, 0x6D, 0xB8, 0x6D, 0xB8, 0x6D, 0xB8,
    0x75, 0x97, 0x75, 0x56, 0x6C, 0xB4, 0x4B, 0x4E, 0x00, 0x83, 0x00, 0x21, 0x00, 0x21, 0x00, 0x21,
    0x00, 0x21, 0x00, 0x20, 0x00, 0x20, 0x00, 0x20, 0x00, 0x21, 0x32, 0x4A, 0x7D, 0x35, 0x75, 0x56,
    0x2A, 0xCD, 0x64, 0xF5, 0x6D, 0x98, 0x6D, 0xB8, 0x6D, 0xB8, 0x6D, 0xB8, 0x75, 0x57, 0x2A, 0x2A,
    0x21, 0xA6, 0x6B, 0xCB, 0x94, 0xCB, 0x95, 0x0B, 0x84, 0x6A, 0x5B, 0x28, 0x6D, 0x78, 0x6D, 0xB8,
    0x6D, 0xD8, 0x6D, 0xB9, 0x6D, 0xB9, 0x6D, 0xB9, 0x6D, 0xB8, 0x75, 0xB8, 0x75, 0x57, 0x3A, 0xCC,
    0x00, 0x63, 0x08, 0x62, 0x00, 0x21, 0x00, 0x21, 0x00, 0x21, 0x00, 0x21, 0x00, 0x21, 0x00, 0x21,
    0x00, 0x63, 0x5B, 0xD1, 0x6C, 0xD5, 0x54, 0x33, 0x3B, 0x50, 0x1A, 0x4C, 0x09, 0xCB, 0x01, 0xEC,
    0x09, 0xED, 0x11, 0xEC, 0x09, 0xED, 0x11, 0xED, 0x11, 0xED, 0x12, 0x0D, 0x12, 0x0D, 0x12, 0x0D,
    0x11, 0xCC, 0x09, 0x49, 0x00, 0xA6, 0x00, 0xA6, 0x09, 0x69, 0x11, 0xEA, 0x22, 0x6C, 0x3B, 0x70,
    0x54, 0x14, 0x5C, 0xB5, 0x64, 0xD4, 0x43, 0x2A, 0x95, 0x4C, 0x8C, 0xEA, 0x5B, 0x64, 0x5B, 0x25,
    0x52, 0xE5, 0x42, 0x65, 0x18, 0xE2, 0x00, 0x20, 0x00, 0x20, 0x00, 0x20, 0x00, 0x21, 0x00, 0x21,
    0x00, 0x20, 0x00, 0x20, 0x00, 0x20, 0x00, 0x20, 0x00, 0x20, 0x00, 0x20, 0x00, 0x20, 0x00, 0x20,
    0x00, 0x20, 0x00, 0x20, 0x00, 0x20, 0x00, 0x20, 0x00, 0x20, 0x00, 0x20, 0x00, 0x20, 0x00, 0x20,
    0x00, 0x21, 0x00, 0x21, 0x00, 0x20, 0x00, 0x20, 0x00, 0x21, 0x00, 0x41, 0x00, 0x61, 0x00, 0x61,
    0x00, 0x41, 0x00, 0x20, 0x00, 0x20, 0x00, 0x20, 0x00, 0x20, 0x00, 0x20, 0x00, 0x20, 0x00, 0x41,
    0x00, 0x41, 0x00, 0x41, 0x00, 0x21, 0x00, 0x21, 0x00, 0x20, 0x00, 0x20, 0x00, 0x00, 0x00, 0x41,
    0x32, 0x6A, 0x64, 0x93, 0x75, 0x97, 0x6D, 0x98, 0x6D, 0xB8, 0x6D, 0xB8, 0x6D, 0xB8, 0x6D, 0xB8,
    0x75, 0xB8, 0x75, 0x57, 0x43, 0x8F, 0x32, 0x8B, 0x00, 0x83, 0x00, 0x21, 0x00, 0x01, 0x00, 0x21,
    0x00, 0x21, 0x00, 0x20, 0x00, 0x20, 0x00, 0x01, 0x00, 0x42, 0x64, 0x32, 0x53, 0xF1, 0x3B, 0x8F,
    0x75, 0x98, 0x6D, 0xB8, 0x6D, 0xB8, 0x6D, 0xB8, 0x75, 0x98, 0x4B, 0xB1, 0x00, 0x86, 0x19, 0xAA,
    0x2A, 0x09, 0x42, 0xA8, 0x6B, 0xE9, 0x84, 0xAB, 0x94, 0xEB, 0x6D, 0xB9, 0x6D, 0xB9, 0x6D, 0xD9,
    0x6D, 0xD9, 0x6D, 0xB8, 0x6D, 0xB8, 0x75, 0x98, 0x75, 0x36, 0x3A, 0xCC, 0x00, 0x43, 0x00, 0x42,
    0x08, 0x62, 0x00, 0x21, 0x00, 0x21, 0x00, 0x20, 0x00, 0x21, 0x00, 0x21, 0x00, 0x22, 0x00, 0x43,
    0x09, 0x89, 0x01, 0xCA, 0x01, 0xCB, 0x01, 0xAB, 0x01, 0xAC, 0x01, 0xCC, 0x01, 0xED, 0x01, 0xED,
    0x01, 0xEC, 0x01, 0xCC, 0x01, 0xCC, 0x01, 0xEC, 0x09, 0xEC, 0x09, 0xEC, 0x0A, 0x0C, 0x19, 0xEB,
    0x3A, 0xEE, 0x4A, 0xEE, 0x10, 0xE7, 0x53, 0x90, 0x75, 0x16, 0x75, 0x57, 0x75, 0x98, 0x75, 0x98,
    0x75, 0x98, 0x6D, 0x56, 0x33, 0x2A, 0x8D, 0x0D, 0x95, 0x2B, 0x7C, 0x88, 0x74, 0x07, 0x42, 0x63,
    0x19, 0x40, 0x08, 0xA0, 0x00, 0x20, 0x00, 0x00, 0x00, 0x20, 0x00, 0x41, 0x00, 0x41, 0x00, 0x20,
    0x00, 0x20, 0x00, 0x00, 0x00, 0x20, 0x00, 0x20, 0x00, 0x20, 0x00, 0x20, 0x08, 0x41, 0x00, 0x40,
    0x00, 0x20, 0x00, 0x20, 0x00, 0x20, 0x00, 0x20, 0x00, 0x20, 0x00, 0x21, 0x00, 0x41, 0x00, 0x21,
    0x00, 0x20, 0x00, 0x20, 0x00, 0x20, 0x00, 0x41, 0x00, 0x61, 0x08, 0x82, 0x08, 0xA2, 0x00, 0x41,
    0x00, 0x20, 0x00, 0x20, 0x00, 0x20, 0x00, 0x20, 0x00, 0x20, 0x00, 0x20, 0x00, 0x20, 0x00, 0x21,
    0x00, 0x41, 0x00, 0x21, 0x00, 0x20, 0x00, 0x20, 0x00, 0x20, 0x00, 0x20, 0x00, 0x20, 0x00, 0x21,
    0x3A, 0xAB, 0x75, 0x15, 0x75, 0x97, 0x75, 0xB8, 0x6D, 0xB8, 0x6D, 0xB8, 0x6D, 0xB8, 0x75, 0x77,
    0x4C, 0x12, 0x5C, 0xB4, 0x75, 0x36, 0x64, 0x52, 0x21, 0xE8, 0x00, 0x22, 0x00, 0x22, 0x00, 0x21,
    0x00, 0x21, 0x00, 0x00, 0x00, 0x21, 0x00, 0x21, 0x42, 0xCC, 0x32, 0xCC, 0x6D, 0x15, 0x75, 0xB8,
    0x6D, 0xB8, 0x6D, 0xD8, 0x75, 0xB8, 0x64, 0xB5, 0x11, 0x48, 0x09, 0x09, 0x19, 0xCC, 0x19, 0xCC,
    0x19, 0xCB, 0x19, 0xC9, 0x32, 0x27, 0x73, 0xC9, 0x6D, 0xB8, 0x6D, 0xB8, 0x6D, 0x98, 0x6D, 0x98,
    0x75, 0x98, 0x75, 0x77, 0x5C, 0x32, 0x32, 0x8B, 0x00, 0x63, 0x00, 0x22, 0x00, 0x21, 0x00, 0x21,
    0x00, 0x21, 0x00, 0x21, 0x00, 0x20, 0x00, 0x21, 0x00, 0x21, 0x00, 0x43, 0x00, 0xA5, 0x09, 0xAA,
    0x01, 0xCB, 0x01, 0xCC, 0x01, 0xCC, 0x01, 0xAB, 0x01, 0xAB, 0x01, 0xCB, 0x0A, 0x2C, 0x1A, 0x4D,
    0x2A, 0xCE, 0x43, 0x91, 0x4C, 0x13, 0x64, 0xB6, 0x64, 0xD6, 0x6D, 0x37, 0x74, 0xF6, 0x74, 0xD5,
    0x63, 0xD1, 0x08, 0xA6, 0x53, 0xB0, 0x7D, 0x98, 0x75, 0xB8, 0x6D, 0xB8, 0x6D, 0xB9, 0x75, 0xB8,
    0x6D, 0xB8, 0x3B, 0xCF, 0x53, 0x89, 0x8D, 0x2C, 0x95, 0x4C, 0x9D, 0x2C, 0x84, 0x89, 0x6B, 0xC8,
    0x4A, 0xC6, 0x00, 0x80, 0x00, 0x20, 0x00, 0x20, 0x00, 0x40, 0x00, 0x41, 0x00, 0x20, 0x00, 0x20,
    0x00, 0x20, 0x00, 0x20, 0x00, 0x20, 0x00, 0x20, 0x00, 0x20, 0x00, 0x20, 0x00, 0x20, 0x00, 0x20,
    0x00, 0x20, 0x00, 0x41, 0x08, 0x61, 0x00, 0x20, 0x00, 0x21, 0x00, 0x20, 0x00, 0x20, 0x00, 0x20,
    0x00, 0x20, 0x00, 0x20, 0x00, 0x21, 0x00, 0x21, 0x00, 0x41, 0x00, 0x21, 0x00, 0x21, 0x00, 0x20,
    0x00, 0x21, 0x00, 0x20, 0x00, 0x20, 0x00, 0x20, 0x00, 0x20, 0x00, 0x20, 0x00, 0x20, 0x00, 0x21,
    0x00, 0x20, 0x00, 0x20, 0x00, 0x20, 0x00, 0x20, 0x00, 0x20, 0x00, 0x20, 0x00, 0x21, 0x19, 0x66,
    0x6C, 0x92, 0x7D, 0x56, 0x75, 0x77, 0x75, 0x77, 0x75, 0x97, 0x64, 0xD4, 0x3B, 0x6F, 0x5C, 0xD4,
    0x75, 0x97, 0x75, 0x97, 0x75, 0x97, 0x6C, 0xF5, 0x43, 0x4E, 0x32, 0x6A, 0x00, 0x83, 0x00, 0x01,
    0x00, 0x01, 0x00, 0x01, 0x00, 0x21, 0x08, 0xE4, 0x64, 0x31, 0x7D, 0x97, 0x75, 0xB7, 0x6D, 0xB8,
    0x75, 0xB8, 0x75, 0x17, 0x2A, 0x4D, 0x09, 0x6A, 0x11, 0xEC, 0x11, 0xED, 0x19, 0xED, 0x19, 0xEE,
    0x19, 0xCD, 0x19, 0xCC, 0x29, 0x89, 0x5D, 0x16, 0x5C, 0xD5, 0x54, 0x94, 0x4B, 0xF2, 0x43, 0x4F,
    0x3A, 0xCD, 0x11, 0x26, 0x00, 0x43, 0x00, 0x22, 0x00, 0x21, 0x00, 0x21, 0x00, 0x21, 0x00, 0x21,
    0x00, 0x21, 0x00, 0x21, 0x00, 0x21, 0x00, 0x21, 0x00, 0x22, 0x00, 0xC5, 0x09, 0xA9, 0x22, 0x6D,
    0x22, 0x8D, 0x3B, 0x50, 0x4B, 0xD2, 0x54, 0x54, 0x65, 0x17, 0x65, 0x38, 0x6D, 0x58, 0x6D, 0x78,
    0x6D, 0x78, 0x75, 0x98, 0x75, 0x98, 0x75, 0xB8, 0x75, 0x98, 0x64, 0xD5, 0x64, 0x73, 0x32, 0x8B,
    0x10, 0xE6, 0x53, 0xD1, 0x75, 0x97, 0x6D, 0xB8, 0x6D, 0xD8, 0x6D, 0xD9, 0x6D, 0xB9, 0x6D, 0xB8,
    0x65, 0x56, 0x1A, 0xEB, 0x63, 0xEA, 0x95, 0x4D, 0x95, 0x6C, 0x9D, 0x6C, 0x9D, 0x0C, 0x5B, 0x26,
    0x21, 0x82, 0x00, 0x60, 0x00, 0x20, 0x00, 0x21, 0x00, 0x20, 0x00, 0x00, 0x00, 0x20, 0x00, 0x00,
    0x00, 0x00, 0x00, 0x00, 0x00, 0x20, 0x00, 0x00, 0x00, 0x20, 0x00, 0x20, 0x00, 0x20, 0x00, 0x20,
    0x00, 0x41, 0x08, 0x41, 0x00, 0x20, 0x00, 0x20, 0x00, 0x20, 0x00, 0x21, 0x00, 0x21, 0x00, 0x21,
    0x00, 0x21, 0x00, 0x21, 0x00, 0x21, 0x00, 0x21, 0x00, 0x20, 0x00, 0x20, 0x00, 0x20, 0x00, 0x20,
    0x00, 0x40, 0x00, 0x20, 0x00, 0x20, 0x00, 0x20, 0x00, 0x20, 0x00, 0x21, 0x00, 0x41, 0x00, 0x20,
    0x00, 0x20, 0x00, 0x20, 0x00, 0x20, 0x00, 0x21, 0x00, 0x21, 0x00, 0x21, 0x00, 0x41, 0x32, 0x4A,
    0x6C, 0x72, 0x7D, 0x15, 0x43, 0x6F, 0x3A, 0xED, 0x32, 0xCD, 0x6C, 0xD5, 0x75, 0x98, 0x75, 0xB8,
    0x6D, 0xB8, 0x6D, 0x97, 0x75, 0x77, 0x75, 0x56, 0x75, 0x15, 0x5B, 0xD0, 0x19, 0x25, 0x00, 0x21,
    0x00, 0x21, 0x00, 0x01, 0x08, 0xC4, 0x4B, 0x2D, 0x6C, 0x92, 0x75, 0x15, 0x75, 0x76, 0x75, 0x16,
    0x3A, 0xCE, 0x09, 0x4A, 0x12, 0x0C, 0x12, 0x2D, 0x12, 0x0D, 0x12, 0x0D, 0x12, 0x0D, 0x11, 0xED,
    0x19, 0xCD, 0x29, 0xAD, 0x01, 0xEB, 0x01, 0xEA, 0x01, 0xA9, 0x01, 0x27, 0x00, 0xA5, 0x00, 0x23,
    0x00, 0x22, 0x00, 0x42, 0x00, 0x21, 0x08, 0x82, 0x00, 0x41, 0x00, 0x41, 0x00, 0x41, 0x00, 0x21,
    0x00, 0x41, 0x08, 0x42, 0x19, 0x05, 0x4B, 0x2E, 0x6C, 0x94, 0x6D, 0x16, 0x6D, 0x78, 0x6D, 0x78,
    0x6D, 0x98, 0x6D, 0x98, 0x6D, 0x98, 0x6D, 0x99, 0x6D, 0x99, 0x6D, 0x98, 0x6D, 0xB8, 0x6D, 0x98,
    0x6D, 0xB8, 0x6D, 0xB8, 0x6D, 0xB8, 0x6D, 0xB8, 0x64, 0xB5, 0x43, 0x6F, 0x42, 0xCD, 0x3A, 0x4C,
    0x53, 0xD1, 0x75, 0x97, 0x6D, 0xB8, 0x6D, 0xD8, 0x6D, 0xD9, 0x6D, 0xB9, 0x6D, 0xB8, 0x6D, 0xB8,
    0x5C, 0xF5, 0x1B, 0x0B, 0x4B, 0x8A, 0x7C, 0xCC, 0x95, 0x4C, 0x9D, 0x6C, 0x8C, 0xEB, 0x8C, 0xCC,
    0x42, 0x66, 0x00, 0x20, 0x00, 0x20, 0x00, 0x20, 0x00, 0x20, 0x00, 0x40, 0x00, 0x40, 0x08, 0x81,
    0x00, 0x20, 0x08, 0x60, 0x00, 0x40, 0x00, 0x40, 0x00, 0x40, 0x00, 0x20, 0x00, 0x20, 0x00, 0x20,
    0x00, 0x20, 0x00, 0x20, 0x00, 0x20, 0x00, 0x20, 0x00, 0x41, 0x08, 0x62, 0x00, 0x21, 0x00, 0x21,
    0x00, 0x21, 0x00, 0x20, 0x00, 0x20, 0x00, 0x00, 0x00, 0x00, 0x00, 0x20, 0x00, 0x20, 0x00, 0x20,
    0x00, 0x20, 0x00, 0x20, 0x00, 0x20, 0x00, 0x21, 0x00, 0x21, 0x10, 0xA2, 0x08, 0x62, 0x00, 0x20,
    0x00, 0x20, 0x00, 0x20, 0x00, 0x41, 0x00, 0x41, 0x00, 0x21, 0x00, 0x21, 0x00, 0x21, 0x11, 0x04,
    0x32, 0x4A, 0x32, 0x09, 0x3A, 0x6B, 0x21, 0xC8, 0x53, 0xD0, 0x6C, 0xF5, 0x7D, 0x97, 0x75, 0x97,
    0x65, 0x15, 0x5C, 0xB4, 0x6C, 0xF5, 0x75, 0x15, 0x6C, 0x72, 0x4A, 0xED, 0x10, 0xE4, 0x00, 0x21,
    0x00, 0x01, 0x00, 0x01, 0x00, 0x01, 0x08, 0xC4, 0x21, 0xC8, 0x53, 0x8F, 0x2A, 0x2A, 0x01, 0x49,
    0x11, 0xCB, 0x12, 0x0D, 0x12, 0x0D, 0x12, 0x0E, 0x0A, 0x0E, 0x0A, 0x0E, 0x11, 0xED, 0x19, 0xED,
    0x29, 0xCD, 0x09, 0xEA, 0x1A, 0x6C, 0x2A, 0x6C, 0x3A, 0x6C, 0x00, 0x43, 0x00, 0x22, 0x08, 0x42,
    0x00, 0x42, 0x00, 0x42, 0x10, 0xC3, 0x08, 0xA2, 0x08, 0x62, 0x08, 0x82, 0x00, 0x21, 0x00, 0x21,
    0x08, 0x42, 0x18, 0xE5, 0x5B, 0xF1, 0x75, 0x97, 0x75, 0x98, 0x6D, 0xB8, 0x6D, 0xB8, 0x6D, 0xB8,
    0x6D, 0xB8, 0x6D, 0xB8, 0x65, 0xB8, 0x65, 0x98, 0x65, 0xB8, 0x65, 0xB8, 0x65, 0xB8, 0x65, 0xB8,
    0x6D, 0xB8, 0x6D, 0xB8, 0x6D, 0xB8, 0x6C, 0xF5, 0x4B, 0xB0, 0x5B, 0x70, 0x3A, 0x2C, 0x5C, 0x12,
    0x75, 0x97, 0x6D, 0xB8, 0x65, 0xB8, 0x65, 0xD9, 0x6D, 0xB9, 0x6D, 0xB8, 0x6D, 0xB8, 0x6D, 0x98,
    0x55, 0x15, 0x2B, 0xAF, 0x23, 0x2B, 0x43, 0x06, 0x7C, 0xCB, 0x95, 0x4C, 0x95, 0x4C, 0x6B, 0xCA,
    0x00, 0x20, 0x00, 0x20, 0x00, 0x20, 0x31, 0xA4, 0x52, 0xE8, 0x52, 0xE6, 0x6B, 0xCA, 0x29, 0xC3,
    0x11, 0x00, 0x29, 0x83, 0x29, 0xA4, 0x00, 0x60, 0x00, 0x20, 0x00, 0x20, 0x00, 0x20, 0x00, 0x20,
    0x00, 0x20, 0x00, 0x20, 0x00, 0x20, 0x00, 0x20, 0x00, 0x21, 0x00, 0x21, 0x00, 0x21, 0x00, 0x21,
    0x00, 0x21, 0x00, 0x01, 0x00, 0x21, 0x00, 0x21, 0x00, 0x21, 0x00, 0x21, 0x00, 0x21, 0x00, 0x00,
    0x00, 0x20, 0x00, 0x20, 0x00, 0x41, 0x00, 0x41, 0x00, 0x41, 0x00, 0x21, 0x00, 0x20, 0x00, 0x20,
    0x00, 0x20, 0x00, 0x21, 0x00, 0x41, 0x00, 0x41, 0x00, 0x21, 0x00, 0x21, 0x00, 0x41, 0x08, 0xA3,
    0x31, 0xE8, 0x63, 0x6F, 0x53, 0x2E, 0x2A, 0x09, 0x22, 0x09, 0x5C, 0x11, 0x75, 0x15, 0x7D, 0x56,
    0x64, 0xB4, 0x33, 0x0D, 0x43, 0x4E, 0x53, 0xAF, 0x53, 0x2D, 0x19, 0x25, 0x00, 0x42, 0x00, 0x21,
    0x00, 0x21, 0x00, 0x21, 0x00, 0x21, 0x00, 0x21, 0x00, 0x22, 0x00, 0x64, 0x11, 0x89, 0x12, 0x0C,
    0x12, 0x0D, 0x12, 0x0D, 0x12, 0x0D, 0x0A, 0x0E, 0x0A, 0x0E, 0x09, 0xED, 0x19, 0xED, 0x29, 0xED,
    0x6D, 0x57, 0x6D, 0x57, 0x5C, 0x53, 0x32, 0x4B, 0x00, 0x43, 0x08, 0x22, 0x08, 0x22, 0x00, 0x42,
    0x00, 0x62, 0x08, 0x62, 0x08, 0x62, 0x08, 0x82, 0x08, 0x62, 0x00, 0x21, 0x00, 0x01, 0x08, 0x22,
    0x31, 0xE9, 0x75, 0x15, 0x6D, 0xB8, 0x6D, 0xB8, 0x6D, 0xB8, 0x6D, 0xB9, 0x6D, 0xD9, 0x65, 0xB8,
    0x65, 0xB8, 0x65, 0xB8, 0x65, 0xB8, 0x65, 0xB8, 0x65, 0xB8, 0x65, 0xB8, 0x65, 0xB8, 0x6D, 0xB8,
    0x6D, 0xB8, 0x6D, 0x98, 0x5C, 0x94, 0x2A, 0x6B, 0x4A, 0x8C, 0x29, 0x88, 0x5B, 0xD1, 0x6D, 0x77,
    0x6D, 0xB8, 0x65, 0xD8, 0x65, 0xD9, 0x65, 0xD9, 0x6D, 0xB8, 0x6D, 0xB8, 0x6D, 0xB8, 0x6D, 0xB8,
    0x65, 0x76, 0x44, 0x73, 0x33, 0xAF, 0x4B, 0x8A, 0x74, 0x6B, 0x84, 0xCD, 0x74, 0x0C, 0x00, 0x60,
    0x00, 0x00, 0x00, 0x20, 0x4A, 0xA7, 0x8C, 0xED, 0x84, 0xAB, 0x8C, 0xEC, 0x74, 0x2A, 0x4A, 0xC6,
    0x42, 0xA6, 0x4A, 0xA7, 0x42, 0x67, 0x00, 0x20, 0x00, 0x20, 0x00, 0x20, 0x00, 0x20, 0x00, 0x20,
    0x00, 0x20, 0x00, 0x20, 0x00, 0x20, 0x00, 0x21, 0x00, 0x21, 0x00, 0xA4, 0x3A, 0xCC, 0x6C, 0x73,
    0x53, 0x8F, 0x32, 0x8B, 0x21, 0xE8, 0x42, 0xCC, 0x4B, 0x0D, 0x00, 0x41, 0x00, 0x20, 0x00, 0x20,
    0x00, 0x20, 0x00, 0x21, 0x00, 0x20, 0x00, 0x20, 0x00, 0x20, 0x00, 0x20, 0x00, 0x20, 0x00, 0x20,
    0x00, 0x21, 0x00, 0x21, 0x00, 0x21, 0x00, 0x41, 0x00, 0x21, 0x00, 0x21, 0x00, 0x21, 0x00, 0x01,
    0x10, 0xC4, 0x53, 0x0D, 0x6C, 0x11, 0x53, 0x0D, 0x08, 0xE4, 0x29, 0xE8, 0x53, 0xAF, 0x7C, 0xF4,
    0x74, 0xB3, 0x42, 0xEC, 0x2A, 0x2A, 0x29, 0xE9, 0x21, 0x87, 0x00, 0x42, 0x00, 0x21, 0x00, 0x20,
    0x00, 0x21, 0x00, 0x20, 0x00, 0x20, 0x00, 0x01, 0x00, 0x23, 0x11, 0x48, 0x19, 0xEC, 0x11, 0xED,
    0x11, 0xED, 0x12, 0x0E, 0x0A, 0x0E, 0x0A, 0x0D, 0x09, 0xED, 0x11, 0xED, 0x29, 0xED, 0x75, 0xB8,
    0x75, 0x97, 0x4B, 0x6F, 0x08, 0x43, 0x29, 0x26, 0x18, 0xC4, 0x00, 0x21, 0x00, 0x41, 0x00, 0x41,
    0x00, 0x41, 0x00, 0x41, 0x00, 0x41, 0x00, 0x20, 0x00, 0x20, 0x00, 0x01, 0x00, 0x01, 0x53, 0x8F,
    0x75, 0x97, 0x6D, 0xB8, 0x6D, 0xB8, 0x6D, 0xB8, 0x65, 0xB8, 0x65, 0xB8, 0x65, 0xB8, 0x65, 0xB9,
    0x65, 0xB9, 0x65, 0xB9, 0x65, 0xB8, 0x65, 0xB8, 0x65, 0xB8, 0x65, 0xB8, 0x65, 0xB8, 0x6D, 0xB8,
    0x6D, 0x98, 0x4B, 0xF1, 0x21, 0x68, 0x10, 0xA6, 0x00, 0x02, 0x42, 0xAC, 0x75, 0x77, 0x65, 0xB8,
    0x65, 0xB8, 0x65, 0xB8, 0x65, 0xB8, 0x65, 0xB9, 0x65, 0xB8, 0x65, 0xB8, 0x65, 0xB8, 0x6D, 0xB8,
    0x6D, 0x98, 0x6D, 0x98, 0x5D, 0x15, 0x3B, 0xAE, 0x22, 0x68, 0x11, 0x85, 0x00, 0x40, 0x00, 0x00,
    0x00, 0x00, 0x21, 0x64, 0x53, 0x8B, 0x4B, 0x8A, 0x4B, 0xCB, 0x4B, 0xAB, 0x3B, 0x4A, 0x43, 0x4B,
    0x3A, 0xA9, 0x21, 0xA5, 0x00, 0x61, 0x00, 0x00, 0x00, 0x20, 0x00, 0x20, 0x00, 0x20, 0x00, 0x20,
    0x00, 0x20, 0x00, 0x21, 0x2A, 0x08, 0x4B, 0x4E, 0x5C, 0x72, 0x75, 0x56, 0x75, 0x77, 0x75, 0x36,
    0x4B, 0xD1, 0x6C, 0xD5, 0x7D, 0x36, 0x64, 0x92, 0x00, 0x62, 0x00, 0x00, 0x00, 0x20, 0x00, 0x20,
    0x00, 0x20, 0x00, 0x20, 0x00, 0x20, 0x00, 0x20, 0x00, 0x20, 0x00, 0x20, 0x00, 0x20, 0x00, 0x20,
    0x00, 0x20, 0x00, 0x21, 0x00, 0x41, 0x00, 0x21, 0x00, 0x21, 0x00, 0x21, 0x00, 0x00, 0x00, 0x00,
    0x00, 0x62, 0x29, 0x87, 0x5B, 0x2D, 0x21, 0x66, 0x00, 0x21, 0x00, 0x01, 0x32, 0x08, 0x5B, 0x8E,
    0x6C, 0x31, 0x74, 0x72, 0x53, 0x2D, 0x10, 0xE4, 0x00, 0x41, 0x00, 0x21, 0x00, 0x21, 0x00, 0x20,
    0x00, 0x20, 0x00, 0x20, 0x00, 0x20, 0x00, 0x21, 0x00, 0x85, 0x11, 0x8B, 0x11, 0xCC, 0x11, 0xED,
    0x11, 0xED, 0x11, 0xED, 0x11, 0xED, 0x11, 0xED, 0x11, 0xCD, 0x21, 0xCD, 0x75, 0xB8, 0x6C, 0xF5,
    0x3A, 0x6B, 0x18, 0xC5, 0x39, 0x88, 0x10, 0xA3, 0x00, 0x21, 0x00, 0x41, 0x00, 0x41, 0x00, 0x61,
    0x00, 0x61, 0x00, 0x41, 0x00, 0x20, 0x00, 0x00, 0x08, 0x42, 0x00, 0x83, 0x64, 0x73, 0x75, 0xB8,
    0x6D, 0xB8, 0x6D, 0xB8, 0x65, 0xB8, 0x65, 0xB8, 0x65, 0xB8, 0x65, 0xB8, 0x65, 0xB9, 0x65, 0xB9,
    0x65, 0xB9, 0x65, 0xB9, 0x65, 0xB8, 0x65, 0xB8, 0x65, 0xB9, 0x65, 0xB8, 0x6D, 0xB8, 0x6D, 0x98,
    0x5C, 0x53, 0x19, 0x48, 0x21, 0x27, 0x00, 0x02, 0x32, 0x0A, 0x75, 0x57, 0x65, 0xB8, 0x65, 0xB8,
    0x65, 0xB8, 0x65, 0xB8, 0x65, 0xB9, 0x65, 0xB8, 0x65, 0xB8, 0x65, 0xB8, 0x65, 0xB8, 0x6D, 0xB8,
    0x6D, 0xB8, 0x6D, 0x98, 0x6D, 0x77, 0x65, 0x35, 0x54, 0x11, 0x21, 0xC8, 0x00, 0x62, 0x00, 0x00,
    0x3A, 0xCB, 0x6D, 0x15, 0x65, 0x56, 0x65, 0x76, 0x65, 0x56, 0x5D, 0x56, 0x65, 0x76, 0x6D, 0x15,
    0x4B, 0xAF, 0x09, 0x25, 0x00, 0x20, 0x00, 0x00, 0x00, 0x00, 0x00, 0x20, 0x00, 0x20, 0x00, 0x00,
    0x19, 0x66, 0x74, 0xD4, 0x7D, 0x97, 0x75, 0xB8, 0x6D, 0xB8, 0x6D, 0xB8, 0x6D, 0x77, 0x4C, 0x32,
    0x65, 0x15, 0x7D, 0x77, 0x54, 0x31, 0x00, 0x21, 0x00, 0x00, 0x00, 0x00, 0x00, 0x00, 0x00, 0x20,
    0x00, 0x20, 0x00, 0x20, 0x00, 0x20, 0x00, 0x20, 0x00, 0x20, 0x00, 0x20, 0x00, 0x20, 0x00, 0x20,
    0x00, 0x41, 0x00, 0x41, 0x00, 0x21, 0x00, 0x21, 0x00, 0x20, 0x00, 0x20, 0x00, 0x20, 0x00, 0x20,
    0x00, 0x21, 0x00, 0x62, 0x00, 0x62, 0x00, 0x21, 0x00, 0x21, 0x00, 0x21, 0x00, 0x21, 0x08, 0xA3,
    0x31, 0xE8, 0x4A, 0xAB, 0x3A, 0x29, 0x10, 0xA3, 0x00, 0x21, 0x00, 0x20, 0x00, 0x20, 0x00, 0x20,
    0x00, 0x21, 0x00, 0x21, 0x00, 0x21, 0x00, 0x42, 0x11, 0x67, 0x19, 0xEC, 0x19, 0xED, 0x19, 0xED,
    0x11, 0xED, 0x11, 0xED, 0x11, 0xCD, 0x19, 0xCD, 0x29, 0xCD, 0x64, 0xF5, 0x2A, 0x2A, 0x08, 0x43,
    0x08, 0x43, 0x08, 0x62, 0x00, 0x21, 0x00, 0x21, 0x00, 0x21, 0x00, 0x41, 0x08, 0x61, 0x00, 0x61,
    0x00, 0x41, 0x00, 0x00, 0x00, 0x01, 0x08, 0x42, 0x3A, 0xCC, 0x75, 0x57, 0x6D, 0xB8, 0x6D, 0xB8,
    0x65, 0xB8, 0x65, 0xB8, 0x65, 0x98, 0x65, 0xB8, 0x65, 0xB8, 0x65, 0xB9, 0x65, 0xB9, 0x65, 0xB9,
    0x65, 0xB9, 0x65, 0xB9, 0x65, 0xB9, 0x65, 0xB9, 0x65, 0xB8, 0x6D, 0xB8, 0x6D, 0x98, 0x64, 0xF5,
    0x32, 0xAD, 0x53, 0x0E, 0x10, 0xA4, 0x32, 0x2A, 0x75, 0x57, 0x65, 0xB8, 0x65, 0xB8, 0x65, 0xB8,
    0x65, 0xB8, 0x65, 0xB9, 0x65, 0xB9, 0x65, 0xD9, 0x65, 0xB8, 0x65, 0xB8, 0x65, 0xB8, 0x65, 0xB8,
    0x65, 0xB8, 0x6D, 0x98, 0x6D, 0x98, 0x75, 0x57, 0x5C, 0x52, 0x22, 0x08, 0x00, 0x21, 0x53, 0x8F,
    0x75, 0x97, 0x6D, 0xB8, 0x65, 0xB8, 0x65, 0x98, 0x65, 0xB8, 0x6D, 0xB8, 0x75, 0x98, 0x75, 0x98,
    0x5C, 0x32, 0x08, 0xC4, 0x00, 0x00, 0x00, 0x00, 0x00, 0x00, 0x00, 0x00, 0x00, 0x21, 0x42, 0xCC,
    0x7D, 0x97, 0x6D, 0xB8, 0x65, 0xB8, 0x6D, 0xB8, 0x6D, 0xB8, 0x6D, 0xB8, 0x65, 0x16, 0x44, 0x12,
    0x6D, 0x36, 0x64, 0x93, 0x00, 0x83, 0x00, 0x00, 0x00, 0x00, 0x00, 0x00, 0x00, 0x20, 0x00, 0x20,
    0x00, 0x20, 0x00, 0x41, 0x00, 0x40, 0x00, 0x20, 0x00, 0x20, 0x00, 0x20, 0x00, 0x20, 0x00, 0x21,
    0x00, 0x21, 0x00, 0x20, 0x00, 0x20, 0x00, 0x20, 0x00, 0x20, 0x00, 0x20, 0x00, 0x20, 0x00, 0x41,
    0x08, 0x62, 0x00, 0x41, 0x00, 0x21, 0x00, 0x21, 0x00, 0x21, 0x00, 0x21, 0x00, 0x21, 0x00, 0x21,
    0x00, 0x21, 0x00, 0x21, 0x00, 0x21, 0x00, 0x20, 0x00, 0x20, 0x00, 0x20, 0x00, 0x20, 0x00, 0x20,
    0x00, 0x20, 0x21, 0x22, 0x5B, 0x28, 0x4A, 0xC7, 0x2A, 0x07, 0x11, 0xA8, 0x11, 0xA9, 0x19, 0xCC,
    0x19, 0xCD, 0x19, 0xCD, 0x19, 0xCD, 0x31, 0xED, 0x32, 0xAC, 0x00, 0x22, 0x08, 0x22, 0x00, 0x21,
    0x00, 0x21, 0x00, 0x21, 0x00, 0x21, 0x00, 0x21, 0x00, 0x41, 0x00, 0x41, 0x00, 0x21, 0x00, 0x21,
    0x08, 0x21, 0x08, 0x63, 0x21, 0xA8, 0x6C, 0xD5, 0x75, 0x98, 0x6D, 0xB8, 0x65, 0xB8, 0x65, 0xB8,
    0x5D, 0x77, 0x55, 0x16, 0x65, 0xB9, 0x65, 0xB8, 0x65, 0xB9, 0x65, 0xB9, 0x65, 0xB9, 0x65, 0xB8,
    0x65, 0xB8, 0x65, 0xB9, 0x65, 0xB9, 0x6D, 0xB8, 0x6D, 0xB8, 0x6D, 0xB8, 0x6D, 0x77, 0x43, 0x90,
    0x43, 0x0E, 0x29, 0xA8, 0x42, 0xCE, 0x75, 0x36, 0x6D, 0xB8, 0x65, 0xB8, 0x65, 0xB8, 0x65, 0xB8,
    0x65, 0xB9, 0x65, 0xB8, 0x65, 0xB8, 0x65, 0xB8, 0x65, 0xB8, 0x65, 0xB8, 0x65, 0xB8, 0x65, 0xB8,
    0x65, 0xB8, 0x6D, 0xB8, 0x75, 0xB8, 0x75, 0x56, 0x3A, 0xEC, 0x00, 0x01, 0x5B, 0xD0, 0x75, 0x98,
    0x65, 0xB8, 0x65, 0xB8, 0x65, 0xB8, 0x65, 0xB8, 0x65, 0xB8, 0x6D, 0xB8, 0x75, 0xB8, 0x75, 0x56,
    0x19, 0xC7, 0x00, 0x21, 0x00, 0x00, 0x00, 0x00, 0x00, 0x00, 0x00, 0x21, 0x64, 0x11, 0x7D, 0x97,
    0x6D, 0xB8, 0x65, 0xB8, 0x6D, 0xB8, 0x6D, 0xB8, 0x6D, 0xB8, 0x6D, 0xB8, 0x5D, 0x16, 0x43, 0xF1,
    0x54, 0x31, 0x08, 0xE4, 0x00, 0x00, 0x00, 0x00, 0x00, 0x00, 0x00, 0x20, 0x00, 0x20, 0x00, 0x20,
    0x00, 0x41, 0x00, 0x41, 0x00, 0x21, 0x00, 0x20, 0x00, 0x20, 0x00, 0x20, 0x00, 0x20, 0x00, 0x21,
    0x00, 0x21, 0x00, 0x20, 0x00, 0x21, 0x00, 0x21, 0x00, 0x20, 0x00, 0x21, 0x08, 0x82, 0x08, 0x82,
    0x00, 0x41, 0x00, 0x41, 0x00, 0x41, 0x00, 0x21, 0x00, 0x21, 0x00, 0x20, 0x00, 0x20, 0x00, 0x20,
    0x00, 0x20, 0x00, 0x20, 0x00, 0x20, 0x00, 0x20, 0x00, 0x20, 0x00, 0x21, 0x00, 0x20, 0x00, 0x20,
    0x42, 0x66, 0x8C, 0xAC, 0x94, 0xEB, 0x8C, 0xCA, 0x74, 0x2A, 0x63, 0x89, 0x3A, 0x87, 0x21, 0xA7,
    0x11, 0x88, 0x19, 0xCA, 0x31, 0xEC, 0x00, 0xA4, 0x00, 0x01, 0x00, 0x01, 0x00, 0x21, 0x00, 0x21,
    0x00, 0x21, 0x00, 0x21, 0x00, 0x21, 0x00, 0x21, 0x00, 0x20, 0x00, 0x20, 0x08, 0x21, 0x18, 0xA3,
    0x08, 0x84, 0x64, 0x32, 0x75, 0x98, 0x6D, 0xB8, 0x6D, 0xB8, 0x6D, 0xB8, 0x65, 0xB8, 0x5D, 0x37,
    0x4C, 0xF6, 0x65, 0xB8, 0x65, 0xB8, 0x65, 0xB9, 0x65, 0xB9, 0x65, 0xB9, 0x65, 0xB8, 0x65, 0xB8,
    0x65, 0xB8, 0x65, 0xB9, 0x6D, 0xB8, 0x6D, 0xB8, 0x6D, 0xB9, 0x75, 0xB8, 0x6D, 0x16, 0x43, 0x90,
    0x3A, 0x6C, 0x3A, 0x8D, 0x75, 0x37, 0x6D, 0xB8, 0x6D, 0xB8, 0x65, 0xB8, 0x65, 0xD8, 0x65, 0xB9,
    0x65, 0xB8, 0x65, 0xB8, 0x65, 0xB8, 0x65, 0xB8, 0x65, 0xB8, 0x65, 0xB8, 0x65, 0xB9, 0x65, 0xB8,
    0x6D, 0xB8, 0x6D, 0xB8, 0x75, 0x98, 0x4B, 0xF1, 0x00, 0xA3, 0x5C, 0x53, 0x6D, 0x98, 0x65, 0xB8,
    0x65, 0xB8, 0x65, 0xB8, 0x65, 0xB8, 0x65, 0xD8, 0x6D, 0xB8, 0x6D, 0xD8, 0x75, 0x97, 0x53, 0xF1,
    0x00, 0x21, 0x00, 0x01, 0x00, 0x00, 0x00, 0x00, 0x00, 0x42, 0x5C, 0x11, 0x75, 0x56, 0x75, 0x98,
    0x6D, 0xB8, 0x6D, 0xB8, 0x6D, 0xD8, 0x6D, 0xB8, 0x6D, 0xB8, 0x6D, 0xB8, 0x6D, 0x56, 0x54, 0x52,
    0x19, 0x87, 0x00, 0x00, 0x00, 0x00, 0x00, 0x00, 0x00, 0x20, 0x00, 0x20, 0x00, 0x20, 0x00, 0x20,
    0x00, 0x41, 0x00, 0x21, 0x00, 0x21, 0x00, 0x21, 0x00, 0x20, 0x00, 0x20, 0x00, 0x21, 0x00, 0x21,
    0x00, 0x20, 0x00, 0x21, 0x00, 0x21, 0x00, 0x21, 0x00, 0x21, 0x00, 0x21, 0x00, 0x41, 0x00, 0x21,
    0x00, 0x41, 0x00, 0x21, 0x00, 0x21, 0x00, 0x41, 0x00, 0x21, 0x00, 0x20, 0x00, 0x20, 0x00, 0x20,
    0x00, 0x20, 0x00, 0x20, 0x00, 0x20, 0x00, 0x21, 0x00, 0x21, 0x00, 0x21, 0x00, 0x63, 0x11, 0x25,
    0x3A, 0x26, 0x5B, 0x47, 0x7C, 0x2A, 0x94, 0xEC, 0x9D, 0x0C, 0x95, 0x0B, 0x84, 0x8A, 0x74, 0x0A,
    0x53, 0x07, 0x31, 0xE5, 0x00, 0x22, 0x00, 0x21, 0x00, 0x21, 0x00, 0x21, 0x00, 0x21, 0x00, 0x21,
    0x00, 0x21, 0x00, 0x21, 0x00, 0x21, 0x00, 0x20, 0x00, 0x21, 0x00, 0x21, 0x10, 0x83, 0x2A, 0x2A,
    0x75, 0x36, 0x6D, 0xB8, 0x6D, 0xB8, 0x6D, 0xB8, 0x6D, 0xB8, 0x6D, 0xB8, 0x55, 0x16, 0x4C, 0xF5,
    0x65, 0xB8, 0x65, 0xB8, 0x65, 0xB9, 0x65, 0xB9, 0x65, 0xB9, 0x65, 0xB8, 0x65, 0xB8, 0x65, 0xB8,
    0x65, 0xB8, 0x65, 0xB8, 0x6D, 0xD8, 0x6D, 0xB9, 0x75, 0xB8, 0x75, 0x78, 0x5C, 0x73, 0x11, 0x47,
    0x32, 0x4B, 0x75, 0x57, 0x6D, 0xB8, 0x6D, 0xB9, 0x65, 0xB9, 0x65, 0xD8, 0x65, 0xB9, 0x65, 0xB8,
    0x65, 0xB8, 0x65, 0xB8, 0x65, 0xB8, 0x65, 0xB8, 0x65, 0xB8, 0x65, 0xB8, 0x65, 0xB8, 0x65, 0xB8,
    0x6D, 0xB8, 0x6D, 0xB8, 0x65, 0x77, 0x54, 0x94, 0x65, 0x57, 0x6D, 0xB8, 0x65, 0xB8, 0x65, 0xB8,
    0x65, 0xB9, 0x65, 0xB9, 0x65, 0xB8, 0x6D, 0xB8, 0x6D, 0xD8, 0x75, 0xB8, 0x6C, 0xF5, 0x11, 0x05,
    0x00, 0x00, 0x00, 0x00, 0x00, 0x21, 0x3A, 0x4B, 0x32, 0xAC, 0x2A, 0xCC, 0x5C, 0x74, 0x75, 0x57,
    0x75, 0x98, 0x6D, 0xB8, 0x6D, 0xB9, 0x6D, 0xB8, 0x6D, 0xB8, 0x75, 0xB8, 0x75, 0x77, 0x4B, 0x2D,
    0x00, 0x21, 0x00, 0x00, 0x00, 0x00, 0x00, 0x20, 0x00, 0x20, 0x00, 0x20, 0x00, 0x20, 0x00, 0x21,
    0x00, 0x41, 0x00, 0x41, 0x00, 0x41, 0x00, 0x21, 0x00, 0x20, 0x00, 0x20, 0x00, 0x21, 0x00, 0x21,
    0x00, 0x41, 0x00, 0x41, 0x00, 0x21, 0x00, 0x21, 0x00, 0x20, 0x00, 0x20, 0x00, 0x21, 0x00, 0x21,
    0x00, 0x21, 0x00, 0x21, 0x00, 0x41, 0x00, 0x41, 0x00, 0x20, 0x00, 0x20, 0x00, 0x20, 0x00, 0x20,
    0x00, 0x20, 0x00, 0x21, 0x00, 0x21, 0x00, 0x21, 0x00, 0x43, 0x19, 0x69, 0x22, 0x0C, 0x21, 0xEC,
    0x21, 0xEA, 0x19, 0xA8, 0x29, 0xE6, 0x53, 0x28, 0x74, 0x09, 0x8C, 0xCB, 0x95, 0x0B, 0x95, 0x0A,
    0x94, 0xC9, 0x00, 0x21, 0x00, 0x21, 0x00, 0x21, 0x00, 0x21, 0x00, 0x41, 0x00, 0x21, 0x00, 0x21,
    0x00, 0x21, 0x00, 0x21, 0x00, 0x41, 0x00, 0x41, 0x08, 0x42, 0x08, 0xA3, 0x6C, 0x93, 0x75, 0x97,
    0x6D, 0xD8, 0x6D, 0xB8, 0x6D, 0xB8, 0x6D, 0xB9, 0x65, 0xB8, 0x4C, 0xD5, 0x54, 0xF6, 0x65, 0xB8,
    0x6D, 0xB8, 0x6D, 0xB9, 0x65, 0xD9, 0x65, 0xB8, 0x65, 0xB8, 0x65, 0xB8, 0x65, 0xB8, 0x65, 0xB8,
    0x65, 0xB9, 0x65, 0xB9, 0x6D, 0xD9, 0x6D, 0xB8, 0x75, 0x98, 0x6D, 0x36, 0x32, 0x8C, 0x11, 0x47,
    0x75, 0x36, 0x6D, 0xB8, 0x6D, 0xB8, 0x65, 0xB9, 0x65, 0xB9, 0x65, 0xB9, 0x65, 0xB8, 0x65, 0xB8,
    0x65, 0xB8, 0x65, 0xB8, 0x65, 0xB8, 0x65, 0xB8, 0x65, 0xB8, 0x65, 0xB8, 0x65, 0xB8, 0x65, 0xB8,
    0x6D, 0xB8, 0x6D, 0xB8, 0x6D, 0xB8, 0x6D, 0xB8, 0x65, 0xB8, 0x65, 0xB8, 0x65, 0xB8, 0x65, 0xB8,
    0x65, 0xB8, 0x65, 0xB8, 0x6D, 0xB8, 0x6D, 0xB8, 0x6D, 0xB8, 0x6D, 0x56, 0x21, 0xA8, 0x00, 0x01,
    0x00, 0x00, 0x21, 0xA7, 0x6C, 0xF5, 0x75, 0x57, 0x5C, 0xD5, 0x3B, 0x90, 0x2B, 0x0E, 0x4B, 0xD1,
    0x64, 0xD5, 0x6D, 0x57, 0x6D, 0x98, 0x6D, 0xB8, 0x6D, 0xB8, 0x75, 0x36, 0x29, 0xE8, 0x00, 0x21,
    0x00, 0x00, 0x00, 0x20, 0x00, 0x20, 0x00, 0x21, 0x00, 0x21, 0x00, 0x21, 0x00, 0x21, 0x00, 0x41,
    0x00, 0x41, 0x00, 0x41, 0x00, 0x21, 0x00, 0x20, 0x00, 0x21, 0x00, 0x41, 0x00, 0x41, 0x00, 0x41,
    0x00, 0x41, 0x00, 0x21, 0x00, 0x21, 0x00, 0x20, 0x00, 0x20, 0x00, 0x20, 0x00, 0x21, 0x00, 0x21,
    0x00, 0x41, 0x00, 0x41, 0x00, 0x41, 0x00, 0x21, 0x00, 0x21, 0x00, 0x20, 0x00, 0x21, 0x00, 0x21,
    0x00, 0x21, 0x00, 0x21, 0x00, 0x22, 0x08, 0xA5, 0x2A, 0x0C, 0x2A, 0x2D, 0x22, 0x0D, 0x1A, 0x0D,
    0x22, 0x2D, 0x19, 0xEC, 0x11, 0xAA, 0x21, 0xC9, 0x29, 0xE7, 0x53, 0x07, 0x74, 0x09, 0x94, 0xCB,
    0x00, 0x01, 0x00, 0x21, 0x00, 0x21, 0x00, 0x21, 0x00, 0x21, 0x00, 0x21, 0x00, 0x21, 0x00, 0x20,
    0x00, 0x20, 0x00, 0x62, 0x19, 0x05, 0x5B, 0x2D, 0x32, 0x6B, 0x7D, 0x77, 0x75, 0xB8, 0x6D, 0xB8,
    0x65, 0xB8, 0x65, 0xB9, 0x6D, 0xB9, 0x6D, 0xB8, 0x4C, 0xB4, 0x5C, 0xF5, 0x6D, 0xB8, 0x6D, 0xB8,
    0x6D, 0xB8, 0x65, 0xD8, 0x6D, 0xB9, 0x65, 0xB8, 0x65, 0xB8, 0x65, 0xB8, 0x65, 0xB8, 0x65, 0xB8,
    0x65, 0xB9, 0x65, 0xB8, 0x6D, 0xB8, 0x6D, 0x98, 0x6D, 0x36, 0x53, 0x70, 0x11, 0x27, 0x75, 0x16,
    0x6D, 0xB8, 0x6D, 0xB8, 0x65, 0xB8, 0x65, 0xB9, 0x65, 0xB9, 0x65, 0xB8, 0x65, 0xB8, 0x65, 0xB8,
    0x65, 0xB8, 0x65, 0xB8, 0x65, 0xB8, 0x65, 0xB8, 0x65, 0xB8, 0x65, 0xB8, 0x65, 0xB8, 0x65, 0xB8,
    0x6D, 0xB8, 0x6D, 0xB8, 0x65, 0xB8, 0x65, 0xB8, 0x65, 0xB8, 0x65, 0xB8, 0x65, 0xB8, 0x65, 0xB8,
    0x65, 0xB8, 0x65, 0xB8, 0x65, 0xB8, 0x6D, 0xB8, 0x6D, 0x77, 0x32, 0xED, 0x00, 0x83, 0x00, 0x22,
    0x53, 0xD0, 0x6D, 0x97, 0x6D, 0xB8, 0x6D, 0x98, 0x6D, 0x98, 0x65, 0x36, 0x54, 0x53, 0x33, 0x0E,
    0x2A, 0xCD, 0x43, 0xD1, 0x5C, 0xB4, 0x75, 0x36, 0x5C, 0x32, 0x00, 0x22, 0x00, 0x01, 0x00, 0x00,
    0x00, 0x00, 0x00, 0x20, 0x00, 0x20, 0x00, 0x21, 0x00, 0x21, 0x00, 0x41, 0x00, 0x41, 0x08, 0x61,
    0x00, 0x41, 0x00, 0x20, 0x00, 0x20, 0x00, 0x41, 0x00, 0x41, 0x00, 0x61, 0x00, 0x41, 0x00, 0x41,
    0x00, 0x20, 0x00, 0x20, 0x00, 0x20, 0x00, 0x20, 0x00, 0x20, 0x00, 0x20, 0x00, 0x20, 0x00, 0x20,
    0x00, 0x41, 0x00, 0x21, 0x00, 0x21, 0x00, 0x21, 0x00, 0x20, 0x00, 0x41, 0x00, 0x21, 0x00, 0x21,
    0x00, 0x21, 0x00, 0x22, 0x11, 0x28, 0x2A, 0x0C, 0x22, 0x0D, 0x19, 0xED, 0x1A, 0x0E, 0x1A, 0x2E,
    0x1A, 0x2E, 0x1A, 0x0D, 0x12, 0x0D, 0x11, 0xEC, 0x11, 0xAA, 0x19, 0x88, 0x3A, 0x26, 0x00, 0x21,
    0x00, 0x21, 0x00, 0x21, 0x00, 0x41, 0x00, 0x21, 0x00, 0x21, 0x00, 0x21, 0x00, 0x20, 0x00, 0x20,
    0x00, 0x21, 0x21, 0x86, 0x21, 0xC8, 0x5C, 0x52, 0x75, 0x97, 0x6D, 0xB8, 0x65, 0xB8, 0x65, 0xB9,
    0x65, 0xD9, 0x6D, 0xB9, 0x6D, 0xB9, 0x54, 0xF5, 0x5C, 0xD5, 0x6D, 0xB8, 0x6D, 0xB8, 0x6D, 0xB8,
    0x6D, 0xB8, 0x6D, 0xB8, 0x6D, 0xB8, 0x65, 0xB8, 0x65, 0xB8, 0x65, 0xB8, 0x65, 0xB8, 0x65, 0xB8,
    0x65, 0xB8, 0x65, 0x97, 0x65, 0x56, 0x5C, 0x73, 0x42, 0xCD, 0x21, 0x68, 0x75, 0x16, 0x6D, 0xB8,
    0x6D, 0xB8, 0x65, 0xB8, 0x65, 0xB9, 0x65, 0xB9, 0x65, 0xB8, 0x65, 0xB8, 0x65, 0xB8, 0x65, 0xB8,
    0x65, 0xB8, 0x65, 0xB8, 0x65, 0xB8, 0x65, 0xB8, 0x65, 0xB8, 0x65, 0xB8, 0x65, 0xB9, 0x65, 0xB9,
    0x65, 0xB8, 0x65, 0xB8, 0x65, 0xB8, 0x65, 0xB8, 0x65, 0xB8, 0x65, 0xB8, 0x65, 0xB8, 0x65, 0xB8,
    0x65, 0xB8, 0x65, 0xB8, 0x65, 0xB8, 0x6D, 0xB8, 0x6D, 0x36, 0x4B, 0xF1, 0x43, 0xB0, 0x6D, 0x57,
    0x6D, 0xB8, 0x65, 0xB8, 0x65, 0xB8, 0x6D, 0xB8, 0x6D, 0xB8, 0x75, 0x98, 0x75, 0x98, 0x65, 0x16,
    0x54, 0x73, 0x3B, 0x6F, 0x2B, 0x0E, 0x32, 0xCC, 0x00, 0x63, 0x00, 0x01, 0x00, 0x00, 0x00, 0x20,
    0x00, 0x20, 0x00, 0x20, 0x00, 0x20, 0x00, 0x20, 0x00, 0x20, 0x08, 0x61, 0x08, 0x82, 0x00, 0x41,
    0x00, 0x20, 0x00, 0x20, 0x00, 0x41, 0x00, 0x61, 0x08, 0x61, 0x00, 0x41, 0x00, 0x40, 0x00, 0x20,
    0x00, 0x20, 0x00, 0x20, 0x00, 0x20, 0x00, 0x20, 0x00, 0x20, 0x00, 0x20, 0x00, 0x20, 0x00, 0x21,
    0x00, 0x21, 0x00, 0x41, 0x08, 0x61, 0x00, 0x41, 0x00, 0x41, 0x00, 0x21, 0x00, 0x00, 0x00, 0x01,
    0x00, 0x22, 0x00, 0xA6, 0x11, 0x6A, 0x11, 0xCC, 0x11, 0xED, 0x12, 0x0E, 0x12, 0x2E, 0x12, 0x2D,
    0x12, 0x0D, 0x11, 0xED, 0x11, 0xCD, 0x19, 0xCD, 0x21, 0xED, 0x31, 0xCB, 0x00, 0x21, 0x00, 0x21,
    0x00, 0x21, 0x00, 0x21, 0x00, 0x41, 0x00, 0x21, 0x00, 0x21, 0x00, 0x21, 0x00, 0x20, 0x00, 0x21,
    0x3A, 0x4A, 0x42, 0xCC, 0x6D, 0x36, 0x6D, 0x97, 0x65, 0xB8, 0x65, 0xB8, 0x65, 0xB9, 0x65, 0xD9,
    0x6D, 0xB9, 0x6D, 0xB8, 0x5D, 0x16, 0x54, 0x94, 0x75, 0x98, 0x7D, 0x97, 0x6D, 0x36, 0x5C, 0xB4,
    0x75, 0x77, 0x6D, 0x98, 0x6D, 0xB8, 0x65, 0xB8, 0x65, 0xD8, 0x65, 0xD8, 0x65, 0xD8, 0x6D, 0xB8,
    0x65, 0x57, 0x5C, 0xD5, 0x33, 0x0D, 0x00, 0x84, 0x18, 0xE6, 0x74, 0xF5, 0x6D, 0xB8, 0x65, 0xB8,
    0x65, 0xB8, 0x65, 0xB8, 0x65, 0xB9, 0x65, 0xB8, 0x65, 0xB8, 0x65, 0xB8, 0x65, 0xB8, 0x65, 0xB8,
    0x65, 0xB8, 0x65, 0xB8, 0x65, 0xB8, 0x65, 0xB8, 0x65, 0xB8, 0x65, 0xB8, 0x65, 0xB8, 0x65, 0xB8,
    0x65, 0xB8, 0x65, 0xB8, 0x65, 0xB8, 0x65, 0xB8, 0x65, 0xB8, 0x65, 0xB8, 0x65, 0xB8, 0x65, 0xB8,
    0x65, 0xB8, 0x65, 0xB8, 0x6D, 0xB8, 0x6D, 0x98, 0x6D, 0x98, 0x6D, 0x98, 0x6D, 0xB8, 0x65, 0xB8,
    0x65, 0xB8, 0x65, 0xB8, 0x65, 0xB8, 0x6D, 0xB8, 0x6D, 0xB8, 0x6D, 0xB8, 0x6D, 0xB8, 0x6D, 0xB8,
    0x6D, 0x98, 0x6D, 0x56, 0x64, 0x73, 0x32, 0x8B, 0x00, 0x21, 0x00, 0x00, 0x00, 0x20, 0x00, 0x20,
    0x00, 0x20, 0x00, 0x20, 0x00, 0x20, 0x00, 0x20, 0x00, 0x20, 0x00, 0x20, 0x00, 0x20, 0x00, 0x20,
    0x00, 0x20, 0x00, 0x20, 0x00, 0x41, 0x08, 0x61, 0x00, 0x41, 0x00, 0x20, 0x00, 0x20, 0x00, 0x20,
    0x00, 0x20, 0x00, 0x20, 0x00, 0x20, 0x00, 0x20, 0x00, 0x20, 0x00, 0x20, 0x00, 0x20, 0x00, 0x21,
    0x00, 0x41, 0x00, 0x61, 0x00, 0x41, 0x00, 0x41, 0x00, 0x21, 0x00, 0x21, 0x00, 0x01, 0x00, 0x23,
    0x00, 0x86, 0x09, 0x6A, 0x11, 0xEC, 0x12, 0x0D, 0x12, 0x0D, 0x12, 0x2E, 0x12, 0x2E, 0x12, 0x0E,
    0x12, 0x0E, 0x19, 0xEE, 0x19, 0xEE, 0x21, 0xEE, 0x31, 0xCD, 0x00, 0x21, 0x00, 0x21, 0x00, 0x21,
    0x00, 0x21, 0x00, 0x41, 0x00, 0x41, 0x00, 0x21, 0x00, 0x41, 0x00, 0x20, 0x00, 0x20, 0x00, 0x42,
    0x3A, 0xCC, 0x75, 0x76, 0x65, 0x98, 0x65, 0xB8, 0x6D, 0xB8, 0x65, 0xB8, 0x65, 0xB9, 0x6D, 0xB9,
    0x6D, 0x98, 0x65, 0x36, 0x43, 0xD1, 0x6C, 0x94, 0x5B, 0xD0, 0x2A, 0x2A, 0x09, 0x05, 0x53, 0xB0,
    0x6C, 0xF5, 0x75, 0x77, 0x6D, 0xB8, 0x65, 0xB8, 0x65, 0xD8, 0x6D, 0xB8, 0x6D, 0xB8, 0x65, 0x57,
    0x64, 0xF5, 0x53, 0xF1, 0x00, 0x64, 0x00, 0x44, 0x6C, 0xB5, 0x6D, 0xB8, 0x65, 0xB8, 0x65, 0xB8,
    0x65, 0xB8, 0x65, 0xB9, 0x65, 0xB8, 0x65, 0xB8, 0x65, 0xB8, 0x65, 0xB8, 0x65, 0xB8, 0x65, 0xB8,
    0x65, 0xB8, 0x65, 0xB8, 0x65, 0xB8, 0x65, 0xB8, 0x65, 0xB8, 0x65, 0xB8, 0x65, 0xB8, 0x65, 0xB8,
    0x65, 0xB8, 0x65, 0xB8, 0x65, 0xB8, 0x65, 0xB8, 0x65, 0xB8, 0x65, 0xB8, 0x65, 0xB8, 0x5D, 0xB8,
    0x65, 0xB8, 0x65, 0xB8, 0x65, 0xB8, 0x65, 0xB8, 0x65, 0xB8, 0x65, 0xB8, 0x65, 0xB8, 0x65, 0xB8,
    0x65, 0xB8, 0x65, 0xB8, 0x65, 0xB8, 0x65, 0xD8, 0x65, 0xB8, 0x65, 0xB8, 0x6D, 0xB8, 0x6D, 0xB8,
    0x6D, 0xB8, 0x75, 0x77, 0x53, 0xD0, 0x00, 0x83, 0x00, 0x21, 0x00, 0x21, 0x00, 0x20, 0x00, 0x20,
    0x00, 0x20, 0x00, 0x20, 0x00, 0x20, 0x00, 0x20, 0x00, 0x20, 0x00, 0x20, 0x00, 0x20, 0x00, 0x20,
    0x00, 0x20, 0x00, 0x41, 0x08, 0x62, 0x00, 0x21, 0x00, 0x20, 0x00, 0x20, 0x00, 0x20, 0x00, 0x20,
    0x00, 0x20, 0x00, 0x20, 0x00, 0x00, 0x00, 0x20, 0x00, 0x20, 0x00, 0x21, 0x00, 0x21, 0x00, 0x21,
    0x00, 0x41, 0x00, 0x41, 0x00, 0x41, 0x00, 0x42, 0x00, 0x42, 0x00, 0x84, 0x11, 0x49, 0x19, 0xCB,
    0x1A, 0x0D, 0x12, 0x0D, 0x12, 0x0D, 0x0A, 0x0D, 0x0A, 0x0E, 0x12, 0x0E, 0x12, 0x2E, 0x12, 0x2E,
    0x1A, 0x4F, 0x1A, 0x0E, 0x19, 0xED, 0x29, 0xCD, 0x00, 0x41, 0x00, 0x41, 0x00, 0x41, 0x00, 0x41,
    0x00, 0x41, 0x00, 0x21, 0x00, 0x20, 0x00, 0x20, 0x00, 0x20, 0x00, 0x00, 0x00, 0x21, 0x3A, 0xCC,
    0x75, 0x77, 0x6D, 0xB8, 0x6D, 0xB8, 0x6D, 0xB8, 0x65, 0xB8, 0x65, 0xB8, 0x65, 0xB8, 0x6D, 0x98,
    0x65, 0x15, 0x3A, 0xED, 0x00, 0x84, 0x00, 0x01, 0x00, 0x01, 0x00, 0x01, 0x00, 0x01, 0x22, 0x09,
    0x75, 0x16, 0x75, 0xB8, 0x6D, 0xB8, 0x6D, 0xD8, 0x6D, 0xB9, 0x6D, 0xB8, 0x65, 0x57, 0x64, 0xF5,
    0x6C, 0x94, 0x32, 0x0A, 0x00, 0x23, 0x6C, 0xB4, 0x6D, 0x98, 0x65, 0xB8, 0x65, 0xB8, 0x65, 0xB8,
    0x65, 0xB9, 0x65, 0xB8, 0x65, 0xB8, 0x65, 0xB8, 0x65, 0xB8, 0x65, 0xB8, 0x65, 0xB8, 0x65, 0xB8,
    0x65, 0xB8, 0x65, 0xB8, 0x65, 0xB8, 0x65, 0xB8, 0x65, 0xB8, 0x65, 0xB8, 0x65, 0xB8, 0x65, 0xB8,
    0x65, 0xB8, 0x65, 0xB8, 0x65, 0xB8, 0x65, 0xB8, 0x65, 0xB8, 0x65, 0xB8, 0x5D, 0xB8, 0x65, 0xB8,
    0x65, 0xB8, 0x65, 0xB8, 0x65, 0xB8, 0x65, 0xB8, 0x65, 0xB8, 0x65, 0xB8, 0x65, 0xB8, 0x65, 0xB8,
    0x65, 0xB8, 0x65, 0xB8, 0x65, 0xB8, 0x65, 0xB8, 0x65, 0xB8, 0x65, 0xB8, 0x6D, 0xB8, 0x6D, 0xB8,
    0x75, 0x98, 0x75, 0x16, 0x4B, 0x6E, 0x00, 0xA3, 0x00, 0x21, 0x00, 0x20, 0x00, 0x20, 0x00, 0x20,
    0x00, 0x20, 0x00, 0x20, 0x00, 0x20, 0x00, 0x20, 0x00, 0x20, 0x00, 0x20, 0x00, 0x41, 0x00, 0x41,
    0x08, 0x62, 0x08, 0x82, 0x00, 0x21, 0x00, 0x20, 0x00, 0x20, 0x00, 0x20, 0x00, 0x20, 0x00, 0x20,
    0x00, 0x20, 0x00, 0x00, 0x00, 0x20, 0x00, 0x20, 0x00, 0x21, 0x00, 0x21, 0x00, 0x21, 0x00, 0x40,
    0x00, 0x41, 0x00, 0x62, 0x00, 0x63, 0x08, 0xC5, 0x11, 0x69, 0x19, 0xEC, 0x12, 0x0D, 0x12, 0x0D,
    0x0A, 0x0D, 0x0A, 0x0D, 0x0A, 0x0D, 0x0A, 0x0E, 0x12, 0x2E, 0x12, 0x2E, 0x1A, 0x2E, 0x1A, 0x2E,
    0x12, 0x0E, 0x19, 0xED, 0x21, 0xED, 0x00, 0x41, 0x00, 0x41, 0x00, 0x41, 0x00, 0x41, 0x00, 0x41,
    0x08, 0x61, 0x00, 0x40, 0x00, 0x20, 0x00, 0x20, 0x00, 0x00, 0x21, 0xC7, 0x64, 0x73, 0x75, 0x97,
    0x6D, 0xB8, 0x6D, 0xB8, 0x6D, 0xB9, 0x65, 0xB8, 0x65, 0xB8, 0x6D, 0x98, 0x65, 0x56, 0x6C, 0xD4,
    0x32, 0x6B, 0x00, 0x22, 0x00, 0x22, 0x00, 0x21, 0x00, 0x01, 0x00, 0x01, 0x21, 0x87, 0x6C, 0xD4,
    0x75, 0x97, 0x6D, 0xB8, 0x65, 0xD8, 0x6D, 0xB8, 0x6D, 0xB8, 0x65, 0x36, 0x54, 0x73, 0x53, 0xD1,
    0x21, 0x88, 0x00, 0x24, 0x64, 0x73, 0x6D, 0xB8, 0x65, 0xB8, 0x65, 0xB8, 0x65, 0xB8, 0x65, 0xB8,
    0x65, 0xB8, 0x65, 0xB8, 0x65, 0xB8, 0x65, 0xB8, 0x65, 0xB8, 0x65, 0xB8, 0x65, 0xB8, 0x65, 0xB8,
    0x65, 0xB8, 0x65, 0xB8, 0x65, 0xB8, 0x65, 0xB8, 0x65, 0xB8, 0x65, 0xB8, 0x65, 0xB8, 0x65, 0xB8,
    0x65, 0xB8, 0x65, 0xB8, 0x65, 0xB8, 0x65, 0xB8, 0x5D, 0xB8, 0x5D, 0xB8, 0x65, 0xB8, 0x65, 0xB8,
    0x65, 0xB8, 0x65, 0xB8, 0x65, 0xB8, 0x65, 0xB8, 0x65, 0xB8, 0x65, 0xB8, 0x65, 0xB8, 0x65, 0xB8,
    0x65, 0xB9, 0x65, 0xB9, 0x65, 0xB8, 0x65, 0xB8, 0x65, 0xB8, 0x6D, 0xB8, 0x6D, 0xB8, 0x6D, 0x97,
    0x64, 0xD5, 0x54, 0x11, 0x3A, 0xCC, 0x00, 0x83, 0x00, 0x21, 0x00, 0x00, 0x00, 0x20, 0x00, 0x20,
    0x00, 0x20, 0x00, 0x20, 0x00, 0x20, 0x00, 0x20, 0x00, 0x41, 0x00, 0x61, 0x00, 0x41, 0x00, 0x41,
    0x00, 0x41, 0x00, 0x20, 0x00, 0x20, 0x00, 0x20, 0x00, 0x20, 0x00, 0x20, 0x00, 0x20, 0x00, 0x20,
    0x00, 0x20, 0x00, 0x20, 0x00, 0x20, 0x00, 0x21, 0x00, 0x21, 0x00, 0x20, 0x00, 0x20, 0x00, 0x40,
    0x00, 0x41, 0x00, 0x84, 0x08, 0xE7, 0x09, 0x49, 0x11, 0xCC, 0x12, 0x0D, 0x12, 0x0D, 0x0A, 0x0D,
    0x0A, 0x0D, 0x0A, 0x0D, 0x12, 0x2E, 0x12, 0x2E, 0x1A, 0x4E, 0x1A, 0x4F, 0x1A, 0x2E, 0x1A, 0x0E,
    0x1A, 0x0D, 0x21, 0xED, 0x00, 0x41, 0x00, 0x21, 0x00, 0x41, 0x00, 0x41, 0x00, 0x41, 0x00, 0x41,
    0x00, 0x41, 0x00, 0x41, 0x00, 0x21, 0x00, 0x21, 0x5B, 0xAF, 0x7D, 0x77, 0x6D, 0xB8, 0x6D, 0xD8,
    0x6D, 0xB8, 0x6D, 0xB8, 0x65, 0xB8, 0x65, 0xB8, 0x6D, 0x98, 0x5C, 0xF5, 0x53, 0xF1, 0x19, 0x46,
    0x00, 0x22, 0x00, 0x21, 0x00, 0x21, 0x00, 0x21, 0x00, 0x01, 0x10, 0xE4, 0x43, 0x6F, 0x6D, 0x56,
    0x6D, 0xB8, 0x65, 0xD8, 0x65, 0xB8, 0x6D, 0xB8, 0x65, 0x57, 0x3B, 0xB0, 0x3A, 0xEE, 0x29, 0xCA,
    0x3A, 0x0B, 0x64, 0x73, 0x6D, 0x98, 0x65, 0xB8, 0x65, 0xB8, 0x65, 0xB8, 0x65, 0xB8, 0x65, 0xB8,
    0x65, 0xB8, 0x65, 0xB8, 0x65, 0xB8, 0x65, 0xB8, 0x65, 0xB8, 0x65, 0xB8, 0x65, 0xB8, 0x65, 0xB8,
    0x65, 0xB8, 0x65, 0xB8, 0x65, 0xB8, 0x65, 0xB8, 0x65, 0xB8, 0x65, 0xB8, 0x65, 0xB8, 0x65, 0xB8,
    0x65, 0xB8, 0x65, 0xB8, 0x65, 0xB8, 0x65, 0xB8, 0x65, 0xB8, 0x65, 0xB8, 0x65, 0xB8, 0x65, 0xB8,
    0x5D, 0xB8, 0x5D, 0xB8, 0x65, 0xB8, 0x65, 0xB8, 0x65, 0xB8, 0x65, 0xB8, 0x65, 0xB8, 0x65, 0xB9,
    0x65, 0xB8, 0x65, 0xB8, 0x65, 0xB8, 0x65, 0xB8, 0x65, 0xB8, 0x6D, 0xB8, 0x6D, 0x77, 0x5C, 0xD5,
    0x43, 0xB0, 0x43, 0x6F, 0x42, 0xCC, 0x00, 0x62, 0x00, 0x21, 0x00, 0x21, 0x00, 0x21, 0x00, 0x20,
    0x00, 0x40, 0x08, 0x61, 0x00, 0x20, 0x00, 0x41, 0x00, 0x21, 0x00, 0x20, 0x00, 0x20, 0x00, 0x20,
    0x00, 0x20, 0x00, 0x20, 0x00, 0x20, 0x00, 0x20, 0x00, 0x20, 0x00, 0x20, 0x00, 0x20, 0x00, 0x20,
    0x00, 0x21, 0x00, 0x21, 0x00, 0x21, 0x00, 0x20, 0x00, 0x21, 0x00, 0x21, 0x00, 0x21, 0x00, 0x22,
    0x00, 0x43, 0x00, 0x45, 0x01, 0x09, 0x11, 0xCC, 0x12, 0x0D, 0x0A, 0x0D, 0x0A, 0x0D, 0x0A, 0x0D,
    0x0A, 0x2E, 0x12, 0x2E, 0x12, 0x2E, 0x12, 0x2E, 0x12, 0x0E, 0x12, 0x2E, 0x1A, 0x2E, 0x1A, 0x0E,
    0x2A, 0x0D, 0x00, 0x21, 0x00, 0x21, 0x00, 0x41, 0x00, 0x40, 0x00, 0x40, 0x00, 0x40, 0x00, 0x41,
    0x00, 0x61, 0x00, 0x41, 0x00, 0x21, 0x6C, 0x72, 0x7D, 0xB8, 0x6D, 0xB8, 0x6D, 0xB8, 0x65, 0xB8,
    0x6D, 0xB8, 0x65, 0xD8, 0x6D, 0xB8, 0x6D, 0x98, 0x6D, 0x36, 0x32, 0xAC, 0x08, 0x63, 0x08, 0x21,
    0x08, 0x21, 0x00, 0x21, 0x00, 0x21, 0x10, 0xA4, 0x63, 0xF1, 0x7D, 0x56, 0x6D, 0x77, 0x6D, 0xB8,
    0x65, 0xD8, 0x65, 0xB8, 0x6D, 0xB9, 0x6D, 0x78, 0x4C, 0x12, 0x3A, 0xEE, 0x19, 0x88, 0x31, 0xEA,
    0x6C, 0xB4, 0x6D, 0xB8, 0x65, 0xB8, 0x65, 0xB8, 0x65, 0xB8, 0x65, 0xB8, 0x65, 0xB8, 0x65, 0xB8,
    0x65, 0xB8, 0x65, 0xB8, 0x65, 0xB8, 0x65, 0xB8, 0x65, 0xB8, 0x65, 0xB8, 0x65, 0xB8, 0x65, 0xB8,
    0x65, 0xB8, 0x65, 0xB8, 0x65, 0xB8, 0x65, 0xB8, 0x65, 0xB8, 0x65, 0xB8, 0x65, 0xB8, 0x65, 0xB8,
    0x65, 0xB8, 0x65, 0xB8, 0x65, 0xB8, 0x65, 0xB8, 0x65, 0xB8, 0x65, 0xB8, 0x65, 0xB8, 0x65, 0xB8,
    0x5D, 0xB8, 0x65, 0xB8, 0x65, 0xB8, 0x65, 0xB8, 0x65, 0xB8, 0x65, 0xB8, 0x65, 0xB9, 0x65, 0xB8,
    0x65, 0xB8, 0x65, 0xB8, 0x65, 0xB8, 0x65, 0xB8, 0x65, 0xB8, 0x6D, 0xB8, 0x6D, 0x77, 0x4C, 0x12,
    0x64, 0x73, 0x6C, 0x53, 0x11, 0x05, 0x00, 0x42, 0x00, 0x21, 0x00, 0x21, 0x00, 0x21, 0x00, 0x21,
    0x08, 0x61, 0x08, 0x61, 0x00, 0x41, 0x00, 0x20, 0x00, 0x20, 0x00, 0x20, 0x00, 0x20, 0x00, 0x20,
    0x00, 0x20, 0x00, 0x40, 0x00, 0x41, 0x00, 0x21, 0x00, 0x20, 0x00, 0x20, 0x00, 0x21, 0x00, 0x21,
    0x00, 0x21, 0x00, 0x20, 0x00, 0x20, 0x00, 0x21, 0x00, 0x22, 0x00, 0x22, 0x00, 0x44, 0x00, 0xC6,
    0x11, 0x49, 0x11, 0xCC, 0x11, 0xED, 0x0A, 0x0D, 0x0A, 0x0D, 0x0A, 0x0D, 0x0A, 0x2E, 0x0A, 0x2E,
    0x12, 0x2E, 0x12, 0x2E, 0x12, 0x2E, 0x1A, 0x2E, 0x1A, 0x2E, 0x1A, 0x2E, 0x1A, 0x2E, 0x32, 0x2E,
    0x00, 0x22, 0x00, 0x42, 0x00, 0x41, 0x00, 0x21, 0x00, 0x20, 0x00, 0x40, 0x00, 0x41, 0x00, 0x61,
    0x00, 0x41, 0x00, 0x21, 0x64, 0x31, 0x75, 0xB8, 0x6D, 0xB8, 0x65, 0xB8, 0x65, 0xB8, 0x65, 0xB8,
    0x65, 0xD8, 0x6D, 0xB8, 0x6D, 0xB8, 0x6D, 0x16, 0x3A, 0xAC, 0x08, 0x22, 0x08, 0x22, 0x08, 0x42,
    0x08, 0x42, 0x00, 0x21, 0x10, 0xE5, 0x6C, 0x52, 0x75, 0x77, 0x6D, 0xB8, 0x65, 0xB8, 0x65, 0xB8,
    0x65, 0xB9, 0x6D, 0xD9, 0x6D, 0x98, 0x6D, 0x36, 0x5C, 0x33, 0x3A, 0xAD, 0x08, 0xA6, 0x64, 0x74,
    0x6D, 0xB8, 0x65, 0xB8, 0x65, 0xB8, 0x65, 0xB8, 0x65, 0xB8, 0x65, 0xB8, 0x65, 0xB8, 0x65, 0xB8,
    0x65, 0xB8, 0x65, 0xB8, 0x65, 0xB8, 0x65, 0xB8, 0x65, 0xB8, 0x65, 0xB8, 0x65, 0xB8, 0x65, 0xB8,
    0x65, 0xB8, 0x65, 0xB8, 0x65, 0xB8, 0x65, 0xB8, 0x65, 0xB8, 0x65, 0xB8, 0x65, 0xB8, 0x65, 0xB8,
    0x65, 0xB8, 0x65, 0xB8, 0x65, 0xB8, 0x65, 0xB8, 0x65, 0xB8, 0x65, 0xB8, 0x65, 0xB8, 0x65, 0xB8,
    0x65, 0xB8, 0x65, 0xB8, 0x65, 0xB8, 0x65, 0xB8, 0x65, 0xB8, 0x65, 0xB8, 0x65, 0xB8, 0x65, 0x98,
    0x65, 0x98, 0x6D, 0xB8, 0x6D, 0xB8, 0x6D, 0xB8, 0x6D, 0xB8, 0x75, 0x98, 0x64, 0xF6, 0x5C, 0x53,
    0x64, 0x33, 0x53, 0x6F, 0x42, 0xAC, 0x00, 0x42, 0x00, 0x42, 0x00, 0x62, 0x00, 0x41, 0x08, 0x62,
    0x08, 0x82, 0x00, 0x20, 0x00, 0x20, 0x00, 0x20, 0x00, 0x20, 0x00, 0x20, 0x00, 0x20, 0x00, 0x41,
    0x00, 0x41, 0x00, 0x41, 0x00, 0x21, 0x00, 0x21, 0x00, 0x21, 0x00, 0x21, 0x00, 0x21, 0x00, 0x21,
    0x00, 0x21, 0x00, 0x22, 0x00, 0x22, 0x00, 0x64, 0x08, 0xC7, 0x11, 0x6A, 0x19, 0xCB, 0x11, 0xCC,
    0x11, 0xEC, 0x0A, 0x0D, 0x0A, 0x0D, 0x0A, 0x0D, 0x0A, 0x2E, 0x0A, 0x2E, 0x0A, 0x2E, 0x12, 0x2E,
    0x12, 0x2E, 0x12, 0x2E, 0x1A, 0x2E, 0x1A, 0x2E, 0x1A, 0x2E, 0x22, 0x2E, 0x32, 0x2E, 0x08, 0xC4,
    0x00, 0x62, 0x00, 0x62, 0x00, 0x21, 0x00, 0x21, 0x00, 0x21, 0x00, 0x21, 0x00, 0x41, 0x00, 0x21,
    0x00, 0x01, 0x5B, 0xCF, 0x75, 0x97, 0x65, 0xB8, 0x65, 0xB8, 0x65, 0xB8, 0x65, 0xB8, 0x6D, 0xD8,
    0x6D, 0xB8, 0x6D, 0xB8, 0x64, 0xF5, 0x11, 0x46, 0x08, 0x23, 0x10, 0x42, 0x08, 0x42, 0x08, 0x42,
    0x08, 0x22, 0x08, 0x63, 0x53, 0x8F, 0x75, 0x97, 0x6D, 0xB8, 0x65, 0xB8, 0x65, 0xD8, 0x65, 0xB8,
    0x6D, 0xB8, 0x6D, 0xB8, 0x75, 0x77, 0x6C, 0xF5, 0x4B, 0x4F, 0x08, 0xA5, 0x6C, 0x94, 0x75, 0xB8,
    0x6D, 0xB8, 0x65, 0xB8, 0x65, 0xB8, 0x65, 0xB8, 0x65, 0xB8, 0x65, 0xB8, 0x65, 0xB8, 0x65, 0xB8,
    0x65, 0xB8, 0x65, 0xB8, 0x65, 0xB8, 0x65, 0xB8, 0x65, 0xB8, 0x65, 0xB8, 0x65, 0xB8, 0x65, 0xB8,
    0x65, 0xB8, 0x65, 0xB8, 0x65, 0xB8, 0x65, 0xB8, 0x65, 0xB8, 0x65, 0xB8, 0x65, 0xB8, 0x65, 0xB8,
    0x65, 0xB8, 0x65, 0xB8, 0x65, 0xB8, 0x65, 0xB8, 0x65, 0xB8, 0x65, 0xB8, 0x65, 0xB8, 0x65, 0xB8,
    0x65, 0xB8, 0x65, 0xB8, 0x65, 0xB8, 0x65, 0xB8, 0x65, 0xB8, 0x6D, 0x98, 0x5D, 0x36, 0x65, 0x36,
    0x6D, 0x77, 0x6D, 0x98, 0x6D, 0x98, 0x6D, 0x77, 0x75, 0x57, 0x6C, 0xF6, 0x5C, 0x33, 0x43, 0x2F,
    0x21, 0xCA, 0x19, 0x68, 0x00, 0x64, 0x00, 0x22, 0x00, 0x62, 0x00, 0x42, 0x00, 0x41, 0x00, 0x41,
    0x00, 0x20, 0x00, 0x20, 0x00, 0x20, 0x00, 0x20, 0x00, 0x20, 0x00, 0x20, 0x00, 0x21, 0x00, 0x20,
    0x00, 0x20, 0x00, 0x20, 0x00, 0x21, 0x00, 0x21, 0x00, 0x21, 0x00, 0x21, 0x00, 0x21, 0x00, 0x22,
    0x00, 0x43, 0x00, 0xA6, 0x11, 0x69, 0x19, 0xAB, 0x19, 0xEC, 0x11, 0xED, 0x12, 0x0D, 0x0A, 0x0D,
    0x0A, 0x0D, 0x0A, 0x0D, 0x0A, 0x2E, 0x0A, 0x2E, 0x12, 0x2E, 0x12, 0x2E, 0x12, 0x2E, 0x12, 0x2E,
    0x12, 0x2E, 0x12, 0x2E, 0x12, 0x0E, 0x1A, 0x0E, 0x22, 0x0E, 0x32, 0x2E, 0x00, 0x83, 0x00, 0x62,
    0x00, 0x61, 0x00, 0x41, 0x00, 0x21, 0x00, 0x20, 0x00, 0x20, 0x00, 0x21, 0x00, 0x21, 0x00, 0x01,
    0x43, 0x0D, 0x75, 0x97, 0x6D, 0xB8, 0x6D, 0xB8, 0x65, 0xB8, 0x65, 0xB8, 0x6D, 0xB8, 0x6D, 0xB8,
    0x6D, 0xB8, 0x64, 0xF5, 0x08, 0xE4, 0x00, 0x02, 0x08, 0x42, 0x08, 0x42, 0x08, 0x22, 0x08, 0x21,
    0x08, 0xA4, 0x63, 0xF1, 0x7D, 0x97, 0x6D, 0xB8, 0x65, 0xB8, 0x65, 0xD8, 0x65, 0xD8, 0x65, 0xB8,
    0x6D, 0x98, 0x65, 0x36, 0x5C, 0x94, 0x53, 0x90, 0x00, 0x23, 0x64, 0x12, 0x75, 0x98, 0x6D, 0xB8,
    0x65, 0xB8, 0x65, 0xB8, 0x65, 0xB8, 0x65, 0xB8, 0x65, 0xB8, 0x65, 0xB8, 0x65, 0xB8, 0x65, 0xB8,
    0x65, 0xB8, 0x65, 0xB8, 0x65, 0xB8, 0x65, 0xB8, 0x65, 0xB8, 0x65, 0xB8, 0x65, 0xB8, 0x65, 0xB8,
    0x65, 0xB8, 0x65, 0xB8, 0x65, 0xB8, 0x65, 0xB8, 0x65, 0xB8, 0x65, 0xB8, 0x65, 0xB8, 0x65, 0xB8,
    0x65, 0xB8, 0x65, 0xB8, 0x65, 0xB8, 0x65, 0xB8, 0x65, 0xB8, 0x65, 0xB8, 0x65, 0xB8, 0x65, 0xB8,
    0x65, 0xB8, 0x65, 0xB8, 0x65, 0xB8, 0x65, 0xB8, 0x65, 0x57, 0x4C, 0x74, 0x33, 0xB0, 0x33, 0x70,
    0x43, 0xD1, 0x43, 0xF2, 0x3B, 0x4F, 0x22, 0x4B, 0x11, 0xCA, 0x01, 0x49, 0x09, 0x49, 0x09, 0x49,
    0x11, 0x69, 0x08, 0xE6, 0x00, 0x43, 0x00, 0x43, 0x00, 0x22, 0x00, 0x41, 0x00, 0x21, 0x00, 0x20,
    0x00, 0x20, 0x00, 0x20, 0x00, 0x20, 0x00, 0x20, 0x00, 0x20, 0x00, 0x20, 0x00, 0x20, 0x00, 0x20,
    0x00, 0x20, 0x00, 0x21, 0x00, 0x21, 0x00, 0x21, 0x00, 0x22, 0x00, 0x63, 0x00, 0x85, 0x11, 0x49,
    0x19, 0xCC, 0x19, 0xEC, 0x19, 0xED, 0x11, 0xED, 0x12, 0x0D, 0x12, 0x0D, 0x0A, 0x0E, 0x0A, 0x2E,
    0x0A, 0x0E, 0x0A, 0x2E, 0x0A, 0x2E, 0x12, 0x2E, 0x12, 0x2E, 0x12, 0x2E, 0x12, 0x2E, 0x12, 0x2E,
    0x12, 0x0E, 0x12, 0x0E, 0x12, 0x0D, 0x1A, 0x0D, 0x2A, 0x0D, 0x00, 0x42, 0x00, 0x62, 0x00, 0x41,
    0x00, 0x41, 0x00, 0x41, 0x00, 0x20, 0x00, 0x20, 0x00, 0x41, 0x00, 0x42, 0x00, 0x42, 0x32, 0x4A,
    0x7D, 0x76, 0x6D, 0xD8, 0x6D, 0xB8, 0x6D, 0xB8, 0x65, 0xB9, 0x6D, 0xB8, 0x6D, 0xB8, 0x6D, 0xB8,
    0x64, 0xF5, 0x21, 0xA8, 0x00, 0x01, 0x00, 0x22, 0x08, 0x42, 0x00, 0x21, 0x00, 0x21, 0x19, 0x05,
    0x32, 0x29, 0x7D, 0x56, 0x6D, 0xB8, 0x65, 0xB8, 0x65, 0xB8, 0x65, 0xB8, 0x65, 0xB8, 0x6D, 0x98,
    0x5D, 0x16, 0x5C, 0xB4, 0x53, 0xB0, 0x00, 0x23, 0x4B, 0x6F, 0x75, 0x97, 0x65, 0xB8, 0x65, 0xB8,
    0x65, 0xB8, 0x65, 0xB8, 0x65, 0xB8, 0x65, 0xB8, 0x65, 0xB9, 0x65, 0xB8, 0x65, 0xB8, 0x65, 0xB8,
    0x65, 0xB8, 0x65, 0xB8, 0x65, 0xB8, 0x65, 0xB8, 0x65, 0xB8, 0x65, 0xB8, 0x65, 0xB8, 0x65, 0xB8,
    0x65, 0xB8, 0x65, 0xB8, 0x65, 0xB8, 0x65, 0xB8, 0x65, 0xB9, 0x65, 0xB8, 0x65, 0xB8, 0x65, 0xB8,
    0x65, 0xB8, 0x65, 0xB8, 0x65, 0xB9, 0x65, 0xB8, 0x65, 0xB8, 0x65, 0xB8, 0x65, 0xB8, 0x65, 0xB8,
    0x65, 0xB8, 0x65, 0xB8, 0x65, 0x98, 0x5D, 0x16, 0x44, 0x32, 0x4C, 0x53, 0x54, 0x74, 0x5C, 0x74,
    0x5C, 0x74, 0x3B, 0x50, 0x22, 0x6D, 0x01, 0x28, 0x01, 0x29, 0x01, 0x09, 0x00, 0xE8, 0x01, 0x29,
    0x11, 0x8A, 0x11, 0x28, 0x00, 0x64, 0x00, 0x22, 0x00, 0x21, 0x00, 0x21, 0x00, 0x42, 0x00, 0x21,
    0x00, 0x21, 0x00, 0x21, 0x00, 0x20, 0x00, 0x20, 0x00, 0x21, 0x00, 0x21, 0x00, 0x21, 0x00, 0x22,
    0x00, 0x42, 0x00, 0x43, 0x00, 0x23, 0x00, 0x64, 0x09, 0x28, 0x11, 0xCB, 0x19, 0xEC, 0x1A, 0x0D,
    0x12, 0x0D, 0x12, 0x0D, 0x12, 0x0E, 0x12, 0x0E, 0x0A, 0x2E, 0x0A, 0x2E, 0x0A, 0x2E, 0x0A, 0x2E,
    0x0A, 0x2E, 0x12, 0x2E, 0x12, 0x2E, 0x12, 0x4E, 0x12, 0x2E, 0x12, 0x2E, 0x12, 0x0E, 0x12, 0x0E,
    0x12, 0x0E, 0x12, 0x0D, 0x19, 0xED, 0x29, 0xED, 0x00, 0x42, 0x00, 0x62, 0x00, 0x62, 0x00, 0x61,
    0x00, 0x61, 0x00, 0x41, 0x00, 0x41, 0x00, 0x41, 0x00, 0x41, 0x00, 0x21, 0x11, 0x25, 0x74, 0xF4,
    0x75, 0xB8, 0x6D, 0xB8, 0x6D, 0xB8, 0x65, 0xB9, 0x65, 0xB8, 0x6D, 0xB8, 0x6D, 0xB8, 0x6D, 0x56,
    0x32, 0x6B, 0x00, 0x01, 0x00, 0x22, 0x08, 0x42, 0x00, 0x20, 0x00, 0x01, 0x00, 0x22, 0x00, 0x83,
    0x5C, 0x11, 0x75, 0x97, 0x6D, 0xB8, 0x6D, 0xB8, 0x6D, 0xB8, 0x65, 0xB8, 0x6D, 0x98, 0x65, 0x57,
    0x65, 0x36, 0x5B, 0xF1, 0x00, 0x03, 0x53, 0x6F, 0x75, 0x97, 0x65, 0xB8, 0x65, 0xB8, 0x65, 0xB8,
    0x65, 0xB8, 0x65, 0xB8, 0x65, 0xB8, 0x65, 0xB9, 0x65, 0xB9, 0x65, 0xB8, 0x65, 0xB8, 0x65, 0xB8,
    0x65, 0xB8, 0x65, 0xB8, 0x65, 0xB8, 0x65, 0xB8, 0x65, 0xB8, 0x65, 0xB8, 0x65, 0xB8, 0x65, 0xB8,
    0x65, 0xB8, 0x65, 0xB8, 0x65, 0xB8, 0x65, 0xB8, 0x65, 0xB8, 0x65, 0xB8, 0x65, 0xB8, 0x65, 0xB8,
    0x65, 0xB8, 0x65, 0xB8, 0x65, 0xB8, 0x65, 0xB8, 0x65, 0xB8, 0x65, 0xB8, 0x65, 0xB9, 0x6D, 0xB9,
    0x6D, 0xB9, 0x6D, 0x98, 0x65, 0x37, 0x44, 0x53, 0x44, 0x12, 0x3B, 0xD1, 0x2A, 0xEE, 0x12, 0x2C,
    0x09, 0xCB, 0x09, 0xAB, 0x01, 0x29, 0x01, 0x4A, 0x01, 0x6A, 0x11, 0xAC, 0x19, 0xEC, 0x22, 0x0D,
    0x19, 0xEC, 0x11, 0x69, 0x00, 0x64, 0x00, 0x42, 0x00, 0x83, 0x08, 0xC3, 0x00, 0x42, 0x00, 0x21,
    0x00, 0x21, 0x00, 0x21, 0x00, 0x22, 0x00, 0x43, 0x00, 0x64, 0x00, 0x44, 0x11, 0x28, 0x19, 0x8A,
    0x11, 0x49, 0x09, 0x08, 0x09, 0x4A, 0x19, 0xEC, 0x1A, 0x0D, 0x12, 0x0D, 0x12, 0x0D, 0x12, 0x0E,
    0x0A, 0x0D, 0x0A, 0x0D, 0x0A, 0x2E, 0x0A, 0x2E, 0x0A, 0x2E, 0x0A, 0x2E, 0x0A, 0x2E, 0x0A, 0x2E,
    0x0A, 0x0E, 0x12, 0x2E, 0x12, 0x2E, 0x12, 0x2E, 0x12, 0x0E, 0x12, 0x0E, 0x12, 0x0E, 0x12, 0x0E,
    0x11, 0xED, 0x11, 0xED, 0x21, 0xCD, 0x00, 0x22, 0x00, 0x42, 0x00, 0x41, 0x00, 0x62, 0x00, 0x82,
    0x00, 0x62, 0x00, 0x41, 0x00, 0x21, 0x00, 0x21, 0x00, 0x21, 0x00, 0x01, 0x64, 0x11, 0x75, 0x97,
    0x6D, 0xB8, 0x6D, 0xB8, 0x65, 0xB8, 0x65, 0xB8, 0x6D, 0xB8, 0x6D, 0xB8, 0x6D, 0x77, 0x32, 0xAC,
    0x00, 0x02, 0x00, 0x21, 0x08, 0x41, 0x00, 0x20, 0x00, 0x21, 0x00, 0x21, 0x00, 0x22, 0x21, 0xA7,
    0x75, 0x35, 0x75, 0xB8, 0x6D, 0xB8, 0x6D, 0xB8, 0x6D, 0xB8, 0x65, 0xB8, 0x65, 0x97, 0x6D, 0x76,
    0x5C, 0x11, 0x00, 0x43, 0x53, 0x6F, 0x75, 0x97, 0x65, 0xB8, 0x65, 0xB8, 0x65, 0xB8, 0x65, 0xB9,
    0x65, 0xB8, 0x65, 0xB8, 0x65, 0xB9, 0x65, 0xB9, 0x65, 0xB8, 0x65, 0xB8, 0x65, 0xB8, 0x65, 0xB8,
    0x65, 0xB8, 0x65, 0xB8, 0x65, 0xB8, 0x65, 0xB8, 0x65, 0xB8, 0x65, 0xB8, 0x65, 0xB8, 0x65, 0xB8,
    0x65, 0xB8, 0x65, 0xB8, 0x65, 0xB8, 0x65, 0xB8, 0x65, 0xB8, 0x65, 0xB8, 0x65, 0xB8, 0x65, 0xB8,
    0x65, 0xB8, 0x65, 0xB8, 0x65, 0xB8, 0x65, 0xB8, 0x65, 0xB8, 0x6D, 0xB8, 0x6D, 0xB8, 0x6D, 0xB8,
    0x6D, 0xB8, 0x75, 0x98, 0x75, 0x98, 0x75, 0x78, 0x75, 0x78, 0x64, 0xD6, 0x43, 0xB2, 0x01, 0xCB,
    0x01, 0x8B, 0x09, 0xAC, 0x11, 0xED, 0x12, 0x0D, 0x1A, 0x2E, 0x1A, 0x4E, 0x1A, 0x4E, 0x1A, 0x0D,
    0x19, 0xEC, 0x09, 0x07, 0x00, 0x64, 0x00, 0xA3, 0x00, 0x62, 0x00, 0x21, 0x00, 0x22, 0x00, 0x64,
    0x00, 0x85, 0x09, 0x08, 0x09, 0x49, 0x09, 0x4A, 0x11, 0x8B, 0x22, 0x2D, 0x22, 0x0D, 0x19, 0xED,
    0x19, 0xED, 0x11, 0xCD, 0x12, 0x0D, 0x12, 0x0D, 0x12, 0x0E, 0x0A, 0x0E, 0x0A, 0x0D, 0x0A, 0x0E,
    0x0A, 0x0E, 0x0A, 0x2E, 0x0A, 0x2E, 0x0A, 0x2E, 0x0A, 0x2E, 0x0A, 0x2E, 0x0A, 0x0D, 0x0A, 0x0D,
    0x12, 0x0E, 0x12, 0x2E, 0x12, 0x2E, 0x12, 0x2E, 0x1A, 0x2E, 0x1A, 0x2E, 0x12, 0x2E, 0x12, 0x0D,
    0x11, 0xED, 0x29, 0xED, 0x00, 0x22, 0x00, 0x42, 0x00, 0x42, 0x00, 0x62, 0x00, 0x62, 0x00, 0x62,
    0x00, 0x41, 0x00, 0x21, 0x00, 0x21, 0x00, 0x21, 0x00, 0x01, 0x42, 0xEC, 0x7D, 0x56, 0x75, 0x98,
    0x6D, 0xB8, 0x65, 0xB8, 0x65, 0xB8, 0x6D, 0xB8, 0x6D, 0xB8, 0x6D, 0x97, 0x3B, 0x2E, 0x08, 0xA4,
    0x00, 0x01, 0x00, 0x01, 0x00, 0x21, 0x00, 0x21, 0x00, 0x62, 0x00, 0x42, 0x00, 0x83, 0x53, 0xAF,
    0x75, 0x36, 0x75, 0x98, 0x6D, 0xB8, 0x6D, 0xB8, 0x6D, 0xB8, 0x65, 0x77, 0x6D, 0x36, 0x64, 0x12,
    0x19, 0x06, 0x4B, 0x2E, 0x75, 0x97, 0x6D, 0xB8, 0x65, 0xB8, 0x65, 0xB8, 0x65, 0xB9, 0x65, 0xB8,
    0x65, 0xB8, 0x65, 0xB8, 0x65, 0xB8, 0x65, 0xB8, 0x65, 0xB8, 0x65, 0xB8, 0x65, 0xB8, 0x65, 0xB8,
    0x65, 0xB8, 0x65, 0xB8, 0x65, 0xB8, 0x65, 0xB8, 0x65, 0xB8, 0x65, 0xB8, 0x65, 0xB8, 0x65, 0xB8,
    0x65, 0xB8, 0x65, 0xB8, 0x65, 0xB8, 0x65, 0xB8, 0x65, 0xB8, 0x65, 0xB8, 0x65, 0xB8, 0x65, 0xB8,
    0x65, 0xB8, 0x65, 0xB8, 0x65, 0xB8, 0x6D, 0x98, 0x6D, 0xB8, 0x6D, 0xB8, 0x75, 0xB8, 0x75, 0xB8,
    0x75, 0x99, 0x75, 0x99, 0x75, 0x58, 0x5C, 0x74, 0x3B, 0x50, 0x12, 0x2D, 0x01, 0xEC, 0x0A, 0x0D,
    0x12, 0x0D, 0x12, 0x2D, 0x12, 0x2E, 0x12, 0x4E, 0x12, 0x4E, 0x12, 0x2E, 0x12, 0x0D, 0x12, 0x0D,
    0x19, 0xEC, 0x00, 0xC6, 0x00, 0x43, 0x00, 0x23, 0x00, 0x22, 0x00, 0x64, 0x11, 0x49, 0x11, 0xCC,
    0x19, 0xED, 0x19, 0xED, 0x1A, 0x0D, 0x1A, 0x0E, 0x1A, 0x2E, 0x1A, 0x0D, 0x12, 0x0D, 0x12, 0x0D,
    0x12, 0x0D, 0x12, 0x0D, 0x0A, 0x0D, 0x0A, 0x0D, 0x0A, 0x0D, 0x0A, 0x0D, 0x0A, 0x0D, 0x0A, 0x2E,
    0x0A, 0x2E, 0x0A, 0x2E, 0x0A, 0x2E, 0x0A, 0x2E, 0x0A, 0x2E, 0x0A, 0x0D, 0x0A, 0x0D, 0x12, 0x0D,
    0x12, 0x0E, 0x12, 0x2E, 0x12, 0x2E, 0x1A, 0x2E, 0x1A, 0x2E, 0x1A, 0x4F, 0x11, 0xED, 0x19, 0xED,
    0x29, 0xED, 0x4B, 0x4E, 0x08, 0xE5, 0x00, 0x42, 0x00, 0x42, 0x00, 0x42, 0x00, 0x42, 0x00, 0x41,
    0x00, 0x41, 0x00, 0x21, 0x00, 0x21, 0x00, 0x21, 0x11, 0x05, 0x74, 0xF5, 0x75, 0xB8, 0x6D, 0xB8,
    0x6D, 0xB8, 0x65, 0xB8, 0x6D, 0xB8, 0x6D, 0xB8, 0x6D, 0x98, 0x5C, 0x52, 0x32, 0x4B, 0x00, 0x63,
    0x00, 0x01, 0x00, 0x21, 0x00, 0x62, 0x08, 0x82, 0x00, 0x62, 0x00, 0x22, 0x00, 0x83, 0x2A, 0x2A,
    0x5C, 0x53, 0x75, 0x57, 0x75, 0xB8, 0x75, 0x98, 0x6D, 0x77, 0x64, 0xB4, 0x5B, 0x90, 0x10, 0xE6,
    0x3A, 0xAC, 0x75, 0x77, 0x6D, 0xB8, 0x65, 0xB8, 0x65, 0xB8, 0x65, 0xB9, 0x65, 0xB8, 0x65, 0xB8,
    0x65, 0xB8, 0x65, 0xB8, 0x65, 0xB8, 0x65, 0xB8, 0x65, 0xB8, 0x65, 0xB8, 0x65, 0xB8, 0x65, 0xB8,
    0x65, 0xB8, 0x65, 0xB8, 0x65, 0xB8, 0x65, 0xB8, 0x65, 0xB8, 0x65, 0xB8, 0x65, 0xB8, 0x65, 0xB8,
    0x65, 0xB8, 0x65, 0xB8, 0x65, 0xB8, 0x65, 0x98, 0x65, 0xB8, 0x6D, 0xB8, 0x6D, 0xB8, 0x6D, 0xB8,
    0x6D, 0xB8, 0x6D, 0x98, 0x6D, 0x98, 0x75, 0x98, 0x75, 0x98, 0x75, 0x78, 0x64, 0xD6, 0x54, 0x33,
    0x32, 0xEF, 0x0A, 0x0B, 0x01, 0xEB, 0x01, 0xEC, 0x02, 0x0D, 0x02, 0x0D, 0x0A, 0x2D, 0x0A, 0x2E,
    0x12, 0x2E, 0x12, 0x2E, 0x12, 0x2E, 0x12, 0x2E, 0x0A, 0x2E, 0x0A, 0x2D, 0x0A, 0x0D, 0x12, 0x0D,
    0x11, 0xCC, 0x09, 0x6A, 0x09, 0x29, 0x01, 0x08, 0x11, 0x8A, 0x11, 0xED, 0x12, 0x0D, 0x12, 0x0D,
    0x12, 0x0E, 0x12, 0x0E, 0x12, 0x0E, 0x12, 0x0D, 0x0A, 0x0D, 0x12, 0x0D, 0x12, 0x0E, 0x0A, 0x0E,
    0x0A, 0x0E, 0x0A, 0x0D, 0x0A, 0x0D, 0x0A, 0x0D, 0x0A, 0x0D, 0x0A, 0x2E, 0x0A, 0x2E, 0x0A, 0x2E,
    0x0A, 0x2E, 0x12, 0x2E, 0x12, 0x2E, 0x0A, 0x2E, 0x0A, 0x0E, 0x0A, 0x0E, 0x0A, 0x0E, 0x0A, 0x0E,
    0x12, 0x0E, 0x12, 0x2E, 0x12, 0x2E, 0x1A, 0x2E, 0x22, 0x8F, 0x1A, 0x0E, 0x19, 0xED, 0x29, 0xED,
    0x64, 0x93, 0x4B, 0x90, 0x00, 0xC4, 0x00, 0x22, 0x00, 0x22, 0x00, 0x22, 0x00, 0x22, 0x00, 0x41,
    0x00, 0x21, 0x00, 0x21, 0x00, 0x01, 0x00, 0x22, 0x53, 0xD0, 0x7D, 0x97, 0x6D, 0xB8, 0x6D, 0xB8,
    0x65, 0xB8, 0x65, 0xB8, 0x6D, 0xB8, 0x6D, 0xB8, 0x6D, 0x56, 0x43, 0x4E, 0x00, 0x83, 0x00, 0x21,
    0x00, 0x41, 0x08, 0x83, 0x08, 0x62, 0x00, 0x62, 0x00, 0x22, 0x00, 0x63, 0x01, 0x06, 0x01, 0x47,
    0x22, 0x6B, 0x54, 0x73, 0x75, 0x78, 0x75, 0x57, 0x43, 0x2E, 0x08, 0xE5, 0x00, 0x43, 0x42, 0xCC,
    0x7D, 0x77, 0x6D, 0xB8, 0x6D, 0xB8, 0x65, 0xB8, 0x65, 0xB9, 0x65, 0xB8, 0x65, 0xB8, 0x65, 0xB8,
    0x65, 0xB8, 0x65, 0xB8, 0x65, 0xB8, 0x65, 0xB8, 0x65, 0xB8, 0x65, 0xB8, 0x65, 0xB8, 0x65, 0xB8,
    0x65, 0xB8, 0x65, 0xB8, 0x65, 0xB8, 0x65, 0xB8, 0x65, 0xB8, 0x65, 0xB8, 0x65, 0xB8, 0x65, 0xB8,
    0x65, 0x98, 0x65, 0x77, 0x5D, 0x36, 0x6D, 0x98, 0x6D, 0xB8, 0x75, 0xB8, 0x75, 0xB8, 0x75, 0x98,
    0x75, 0x78, 0x6D, 0x37, 0x5C, 0x75, 0x43, 0x91, 0x22, 0x4D, 0x01, 0xAB, 0x01, 0xAB, 0x01, 0xCB,
    0x02, 0x0C, 0x02, 0x2D, 0x02, 0x2D, 0x02, 0x2E, 0x02, 0x2E, 0x0A, 0x2E, 0x0A, 0x2E, 0x0A, 0x2E,
    0x0A, 0x2E, 0x0A, 0x2E, 0x0A, 0x2E, 0x0A, 0x0E, 0x0A, 0x0E, 0x0A, 0x2D, 0x0A, 0x0D, 0x12, 0x0D,
    0x11, 0xED, 0x11, 0xEC, 0x11, 0xED, 0x12, 0x0D, 0x12, 0x2D, 0x12, 0x0D, 0x12, 0x2D, 0x0A, 0x2D,
    0x0A, 0x2E, 0x0A, 0x0D, 0x0A, 0x0D, 0x0A, 0x0D, 0x0A, 0x0D, 0x0A, 0x0E, 0x0A, 0x0E, 0x0A, 0x0D,
    0x0A, 0x0D, 0x0A, 0x0E, 0x0A, 0x0E, 0x0A, 0x0E, 0x0A, 0x0E, 0x0A, 0x2E, 0x0A, 0x2E, 0x12, 0x2E,
    0x12, 0x2E, 0x12, 0x4E, 0x12, 0x2E, 0x0A, 0x2E, 0x0A, 0x0E, 0x0A, 0x0E, 0x0A, 0x0E, 0x0A, 0x0E,
    0x12, 0x2E, 0x12, 0x2E, 0x1A, 0x2E, 0x1A, 0x4E, 0x1A, 0x0E, 0x19, 0xED, 0x21, 0xCD, 0x54, 0x73,
    0x75, 0x36, 0x64, 0xB4, 0x53, 0xD0, 0x19, 0x87, 0x00, 0x22, 0x00, 0x22, 0x00, 0x22, 0x00, 0x21,
    0x00, 0x21, 0x00, 0x21, 0x00, 0x22, 0x29, 0xE8, 0x75, 0x36, 0x75, 0xB8, 0x6D, 0xB8, 0x65, 0xB9,
    0x65, 0xB9, 0x65, 0xB8, 0x6D, 0xB8, 0x75, 0x97, 0x5C, 0x93, 0x00, 0xA4, 0x00, 0x21, 0x00, 0x41,
    0x18, 0xE4, 0x00, 0x42, 0x00, 0x21, 0x00, 0x22, 0x19, 0x25, 0x4B, 0x2E, 0x2A, 0x4B, 0x01, 0x88,
    0x01, 0xAA, 0x22, 0x6C, 0x4B, 0x91, 0x4B, 0x4F, 0x08, 0xA4, 0x00, 0x02, 0x32, 0x29, 0x7D, 0x57,
    0x75, 0x98, 0x6D, 0xB8, 0x6D, 0xB8, 0x65, 0xB8, 0x65, 0xB8, 0x65, 0xB8, 0x65, 0xB8, 0x65, 0xB8,
    0x65, 0xB8, 0x65, 0xB8, 0x65, 0xB8, 0x6D, 0xB8, 0x6D, 0xB8, 0x6D, 0xB8, 0x6D, 0xB8, 0x6D, 0xB8,
    0x6D, 0xB8, 0x65, 0xB8, 0x65, 0xB8, 0x65, 0xB8, 0x65, 0xB8, 0x65, 0xB8, 0x6D, 0xB8, 0x5D, 0x36,
    0x44, 0x33, 0x44, 0x33, 0x6D, 0x57, 0x75, 0x78, 0x6D, 0x58, 0x64, 0xD6, 0x4B, 0xF2, 0x2A, 0xEF,
    0x12, 0x2C, 0x01, 0xAA, 0x01, 0xCB, 0x01, 0xCB, 0x01, 0xCB, 0x01, 0xAB, 0x01, 0xEC, 0x02, 0x2D,
    0x0A, 0x2E, 0x02, 0x2E, 0x0A, 0x2E, 0x0A, 0x2E, 0x0A, 0x2E, 0x0A, 0x2E, 0x0A, 0x2E, 0x0A, 0x2E,
    0x0A, 0x2E, 0x0A, 0x2E, 0x02, 0x2E, 0x02, 0x0D, 0x02, 0x0D, 0x0A, 0x2E, 0x0A, 0x0D, 0x0A, 0x0D,
    0x0A, 0x0D, 0x12, 0x0D, 0x0A, 0x0D, 0x12, 0x2D, 0x0A, 0x2E, 0x0A, 0x2D, 0x0A, 0x2E, 0x02, 0x2E,
    0x02, 0x0E, 0x0A, 0x0D, 0x0A, 0x0D, 0x0A, 0x0E, 0x0A, 0x2E, 0x0A, 0x0E, 0x0A, 0x0D, 0x0A, 0x0D,
    0x0A, 0x0E, 0x0A, 0x0E, 0x0A, 0x0E, 0x0A, 0x0E, 0x0A, 0x2E, 0x0A, 0x2E, 0x0A, 0x2E, 0x12, 0x2E,
    0x12, 0x4E, 0x12, 0x4E, 0x12, 0x2E, 0x0A, 0x2E, 0x0A, 0x2E, 0x0A, 0x0E, 0x0A, 0x0E, 0x12, 0x2E,
    0x12, 0x2E, 0x1A, 0x4E, 0x1A, 0x2E, 0x1A, 0x0E, 0x19, 0xED, 0x21, 0xCD, 0x65, 0x57, 0x6D, 0x98,
    0x75, 0xB8, 0x75, 0x97, 0x64, 0x93, 0x32, 0xCC, 0x19, 0xC8, 0x00, 0x63, 0x00, 0x22, 0x00, 0x01,
    0x00, 0x22, 0x00, 0x22, 0x00, 0x22, 0x53, 0xD0, 0x75, 0x98, 0x6D, 0xB8, 0x6D, 0xB8, 0x65, 0xB9,
    0x65, 0xB8, 0x6D, 0xB8, 0x6D, 0x98, 0x6D, 0x36, 0x53, 0xB0, 0x00, 0x62, 0x00, 0x21, 0x00, 0x41,
    0x00, 0x62, 0x08, 0x62, 0x00, 0x42, 0x00, 0x42, 0x4A, 0xCC, 0x6C, 0x73, 0x4B, 0xD1, 0x01, 0xAA,
    0x01, 0xAA, 0x01, 0xA9, 0x01, 0x06, 0x00, 0x02, 0x00, 0x01, 0x29, 0xC8, 0x7D, 0x16, 0x7D, 0x98,
    0x75, 0x98, 0x6D, 0xB8, 0x6D, 0xB8, 0x6D, 0xB8, 0x6D, 0x98, 0x6D, 0x98, 0x65, 0xB8, 0x65, 0xB8,
    0x65, 0xB8, 0x6D, 0xB8, 0x6D, 0xB8, 0x6D, 0xB8, 0x6D, 0xB8, 0x6D, 0xB8, 0x6D, 0xB8, 0x6D, 0xB8,
    0x6D, 0xB9, 0x6D, 0xB8, 0x6D, 0xB8, 0x6D, 0xB8, 0x6D, 0xB8, 0x6D, 0x98, 0x54, 0xD5, 0x54, 0x94,
    0x44, 0x12, 0x4C, 0x53, 0x3B, 0xB2, 0x1A, 0xAE, 0x02, 0x0C, 0x01, 0xEC, 0x01, 0xEC, 0x01, 0xAB,
    0x01, 0x8B, 0x01, 0x8B, 0x01, 0xAB, 0x01, 0xCC, 0x0A, 0x0D, 0x0A, 0x2D, 0x0A, 0x2E, 0x0A, 0x4E,
    0x0A, 0x4E, 0x0A, 0x4E, 0x02, 0x2E, 0x0A, 0x2E, 0x02, 0x2E, 0x02, 0x2E, 0x02, 0x2E, 0x02, 0x2E,
    0x02, 0x2E, 0x02, 0x2E, 0x02, 0x2E, 0x02, 0x2E, 0x0A, 0x2E, 0x0A, 0x2E, 0x0A, 0x2D, 0x0A, 0x0D,
    0x0A, 0x2D, 0x0A, 0x2D, 0x0A, 0x2E, 0x0A, 0x2E, 0x0A, 0x2E, 0x02, 0x2E, 0x02, 0x2E, 0x02, 0x2E,
    0x02, 0x0E, 0x0A, 0x0E, 0x0A, 0x2E, 0x0A, 0x0E, 0x0A, 0x0E, 0x0A, 0x0E, 0x0A, 0x0E, 0x0A, 0x0E,
    0x0A, 0x0E, 0x0A, 0x2E, 0x0A, 0x2E, 0x0A, 0x2E, 0x0A, 0x2E, 0x0A, 0x2E, 0x12, 0x2E, 0x12, 0x4E,
    0x12, 0x4E, 0x12, 0x4E, 0x0A, 0x2E, 0x0A, 0x2E, 0x0A, 0x2E, 0x0A, 0x2E, 0x0A, 0x2E, 0x12, 0x2E,
    0x12, 0x2E, 0x12, 0x2E, 0x1A, 0x0E, 0x19, 0xEE, 0x21, 0xCD, 0x65, 0xB8, 0x6D, 0xB8, 0x6D, 0xB8,
    0x75, 0xB8, 0x75, 0x98, 0x75, 0x77, 0x6C, 0xF5, 0x43, 0x4E, 0x2A, 0x29, 0x21, 0xE9, 0x21, 0xC8,
    0x00, 0x43, 0x00, 0x43, 0x11, 0x26, 0x64, 0xB4, 0x75, 0xB8, 0x6D, 0xB8, 0x65, 0xB8, 0x65, 0xB8,
    0x65, 0xB8, 0x6D, 0xB8, 0x6D, 0x97, 0x6C, 0xF5, 0x09, 0x05, 0x00, 0x21, 0x00, 0x41, 0x08, 0x62,
    0x00, 0x62, 0x00, 0x21, 0x00, 0x21, 0x00, 0x42, 0x4B, 0x4E, 0x7D, 0x57, 0x64, 0xD5, 0x33, 0x2F,
    0x09, 0xA9, 0x00, 0xA4, 0x00, 0x01, 0x00, 0x01, 0x00, 0x43, 0x2A, 0x6B, 0x4B, 0xB1, 0x54, 0x54,
    0x64, 0xF6, 0x6D, 0x58, 0x6D, 0x98, 0x6D, 0x98, 0x6D, 0x98, 0x6D, 0x98, 0x6D, 0xB8, 0x6D, 0xB8,
    0x6D, 0xB8, 0x6D, 0xB8, 0x6D, 0xB8, 0x6D, 0xB8, 0x6D, 0xB8, 0x6D, 0xB8, 0x6D, 0x98, 0x6D, 0xB8,
    0x6D, 0xB8, 0x6D, 0x98, 0x6D, 0xB8, 0x6D, 0xB8, 0x6D, 0x98, 0x65, 0x57, 0x64, 0xF6, 0x43, 0xD2,
    0x22, 0xEF, 0x12, 0x2C, 0x01, 0xCB, 0x01, 0xCB, 0x01, 0xCC, 0x01, 0xAB, 0x01, 0x8B, 0x01, 0xAB,
    0x01, 0xCC, 0x09, 0xED, 0x0A, 0x0D, 0x0A, 0x2E, 0x0A, 0x2E, 0x0A, 0x2E, 0x0A, 0x2E, 0x0A, 0x4E,
    0x0A, 0x4E, 0x02, 0x2E, 0x02, 0x2E, 0x02, 0x2E, 0x02, 0x2E, 0x02, 0x2E, 0x02, 0x2E, 0x02, 0x2E,
    0x0A, 0x2E, 0x0A, 0x2E, 0x0A, 0x2E, 0x0A, 0x2E, 0x0A, 0x2E, 0x0A, 0x2E, 0x02, 0x2E, 0x0A, 0x2E,
    0x0A, 0x2E, 0x0A, 0x4E, 0x12, 0x4E, 0x0A, 0x2E, 0x0A, 0x2E, 0x02, 0x2E, 0x02, 0x2E, 0x02, 0x2E,
    0x0A, 0x2E, 0x0A, 0x0E, 0x0A, 0x0E, 0x0A, 0x0E, 0x0A, 0x0E, 0x0A, 0x2E, 0x0A, 0x0E, 0x0A, 0x2E,
    0x0A, 0x0E, 0x0A, 0x0E, 0x0A, 0x2E, 0x0A, 0x2E, 0x0A, 0x2E, 0x0A, 0x2E, 0x12, 0x2E, 0x12, 0x4E,
    0x0A, 0x2E, 0x0A, 0x2E, 0x0A, 0x2E, 0x0A, 0x2E, 0x0A, 0x2E, 0x0A, 0x2E, 0x12, 0x2E, 0x12, 0x0E,
    0x12, 0x0E, 0x1A, 0x0E, 0x1A, 0x0D, 0x29, 0xED, 0x65, 0xB9, 0x65, 0xB9, 0x6D, 0xB9, 0x6D, 0xB9,
    0x6D, 0xB8, 0x75, 0xB8, 0x75, 0x98, 0x75, 0x77, 0x5C, 0x93, 0x43, 0x90, 0x53, 0xD1, 0x64, 0x12,
    0x5B, 0xD0, 0x19, 0xA8, 0x2A, 0x6B, 0x6D, 0x77, 0x6D, 0xB8, 0x6D, 0xB8, 0x65, 0xB8, 0x6D, 0xB8,
    0x6D, 0xB8, 0x6D, 0xB8, 0x75, 0x77, 0x2A, 0x4A, 0x00, 0x42, 0x00, 0x42, 0x00, 0x21, 0x00, 0x21,
    0x00, 0x21, 0x00, 0x21, 0x00, 0x01, 0x2A, 0x09, 0x7D, 0x36, 0x75, 0xB7, 0x6D, 0x97, 0x5C, 0x93,
    0x29, 0xE9, 0x00, 0x22, 0x00, 0x01, 0x00, 0x43, 0x11, 0x89, 0x01, 0xCA, 0x01, 0xAA, 0x01, 0xCB,
    0x22, 0x4D, 0x33, 0x0F, 0x4B, 0xD2, 0x54, 0x54, 0x64, 0xD6, 0x64, 0xF6, 0x6D, 0x37, 0x75, 0x78,
    0x75, 0x78, 0x75, 0x78, 0x75, 0x98, 0x75, 0x77, 0x75, 0x77, 0x6D, 0x77, 0x6D, 0x98, 0x6D, 0x98,
    0x6D, 0x77, 0x75, 0x57, 0x75, 0x57, 0x6D, 0x17, 0x54, 0x53, 0x3B, 0x2F, 0x1A, 0x0B, 0x01, 0x69,
    0x01, 0x49, 0x01, 0x8A, 0x01, 0xCC, 0x12, 0x2D, 0x12, 0x2E, 0x0A, 0x0D, 0x0A, 0x0D, 0x0A, 0x0D,
    0x0A, 0x0D, 0x0A, 0x2E, 0x0A, 0x2E, 0x0A, 0x2E, 0x0A, 0x2E, 0x0A, 0x2E, 0x0A, 0x2E, 0x0A, 0x4E,
    0x0A, 0x2E, 0x0A, 0x2E, 0x02, 0x2E, 0x02, 0x2E, 0x02, 0x2E, 0x0A, 0x2E, 0x0A, 0x2E, 0x0A, 0x2E,
    0x0A, 0x2E, 0x0A, 0x2E, 0x0A, 0x0E, 0x0A, 0x0E, 0x0A, 0x0E, 0x0A, 0x2E, 0x0A, 0x2E, 0x0A, 0x2E,
    0x0A, 0x4E, 0x12, 0x4E, 0x0A, 0x2E, 0x0A, 0x0D, 0x0A, 0x2E, 0x0A, 0x2E, 0x0A, 0x2E, 0x0A, 0x2E,
    0x0A, 0x2E, 0x0A, 0x2E, 0x0A, 0x2E, 0x0A, 0x2E, 0x0A, 0x2E, 0x0A, 0x2E, 0x0A, 0x2E, 0x0A, 0x0E,
    0x0A, 0x2E, 0x0A, 0x2E, 0x0A, 0x2E, 0x0A, 0x2E, 0x0A, 0x2E, 0x0A, 0x2E, 0x0A, 0x4E, 0x0A, 0x4E,
    0x0A, 0x2E, 0x0A, 0x2E, 0x0A, 0x2E, 0x0A, 0x2E, 0x0A, 0x2E, 0x0A, 0x0E, 0x12, 0x0E, 0x12, 0x0E,
    0x12, 0x0E, 0x1A, 0x0E, 0x29, 0xED, 0x65, 0xB9, 0x65, 0xB9, 0x65, 0xB9, 0x6D, 0xB9, 0x6D, 0xB8,
    0x6D, 0xB8, 0x6D, 0xB8, 0x6D, 0xB8, 0x6D, 0x77, 0x65, 0x16, 0x4B, 0xD1, 0x5C, 0x53, 0x75, 0x57,
    0x6C, 0xF5, 0x43, 0xB0, 0x5C, 0xB4, 0x6D, 0x98, 0x6D, 0xB8, 0x65, 0xB8, 0x6D, 0xB8, 0x6D, 0xB8,
    0x6D, 0xB8, 0x75, 0x97, 0x5C, 0x11, 0x00, 0x83, 0x00, 0x42, 0x00, 0x21, 0x00, 0x21, 0x00, 0x21,
    0x00, 0x21, 0x00, 0x21, 0x32, 0x09, 0x6C, 0x93, 0x75, 0x76, 0x75, 0xB7, 0x75, 0x77, 0x4B, 0x90,
    0x29, 0xA9, 0x08, 0x43, 0x00, 0x23, 0x09, 0x48, 0x01, 0xAA, 0x01, 0xAB, 0x01, 0xCB, 0x01, 0xCC,
    0x01, 0xAB, 0x01, 0xAB, 0x01, 0xCB, 0x01, 0xCB, 0x01, 0xAB, 0x09, 0xEC, 0x22, 0x8D, 0x22, 0xAE,
    0x22, 0xAD, 0x33, 0x0F, 0x3B, 0x50, 0x3B, 0x70, 0x43, 0x91, 0x43, 0x91, 0x43, 0x90, 0x3B, 0x2F,
    0x32, 0x6C, 0x21, 0xE9, 0x11, 0xAA, 0x01, 0x28, 0x01, 0x08, 0x00, 0xC8, 0x09, 0x8A, 0x11, 0xEC,
    0x0A, 0x0D, 0x12, 0x2D, 0x12, 0x2E, 0x12, 0x2E, 0x12, 0x2E, 0x0A, 0x0D, 0x0A, 0x0D, 0x0A, 0x0D,
    0x0A, 0x2E, 0x0A, 0x2E, 0x0A, 0x2E, 0x0A, 0x2E, 0x0A, 0x2E, 0x0A, 0x2E, 0x0A, 0x2E, 0x0A, 0x2E,
    0x0A, 0x2E, 0x0A, 0x2E, 0x0A, 0x2E, 0x0A, 0x2E, 0x0A, 0x2E, 0x0A, 0x2E, 0x0A, 0x2E, 0x0A, 0x2E,
    0x0A, 0x2E, 0x0A, 0x0E, 0x0A, 0x0E, 0x0A, 0x0D, 0x0A, 0x0D, 0x0A, 0x0E, 0x0A, 0x2E, 0x0A, 0x0D,
    0x0A, 0x2E, 0x0A, 0x0D, 0x02, 0x0D, 0x0A, 0x2E, 0x12, 0x4E, 0x0A, 0x2E, 0x0A, 0x2E, 0x0A, 0x2E,
    0x0A, 0x2E, 0x0A, 0x2E, 0x0A, 0x2E, 0x0A, 0x2E, 0x0A, 0x0E, 0x0A, 0x0E, 0x0A, 0x2E, 0x0A, 0x2E,
    0x0A, 0x2E, 0x0A, 0x2E, 0x0A, 0x2E, 0x0A, 0x2E, 0x0A, 0x2E, 0x0A, 0x4E, 0x0A, 0x2E, 0x0A, 0x2E,
    0x0A, 0x2E, 0x0A, 0x2E, 0x0A, 0x2E, 0x0A, 0x0E, 0x0A, 0x0E, 0x12, 0x0E, 0x12, 0x0E, 0x1A, 0x0E,
    0x1A, 0x0E, 0x29, 0xED, 0x65, 0xB8, 0x65, 0xB8, 0x65, 0xB8, 0x65, 0xD9, 0x65, 0xD8, 0x6D, 0xD8,
    0x6D, 0xB8, 0x6D, 0xB8, 0x6D, 0xB8, 0x6D, 0x98, 0x6D, 0x57, 0x44, 0x12, 0x3B, 0xB0, 0x5C, 0xB4,
    0x6D, 0x16, 0x75, 0x57, 0x75, 0x98, 0x75, 0xB8, 0x6D, 0x98, 0x6D, 0x97, 0x6D, 0x98, 0x6D, 0xB8,
    0x75, 0x97, 0x6D, 0x35, 0x21, 0xE9, 0x00, 0x21, 0x00, 0x21, 0x00, 0x21, 0x00, 0x21, 0x00, 0x21,
    0x00, 0x21, 0x00, 0x62, 0x2A, 0x08, 0x53, 0xD0, 0x75, 0x97, 0x75, 0x97, 0x43, 0x0E, 0x10, 0xA5,
    0x20, 0xC6, 0x29, 0xC9, 0x64, 0x12, 0x3B, 0x2F, 0x1A, 0x0B, 0x01, 0x8A, 0x01, 0xCB, 0x01, 0xCC,
    0x01, 0xCC, 0x01, 0xEC, 0x02, 0x0D, 0x02, 0x0D, 0x01, 0xED, 0x01, 0xEC, 0x01, 0xEC, 0x01, 0xED,
    0x0A, 0x4E, 0x02, 0x0C, 0x01, 0xEC, 0x01, 0xCC, 0x01, 0xAB, 0x01, 0xAA, 0x01, 0x07, 0x00, 0x24,
    0x00, 0x45, 0x09, 0x6A, 0x09, 0xAB, 0x01, 0x49, 0x01, 0x29, 0x11, 0xCB, 0x12, 0x2D, 0x12, 0x2D,
    0x12, 0x0D, 0x12, 0x2D, 0x0A, 0x2D, 0x0A, 0x0D, 0x0A, 0x0D, 0x0A, 0x0D, 0x0A, 0x0D, 0x02, 0x0D,
    0x0A, 0x2E, 0x0A, 0x2E, 0x0A, 0x2E, 0x0A, 0x2E, 0x0A, 0x2E, 0x0A, 0x2E, 0x0A, 0x2E, 0x02, 0x2E,
    0x02, 0x2E, 0x0A, 0x2E, 0x0A, 0x2E, 0x0A, 0x4E, 0x0A, 0x2E, 0x0A, 0x2E, 0x0A, 0x2E, 0x0A, 0x2E,
    0x0A, 0x2D, 0x0A, 0x0D, 0x0A, 0x0D, 0x0A, 0x0D, 0x0A, 0x2D, 0x0A, 0x2E, 0x0A, 0x2E, 0x02, 0x0D,
    0x02, 0x0D, 0x02, 0x2D, 0x0A, 0x2E, 0x0A, 0x2E, 0x0A, 0x2E, 0x0A, 0x2E, 0x0A, 0x2E, 0x12, 0x4E,
    0x12, 0x4E, 0x0A, 0x2E, 0x0A, 0x2E, 0x0A, 0x0E, 0x0A, 0x0E, 0x0A, 0x2E, 0x0A, 0x2E, 0x0A, 0x2E,
    0x0A, 0x2E, 0x0A, 0x2E, 0x0A, 0x2E, 0x0A, 0x2E, 0x0A, 0x2E, 0x0A, 0x2E, 0x0A, 0x2E, 0x0A, 0x2E,
    0x0A, 0x2E, 0x0A, 0x2E, 0x0A, 0x2E, 0x0A, 0x0E, 0x0A, 0x0E, 0x12, 0x0E, 0x12, 0x0E, 0x1A, 0x0E,
    0x29, 0xED, 0x5D, 0x77, 0x65, 0x98, 0x65, 0xB8, 0x65, 0xB8, 0x6D, 0xD8, 0x6D, 0xD8, 0x6D, 0xB8,
    0x6D, 0xB8, 0x6D, 0xB8, 0x6D, 0xB8, 0x6D, 0xB8, 0x6D, 0x98, 0x54, 0xD5, 0x22, 0xED, 0x22, 0xAD,
    0x3B, 0x6F, 0x54, 0x53, 0x75, 0x16, 0x75, 0x57, 0x64, 0xD5, 0x6D, 0x36, 0x75, 0x97, 0x75, 0xB7,
    0x75, 0x77, 0x6C, 0x93, 0x08, 0xE4, 0x00, 0x21, 0x00, 0x21, 0x08, 0x41, 0x08, 0x42, 0x08, 0x62,
    0x00, 0x21, 0x00, 0x21, 0x19, 0x86, 0x75, 0x15, 0x75, 0x77, 0x53, 0xD0, 0x21, 0x88, 0x08, 0x44,
    0x42, 0x6B, 0x85, 0x57, 0x7D, 0x98, 0x6D, 0x37, 0x5C, 0xB5, 0x43, 0xB2, 0x22, 0xAE, 0x12, 0x2C,
    0x01, 0xCB, 0x01, 0xEC, 0x01, 0xEC, 0x01, 0xEC, 0x01, 0xCC, 0x01, 0xEC, 0x0A, 0x0D, 0x12, 0x4E,
    0x0A, 0x0D, 0x0A, 0x0D, 0x09, 0xEC, 0x09, 0xAB, 0x09, 0x49, 0x00, 0x84, 0x00, 0x23, 0x00, 0xC6,
    0x11, 0xCB, 0x11, 0xCB, 0x01, 0x08, 0x01, 0x08, 0x09, 0xAB, 0x11, 0xED, 0x11, 0xEC, 0x09, 0xAC,
    0x01, 0x8B, 0x01, 0x8B, 0x01, 0xAB, 0x01, 0xCC, 0x01, 0xCC, 0x01, 0xAC, 0x02, 0x0D, 0x0A, 0x2E,
    0x0A, 0x2E, 0x02, 0x2E, 0x02, 0x2E, 0x02, 0x2E, 0x02, 0x2E, 0x02, 0x2E, 0x02, 0x2E, 0x02, 0x2E,
    0x0A, 0x2E, 0x0A, 0x2E, 0x0A, 0x2E, 0x0A, 0x2E, 0x0A, 0x2E, 0x0A, 0x2E, 0x0A, 0x2E, 0x0A, 0x2D,
    0x0A, 0x0D, 0x0A, 0x0D, 0x0A, 0x0D, 0x0A, 0x2E, 0x0A, 0x2E, 0x0A, 0x2E, 0x02, 0x0D, 0x02, 0x0D,
    0x02, 0x0D, 0x0A, 0x2E, 0x0A, 0x2E, 0x02, 0x2E, 0x0A, 0x2E, 0x0A, 0x2E, 0x12, 0x4E, 0x12, 0x6F,
    0x0A, 0x2E, 0x0A, 0x0E, 0x0A, 0x0E, 0x0A, 0x2E, 0x0A, 0x2E, 0x0A, 0x2E, 0x0A, 0x2E, 0x0A, 0x2E,
    0x0A, 0x2E, 0x0A, 0x2E, 0x0A, 0x2E, 0x0A, 0x2E, 0x0A, 0x2E, 0x0A, 0x2E, 0x0A, 0x2E, 0x0A, 0x2E,
    0x0A, 0x2E, 0x0A, 0x2E, 0x0A, 0x0E, 0x12, 0x0E, 0x12, 0x0E, 0x12, 0x0E, 0x1A, 0x0D, 0x29, 0xED,
    0x4C, 0xD5, 0x65, 0x77, 0x6D, 0xB8, 0x6D, 0xB8, 0x6D, 0xD8, 0x6D, 0xD8, 0x6D, 0xB9, 0x6D, 0xB9,
    0x6D, 0xB9, 0x65, 0xD8, 0x6D, 0xB8, 0x6D, 0xB8, 0x6D, 0xB8, 0x65, 0x77, 0x4C, 0x53, 0x22, 0x4B,
    0x00, 0xE6, 0x11, 0x68, 0x43, 0x0E, 0x53, 0x90, 0x3B, 0x2E, 0x74, 0xD5, 0x7D, 0x77, 0x75, 0x97,
    0x7D, 0x76, 0x42, 0xEC, 0x00, 0x21, 0x00, 0x01, 0x00, 0x41, 0x08, 0x62, 0x10, 0xA3, 0x00, 0x41,
    0x00, 0x01, 0x00, 0x22, 0x5B, 0x8F, 0x85, 0x56, 0x5B, 0xF1, 0x53, 0x4F, 0x31, 0xC9, 0x42, 0xAC,
    0x85, 0x77, 0x7D, 0xB8, 0x75, 0xB9, 0x6D, 0xB9, 0x6D, 0xB9, 0x75, 0x98, 0x65, 0x57, 0x65, 0x16,
    0x54, 0x74, 0x4C, 0x13, 0x3B, 0x70, 0x2A, 0xEE, 0x12, 0x0C, 0x09, 0xEC, 0x12, 0x0C, 0x09, 0xAB,
    0x09, 0x8A, 0x09, 0x48, 0x00, 0xC6, 0x00, 0x64, 0x00, 0x22, 0x00, 0x43, 0x09, 0x06, 0x11, 0x89,
    0x11, 0x28, 0x00, 0x65, 0x00, 0x66, 0x01, 0x09, 0x01, 0x4A, 0x01, 0x2A, 0x01, 0x4A, 0x01, 0x8B,
    0x09, 0xEC, 0x12, 0x0D, 0x09, 0xCC, 0x01, 0xAC, 0x01, 0xCD, 0x0A, 0x0D, 0x0A, 0x2E, 0x02, 0x2E,
    0x02, 0x2E, 0x02, 0x2E, 0x02, 0x2E, 0x02, 0x2E, 0x02, 0x2E, 0x02, 0x2E, 0x0A, 0x2E, 0x0A, 0x2E,
    0x0A, 0x2E, 0x0A, 0x2E, 0x0A, 0x2E, 0x0A, 0x2E, 0x0A, 0x2E, 0x0A, 0x2E, 0x0A, 0x2E, 0x0A, 0x2E,
    0x0A, 0x0E, 0x0A, 0x0E, 0x0A, 0x2E, 0x0A, 0x4E, 0x0A, 0x4E, 0x0A, 0x2E, 0x02, 0x2E, 0x02, 0x2E,
    0x02, 0x2E, 0x02, 0x2E, 0x02, 0x2E, 0x02, 0x2E, 0x0A, 0x2E, 0x0A, 0x2E, 0x0A, 0x4E, 0x0A, 0x2E,
    0x0A, 0x2E, 0x0A, 0x2E, 0x0A, 0x2E, 0x0A, 0x2E, 0x0A, 0x2E, 0x0A, 0x2E, 0x0A, 0x2E, 0x0A, 0x2E,
    0x0A, 0x2E, 0x0A, 0x2E, 0x0A, 0x2E, 0x0A, 0x2E, 0x0A, 0x2E, 0x0A, 0x2E, 0x0A, 0x0E, 0x0A, 0x2E,
    0x0A, 0x2E, 0x12, 0x2E, 0x12, 0x2E, 0x12, 0x0E, 0x12, 0x0D, 0x19, 0xED, 0x29, 0xED, 0x4C, 0xB4,
    0x3C, 0x12, 0x6D, 0x98, 0x6D, 0xB8, 0x6D, 0xD8, 0x65, 0xD8, 0x65, 0xD9, 0x65, 0xB9, 0x65, 0xB9,
    0x6D, 0xB9, 0x6D, 0xB8, 0x6D, 0xB8, 0x65, 0xB8, 0x6D, 0xB8, 0x6D, 0x98, 0x75, 0x37, 0x5C, 0x32,
    0x29, 0xE9, 0x00, 0x43, 0x00, 0x63, 0x11, 0x26, 0x2A, 0x0A, 0x4B, 0x4E, 0x64, 0x32, 0x6C, 0xB3,
    0x64, 0x11, 0x10, 0xE4, 0x00, 0x21, 0x00, 0x21, 0x00, 0x42, 0x00, 0x62, 0x00, 0x41, 0x00, 0x21,
    0x00, 0x21, 0x21, 0x87, 0x6C, 0x52, 0x64, 0x52, 0x5B, 0xB0, 0x3A, 0x6B, 0x32, 0x2A, 0x7D, 0x77,
    0x75, 0xB8, 0x75, 0xB8, 0x6D, 0xB8, 0x6D, 0xB8, 0x6D, 0xB8, 0x6D, 0xB8, 0x6D, 0xB8, 0x75, 0xB8,
    0x75, 0x98, 0x75, 0x98, 0x75, 0x78, 0x75, 0x17, 0x75, 0x17, 0x74, 0xD6, 0x63, 0xF2, 0x08, 0xE6,
    0x00, 0x64, 0x00, 0x63, 0x00, 0x42, 0x00, 0x62, 0x00, 0x83, 0x11, 0x26, 0x00, 0x63, 0x00, 0x23,
    0x00, 0x45, 0x09, 0x08, 0x11, 0x6A, 0x11, 0xCC, 0x11, 0xEC, 0x12, 0x0D, 0x1A, 0x2D, 0x12, 0x0D,
    0x09, 0xEC, 0x09, 0xEC, 0x12, 0x0D, 0x0A, 0x0D, 0x0A, 0x0D, 0x0A, 0x0D, 0x02, 0x0D, 0x02, 0x2D,
    0x02, 0x2E, 0x02, 0x2E, 0x02, 0x2E, 0x0A, 0x2E, 0x0A, 0x2E, 0x0A, 0x4E, 0x02, 0x0E, 0x02, 0x0D,
    0x02, 0x0D, 0x0A, 0x2E, 0x0A, 0x2E, 0x12, 0x2E, 0x0A, 0x2E, 0x0A, 0x2E, 0x0A, 0x2E, 0x0A, 0x2E,
    0x0A, 0x0E, 0x0A, 0x2E, 0x0A, 0x2E, 0x12, 0x4E, 0x0A, 0x2E, 0x0A, 0x2E, 0x0A, 0x2E, 0x02, 0x2E,
    0x02, 0x2E, 0x02, 0x2E, 0x02, 0x2E, 0x02, 0x2E, 0x02, 0x2E, 0x02, 0x2E, 0x02, 0x2E, 0x0A, 0x2E,
    0x0A, 0x2E, 0x0A, 0x2E, 0x0A, 0x2E, 0x0A, 0x2E, 0x0A, 0x2E, 0x0A, 0x2E, 0x0A, 0x2E, 0x0A, 0x2E,
    0x0A, 0x2E, 0x0A, 0x2E, 0x0A, 0x2E, 0x0A, 0x2E, 0x0A, 0x2E, 0x0A, 0x0E, 0x0A, 0x0E, 0x0A, 0x2E,
    0x12, 0x4F, 0x1A, 0x4E, 0x12, 0x2E, 0x12, 0x0D, 0x1A, 0x0E, 0x2A, 0x0D, 0x65, 0x77, 0x33, 0xB0,
    0x4C, 0x12, 0x6D, 0x78, 0x6D, 0xB8, 0x6D, 0xB8, 0x6D, 0xB8, 0x6D, 0xD9, 0x6D, 0xD9, 0x6D, 0xB8,
    0x6D, 0x98, 0x6D, 0x97, 0x6D, 0x97, 0x6D, 0x77, 0x75, 0x97, 0x75, 0x76, 0x6C, 0xD4, 0x64, 0x11,
    0x4A, 0xCC, 0x42, 0x6B, 0x11, 0x06, 0x11, 0x26, 0x19, 0x46, 0x08, 0xE5, 0x08, 0xE4, 0x29, 0xE8,
    0x10, 0xE4, 0x00, 0x22, 0x00, 0x42, 0x18, 0xE4, 0x19, 0x05, 0x08, 0x62, 0x10, 0x83, 0x00, 0x62,
    0x00, 0x42, 0x3A, 0x6A, 0x63, 0xF0, 0x5B, 0x8F, 0x31, 0xE9, 0x42, 0xAC, 0x7D, 0x57, 0x7D, 0xB8,
    0x7D, 0xB9, 0x75, 0xB8, 0x6D, 0x98, 0x6D, 0x98, 0x6D, 0x98, 0x75, 0x98, 0x75, 0x78, 0x75, 0x58,
    0x6D, 0x37, 0x6C, 0xF6, 0x64, 0x95, 0x64, 0x74, 0x5C, 0x12, 0x3A, 0x8C, 0x00, 0x43, 0x00, 0x22,
    0x00, 0x22, 0x08, 0xA3, 0x10, 0xE4, 0x08, 0xC4, 0x08, 0xA4, 0x00, 0x22, 0x00, 0x23, 0x00, 0xE6,
    0x19, 0xCB, 0x1A, 0x0D, 0x1A, 0x0D, 0x1A, 0x2D, 0x1A, 0x4E, 0x12, 0x0D, 0x09, 0xCC, 0x11, 0xED,
    0x1A, 0x4E, 0x12, 0x2D, 0x12, 0x0D, 0x0A, 0x0D, 0x0A, 0x0D, 0x02, 0x0D, 0x02, 0x0D, 0x02, 0x2E,
    0x02, 0x2E, 0x02, 0x2E, 0x0A, 0x2E, 0x12, 0x6F, 0x12, 0x6F, 0x02, 0x0D, 0x02, 0x0D, 0x02, 0x0D,
    0x02, 0x0D, 0x0A, 0x0D, 0x12, 0x4E, 0x12, 0x4E, 0x0A, 0x2E, 0x0A, 0x2E, 0x0A, 0x2E, 0x0A, 0x0E,
    0x0A, 0x2E, 0x0A, 0x2E, 0x0A, 0x2E, 0x0A, 0x2E, 0x0A, 0x2E, 0x0A, 0x2E, 0x0A, 0x2E, 0x0A, 0x2E,
    0x0A, 0x2E, 0x02, 0x2E, 0x02, 0x2E, 0x02, 0x2E, 0x02, 0x2E, 0x02, 0x2E, 0x02, 0x2E, 0x0A, 0x2E,
    0x0A, 0x2E, 0x0A, 0x2E, 0x0A, 0x2E, 0x0A, 0x2E, 0x0A, 0x2E, 0x0A, 0x2E, 0x0A, 0x2E, 0x0A, 0x2E,
    0x0A, 0x2E, 0x0A, 0x2E, 0x0A, 0x2E, 0x0A, 0x2E, 0x0A, 0x0E, 0x0A, 0x0D, 0x0A, 0x2E, 0x12, 0x4E,
    0x1A, 0x4E, 0x1A, 0x2E, 0x1A, 0x0E, 0x1A, 0x0E, 0x2A, 0x0D, 0x6D, 0xB8, 0x65, 0x77, 0x43, 0xF2,
    0x3B, 0x70, 0x6D, 0x37, 0x6D, 0x98, 0x6D, 0xB8, 0x6D, 0xB8, 0x6D, 0xB8, 0x6D, 0xB8, 0x5C, 0x94,
    0x53, 0x90, 0x53, 0x6F, 0x43, 0x2E, 0x64, 0x52, 0x4B, 0x4E, 0x19, 0x87, 0x3A, 0x8B, 0x32, 0x09,
    0x29, 0xA7, 0x08, 0xA4, 0x10, 0xE5, 0x4A, 0xAC, 0x4A, 0xCC, 0x10, 0x83, 0x08, 0x43, 0x08, 0x83,
    0x00, 0x22, 0x00, 0x42, 0x00, 0x62, 0x00, 0x62, 0x00, 0x21, 0x08, 0x62, 0x00, 0x62, 0x00, 0x42,
    0x10, 0xC4, 0x42, 0x6A, 0x42, 0x8B, 0x31, 0xE9, 0x19, 0x68, 0x5B, 0xF1, 0x5C, 0x33, 0x54, 0x13,
    0x4B, 0xF2, 0x43, 0xB1, 0x3B, 0x50, 0x32, 0xEF, 0x2A, 0xCE, 0x1A, 0x6D, 0x1A, 0x6D, 0x09, 0xEB,
    0x01, 0xCB, 0x12, 0x0C, 0x1A, 0x2C, 0x09, 0x48, 0x00, 0x42, 0x00, 0x01, 0x00, 0x21, 0x00, 0x62,
    0x10, 0xA4, 0x10, 0xC4, 0x00, 0x83, 0x00, 0x62, 0x00, 0x22, 0x00, 0x22, 0x09, 0x07, 0x19, 0xEC,
    0x19, 0xED, 0x1A, 0x0D, 0x1A, 0x0D, 0x11, 0xED, 0x01, 0x6B, 0x09, 0xAC, 0x12, 0x0D, 0x1A, 0x2D,
    0x09, 0xED, 0x09, 0xEC, 0x09, 0xED, 0x01, 0xCD, 0x01, 0xED, 0x02, 0x0D, 0x02, 0x2E, 0x02, 0x2E,
    0x02, 0x2E, 0x0A, 0x2E, 0x0A, 0x4E, 0x12, 0x4F, 0x0A, 0x0E, 0x0A, 0x0D, 0x02, 0x0D, 0x02, 0x0D,
    0x0A, 0x2E, 0x0A, 0x4E, 0x0A, 0x4E, 0x0A, 0x2E, 0x0A, 0x2E, 0x0A, 0x2E, 0x0A, 0x2E, 0x0A, 0x2E,
    0x0A, 0x2E, 0x0A, 0x2E, 0x0A, 0x2E, 0x0A, 0x2E, 0x0A, 0x2E, 0x0A, 0x2E, 0x0A, 0x2E, 0x0A, 0x2E,
    0x02, 0x2E, 0x02, 0x2E, 0x02, 0x2E, 0x02, 0x2E, 0x0A, 0x2E, 0x0A, 0x2E, 0x0A, 0x2E, 0x0A, 0x2E,
    0x0A, 0x2E, 0x0A, 0x2E, 0x0A, 0x2E, 0x0A, 0x2E, 0x0A, 0x2E, 0x0A, 0x2E, 0x0A, 0x2E, 0x0A, 0x2E,
    0x0A, 0x2E, 0x0A, 0x2E, 0x0A, 0x2E, 0x0A, 0x0E, 0x0A, 0x0E, 0x0A, 0x2E, 0x12, 0x2E, 0x1A, 0x4E,
    0x1A, 0x2E, 0x1A, 0x0E, 0x1A, 0x0D, 0x29, 0xED, 0x6D, 0x98, 0x6D, 0xB8, 0x65, 0x77, 0x3B, 0x90,
    0x1A, 0x2B, 0x4C, 0x12, 0x6D, 0x57, 0x75, 0x98, 0x6D, 0xB8, 0x75, 0x97, 0x43, 0x6F, 0x08, 0xC5,
    0x00, 0x02, 0x00, 0x02, 0x00, 0x42, 0x00, 0x22, 0x00, 0x42, 0x00, 0x62, 0x00, 0x42, 0x29, 0xA7,
    0x42, 0x6A, 0x42, 0x6A, 0x42, 0x8B, 0x3A, 0x29, 0x10, 0x83, 0x08, 0x43, 0x42, 0x6A, 0x6C, 0x31,
    0x4B, 0x2D, 0x19, 0x86, 0x00, 0x83, 0x00, 0x22, 0x00, 0x21, 0x00, 0x21, 0x00, 0x21, 0x00, 0x22,
    0x00, 0x21, 0x00, 0x22, 0x00, 0x22, 0x08, 0xA5, 0x11, 0x89, 0x01, 0xAA, 0x01, 0xCB, 0x01, 0xCC,
    0x01, 0xCC, 0x01, 0xCC, 0x01, 0xCC, 0x01, 0xCC, 0x01, 0xCC, 0x01, 0xEC, 0x09, 0xED, 0x12, 0x2D,
    0x1A, 0x2D, 0x22, 0x2C, 0x09, 0x07, 0x00, 0x22, 0x00, 0x21, 0x00, 0x41, 0x00, 0x62, 0x08, 0x83,
    0x00, 0x63, 0x00, 0x62, 0x00, 0x62, 0x00, 0x42, 0x00, 0x42, 0x00, 0xA5, 0x19, 0xAB, 0x11, 0xAC,
    0x09, 0x6B, 0x01, 0x4A, 0x01, 0x6B, 0x01, 0x4B, 0x01, 0x6B, 0x01, 0x8B, 0x01, 0xAC, 0x01, 0xAB,
    0x01, 0xAB, 0x09, 0xCC, 0x09, 0xED, 0x0A, 0x0D, 0x02, 0x0D, 0x02, 0x0E, 0x02, 0x2E, 0x02, 0x2E,
    0x02, 0x2E, 0x0A, 0x2E, 0x0A, 0x2E, 0x0A, 0x2E, 0x0A, 0x2E, 0x0A, 0x2E, 0x0A, 0x2E, 0x0A, 0x2E,
    0x0A, 0x2E, 0x0A, 0x2E, 0x0A, 0x2E, 0x0A, 0x2E, 0x0A, 0x2E, 0x0A, 0x2E, 0x0A, 0x2E, 0x0A, 0x2E,
    0x0A, 0x2E, 0x0A, 0x2E, 0x0A, 0x2E, 0x0A, 0x2E, 0x0A, 0x4E, 0x0A, 0x2E, 0x0A, 0x2E, 0x02, 0x2E,
    0x02, 0x2E, 0x02, 0x2E, 0x02, 0x2E, 0x0A, 0x2E, 0x0A, 0x2E, 0x0A, 0x2E, 0x0A, 0x2E, 0x0A, 0x2E,
    0x0A, 0x2E, 0x0A, 0x2E, 0x0A, 0x2E, 0x0A, 0x2E, 0x0A, 0x2E, 0x0A, 0x2E, 0x0A, 0x2E, 0x0A, 0x2E,
    0x0A, 0x2E, 0x0A, 0x2E, 0x0A, 0x2E, 0x0A, 0x2E, 0x12, 0x2E, 0x12, 0x4E, 0x1A, 0x4F, 0x1A, 0x2E,
    0x1A, 0x2E, 0x1A, 0x0D, 0x2A, 0x0D, 0x64, 0xD5, 0x6D, 0x77, 0x75, 0x98, 0x75, 0x77, 0x33, 0x2E,
    0x01, 0xA9, 0x2A, 0xEE, 0x5C, 0x94, 0x75, 0x77, 0x75, 0x77, 0x5C, 0x11, 0x42, 0x4B, 0x29, 0x47,
    0x00, 0x22, 0x00, 0x21, 0x00, 0x21, 0x00, 0x62, 0x00, 0x62, 0x00, 0x62, 0x21, 0x66, 0x42, 0x49,
    0x18, 0xE4, 0x10, 0xE4, 0x00, 0x42, 0x10, 0x83, 0x3A, 0x09, 0x63, 0xD0, 0x7D, 0x35, 0x7D, 0x76,
    0x74, 0xD4, 0x32, 0x6B, 0x08, 0xA4, 0x08, 0x42, 0x00, 0x21, 0x00, 0x21, 0x08, 0x62, 0x08, 0x83,
    0x00, 0x22, 0x00, 0x22, 0x00, 0xA5, 0x09, 0x89, 0x01, 0xAA, 0x01, 0xCC, 0x01, 0xEC, 0x01, 0xEC,
    0x01, 0xEC, 0x01, 0xEC, 0x01, 0xEC, 0x01, 0xEC, 0x01, 0xEC, 0x0A, 0x0D, 0x12, 0x2D, 0x1A, 0x0C,
    0x09, 0x48, 0x00, 0x43, 0x00, 0x21, 0x00, 0x21, 0x00, 0x41, 0x00, 0x62, 0x00, 0x62, 0x00, 0x62,
    0x00, 0x62, 0x00, 0x62, 0x00, 0x21, 0x00, 0x62, 0x00, 0x84, 0x00, 0xC7, 0x01, 0x08, 0x01, 0x09,
    0x01, 0x09, 0x09, 0x8B, 0x09, 0xAC, 0x09, 0xCC, 0x12, 0x0D, 0x12, 0x0D, 0x12, 0x2E, 0x12, 0x2E,
    0x12, 0x2E, 0x12, 0x2E, 0x0A, 0x0E, 0x0A, 0x0E, 0x02, 0x2E, 0x02, 0x2E, 0x02, 0x2E, 0x02, 0x2E,
    0x0A, 0x2E, 0x0A, 0x2E, 0x0A, 0x2E, 0x0A, 0x2E, 0x0A, 0x2E, 0x0A, 0x2E, 0x0A, 0x2E, 0x0A, 0x2E,
    0x0A, 0x2E, 0x0A, 0x2E, 0x0A, 0x2E, 0x0A, 0x2E, 0x0A, 0x2E, 0x0A, 0x2E, 0x0A, 0x2E, 0x0A, 0x2E,
    0x0A, 0x2E, 0x0A, 0x2E, 0x0A, 0x2E, 0x0A, 0x4E, 0x0A, 0x2E, 0x0A, 0x2E, 0x02, 0x0E, 0x0A, 0x2E,
    0x0A, 0x2E, 0x0A, 0x2E, 0x0A, 0x2E, 0x0A, 0x2E, 0x0A, 0x2E, 0x0A, 0x2E, 0x0A, 0x2E, 0x0A, 0x2E,
    0x0A, 0x2E, 0x0A, 0x2E, 0x0A, 0x2E, 0x0A, 0x2E, 0x0A, 0x2E, 0x0A, 0x2E, 0x0A, 0x2E, 0x0A, 0x2E,
    0x0A, 0x2E, 0x0A, 0x2E, 0x0A, 0x2E, 0x12, 0x4E, 0x1A, 0x4E, 0x1A, 0x4E, 0x1A, 0x2E, 0x1A, 0x2E,
    0x1A, 0x0D, 0x2A, 0x0D, 0x33, 0x4F, 0x33, 0x70, 0x54, 0x94, 0x75, 0x98, 0x6D, 0x77, 0x33, 0x2F,
    0x01, 0x89, 0x09, 0xA9, 0x43, 0x2E, 0x64, 0x53, 0x2A, 0x2A, 0x31, 0xC8, 0x10, 0xC4, 0x00, 0x62,
    0x00, 0x21, 0x00, 0x21, 0x08, 0x62, 0x08, 0x83, 0x00, 0x62, 0x08, 0x82, 0x00, 0x42, 0x00, 0x21,
    0x00, 0x41, 0x00, 0x41, 0x00, 0x21, 0x10, 0xE4, 0x5B, 0xAF, 0x7D, 0x14, 0x7D, 0x76, 0x7D, 0x76,
    0x64, 0x73, 0x19, 0x46, 0x08, 0x42, 0x00, 0x22, 0x00, 0x42, 0x10, 0xA3, 0x19, 0x05, 0x00, 0x42,
    0x00, 0x22, 0x53, 0x6F, 0x5C, 0x32, 0x54, 0x12, 0x43, 0xB1, 0x43, 0xB1, 0x33, 0x0F, 0x2A, 0xCE,
    0x2A, 0xAE, 0x22, 0x8D, 0x22, 0x8D, 0x2A, 0xAD, 0x2A, 0x6D, 0x09, 0xA9, 0x09, 0x06, 0x00, 0x43,
    0x00, 0x21, 0x00, 0x21, 0x00, 0x21, 0x00, 0x21, 0x00, 0x21, 0x00, 0x41, 0x00, 0x41, 0x00, 0x42,
    0x00, 0x41, 0x00, 0x21, 0x08, 0x83, 0x00, 0x84, 0x00, 0xE7, 0x19, 0xAB, 0x19, 0xCC, 0x11, 0xED,
    0x12, 0x0D, 0x12, 0x0D, 0x12, 0x0D, 0x12, 0x0D, 0x12, 0x2D, 0x12, 0x2E, 0x12, 0x2E, 0x0A, 0x2E,
    0x0A, 0x0D, 0x0A, 0x0D, 0x0A, 0x0D, 0x02, 0x0D, 0x02, 0x2D, 0x02, 0x2D, 0x02, 0x2E, 0x0A, 0x0E,
    0x0A, 0x0E, 0x12, 0x2E, 0x12, 0x2E, 0x0A, 0x2E, 0x0A, 0x2E, 0x0A, 0x2E, 0x0A, 0x2E, 0x0A, 0x2E,
    0x0A, 0x2E, 0x0A, 0x2E, 0x0A, 0x2E, 0x0A, 0x2E, 0x0A, 0x2E, 0x0A, 0x2E, 0x0A, 0x2E, 0x0A, 0x2E,
    0x0A, 0x2E, 0x0A, 0x2E, 0x0A, 0x4E, 0x0A, 0x2E, 0x0A, 0x0E, 0x0A, 0x0E, 0x0A, 0x4E, 0x0A, 0x2E,
    0x0A, 0x2E, 0x0A, 0x2E, 0x0A, 0x2E, 0x0A, 0x2E, 0x0A, 0x2E, 0x0A, 0x2E, 0x0A, 0x2E, 0x0A, 0x2E,
    0x0A, 0x2E, 0x0A, 0x4E, 0x0A, 0x2E, 0x0A, 0x2E, 0x0A, 0x2E, 0x0A, 0x2E, 0x0A, 0x2E, 0x0A, 0x2E,
    0x0A, 0x2E, 0x12, 0x2E, 0x12, 0x4E, 0x1A, 0x4E, 0x1A, 0x2E, 0x1A, 0x2E, 0x1A, 0x2E, 0x1A, 0x0D,
    0x29, 0xED, 0x75, 0x97, 0x5C, 0xF5, 0x5C, 0xF5, 0x6D, 0x77, 0x75, 0xD9, 0x6D, 0x57, 0x32, 0xEE,
    0x01, 0x27, 0x00, 0xE6, 0x00, 0x63, 0x00, 0x22, 0x00, 0x21, 0x00, 0x21, 0x00, 0x21, 0x00, 0x21,
    0x00, 0x21, 0x00, 0x41, 0x00, 0x62, 0x00, 0x62, 0x00, 0x41, 0x00, 0x41, 0x00, 0x21, 0x00, 0x41,
    0x08, 0x62, 0x00, 0x41, 0x00, 0x21, 0x00, 0xA3, 0x19, 0x86, 0x32, 0x4A, 0x6C, 0xB3, 0x7D, 0x36,
    0x64, 0x11, 0x19, 0x26, 0x10, 0x84, 0x08, 0x42, 0x08, 0x62, 0x08, 0x62, 0x00, 0x42, 0x00, 0x63,
    0x74, 0x93, 0x85, 0x77, 0x7D, 0x98, 0x75, 0x98, 0x75, 0x98, 0x75, 0x98, 0x75, 0x98, 0x75, 0x97,
    0x75, 0x77, 0x75, 0x77, 0x7D, 0x56, 0x6C, 0x93, 0x11, 0x87, 0x00, 0x63, 0x00, 0x21, 0x00, 0x41,
    0x00, 0x41, 0x00, 0x21, 0x00, 0x21, 0x00, 0x21, 0x00, 0x41, 0x08, 0x62, 0x08, 0x82, 0x00, 0x41,
    0x00, 0x21, 0x00, 0x21, 0x00, 0x43, 0x11, 0x28, 0x21, 0xCC, 0x19, 0xED, 0x12, 0x0D, 0x12, 0x0D,
    0x12, 0x0E, 0x12, 0x0E, 0x12, 0x2E, 0x12, 0x2E, 0x12, 0x2D, 0x12, 0x0D, 0x12, 0x0D, 0x0A, 0x0D,
    0x0A, 0x0D, 0x0A, 0x0D, 0x0A, 0x0D, 0x0A, 0x0E, 0x0A, 0x0D, 0x0A, 0x0D, 0x0A, 0x0E, 0x0A, 0x0E,
    0x12, 0x0D, 0x12, 0x0D, 0x12, 0x0D, 0x12, 0x0D, 0x12, 0x2D, 0x12, 0x2D, 0x12, 0x2E, 0x12, 0x2E,
    0x12, 0x2E, 0x0A, 0x2E, 0x0A, 0x2E, 0x0A, 0x2E, 0x0A, 0x2E, 0x0A, 0x2E, 0x0A, 0x2E, 0x0A, 0x2E,
    0x0A, 0x2E, 0x0A, 0x4E, 0x0A, 0x4E, 0x0A, 0x2E, 0x0A, 0x2E, 0x0A, 0x4E, 0x0A, 0x2E, 0x0A, 0x2E,
    0x0A, 0x2E, 0x0A, 0x2E, 0x0A, 0x2E, 0x0A, 0x2E, 0x0A, 0x2E, 0x12, 0x2E, 0x0A, 0x2E, 0x0A, 0x2E,
    0x0A, 0x2E, 0x0A, 0x2E, 0x0A, 0x2E, 0x0A, 0x2E, 0x0A, 0x2E, 0x0A, 0x2E, 0x0A, 0x2E, 0x12, 0x2E,
    0x12, 0x4E, 0x12, 0x4E, 0x1A, 0x4E, 0x1A, 0x2E, 0x1A, 0x2E, 0x1A, 0x2E, 0x22, 0x0D, 0x29, 0xED,
    0x75, 0x56, 0x7D, 0xB8, 0x75, 0xB8, 0x6D, 0xB8, 0x75, 0xD8, 0x75, 0x98, 0x64, 0xB5, 0x09, 0x27,
    0x00, 0x23, 0x00, 0x23, 0x00, 0x22, 0x00, 0x21, 0x00, 0x21, 0x00, 0x21, 0x00, 0x21, 0x00, 0x21,
    0x00, 0x41, 0x00, 0x41, 0x00, 0x41, 0x00, 0x41, 0x00, 0x41, 0x00, 0x41, 0x00, 0x41, 0x00, 0x41,
    0x00, 0x21, 0x00, 0x01, 0x00, 0x21, 0x00, 0x01, 0x00, 0x21, 0x53, 0x6E, 0x74, 0xB3, 0x74, 0x52,
    0x5B, 0x4E, 0x19, 0x26, 0x10, 0xC4, 0x08, 0x63, 0x00, 0x42, 0x00, 0x42, 0x00, 0x42, 0x42, 0xAB,
    0x74, 0xB3, 0x7D, 0x77, 0x75, 0x97, 0x75, 0xB8, 0x75, 0xB8, 0x75, 0x97, 0x6C, 0xF5, 0x6C, 0x94,
    0x6C, 0x93, 0x6C, 0x52, 0x42, 0xED, 0x00, 0x83, 0x00, 0x63, 0x00, 0x41, 0x00, 0x41, 0x00, 0x62,
    0x00, 0x62, 0x00, 0x21, 0x00, 0x41, 0x08, 0x82, 0x10, 0xA3, 0x08, 0x82, 0x00, 0x41, 0x00, 0x21,
    0x00, 0x21, 0x00, 0x43, 0x19, 0x49, 0x21, 0xED, 0x21, 0xED, 0x19, 0xED, 0x12, 0x0D, 0x1A, 0x0D,
    0x1A, 0x0D, 0x1A, 0x2D, 0x1A, 0x2D, 0x11, 0xED, 0x1A, 0x0D, 0x12, 0x0D, 0x12, 0x0D, 0x12, 0x0D,
    0x12, 0x0D, 0x12, 0x0D, 0x12, 0x0D, 0x11, 0xED, 0x11, 0xED, 0x11, 0xCD, 0x11, 0xED, 0x11, 0xCD,
    0x11, 0xED, 0x11, 0xED, 0x11, 0xED, 0x12, 0x0D, 0x12, 0x0D, 0x12, 0x0D, 0x1A, 0x0D, 0x12, 0x0D,
    0x12, 0x0E, 0x12, 0x0E, 0x12, 0x0E, 0x0A, 0x2E, 0x0A, 0x2E, 0x0A, 0x2E, 0x0A, 0x2E, 0x0A, 0x2E,
    0x0A, 0x2E, 0x0A, 0x2E, 0x0A, 0x2E, 0x0A, 0x2E, 0x0A, 0x2E, 0x0A, 0x2E, 0x0A, 0x2E, 0x0A, 0x2E,
    0x0A, 0x2E, 0x0A, 0x2E, 0x12, 0x2E, 0x12, 0x2E, 0x0A, 0x2E, 0x0A, 0x2E, 0x0A, 0x0D, 0x0A, 0x2E,
    0x0A, 0x2E, 0x0A, 0x2E, 0x0A, 0x2E, 0x0A, 0x0E, 0x0A, 0x0E, 0x0A, 0x2E, 0x12, 0x2E, 0x12, 0x4E,
    0x12, 0x4E, 0x1A, 0x2E, 0x1A, 0x2E, 0x1A, 0x2E, 0x1A, 0x0E, 0x22, 0x0D, 0x29, 0xED, 0x21, 0xC9,
    0x64, 0x53, 0x7D, 0x97, 0x75, 0xB8, 0x6D, 0x56, 0x4C, 0x52, 0x54, 0x53, 0x2A, 0x8C, 0x21, 0xA8,
    0x08, 0x84, 0x00, 0x22, 0x00, 0x21, 0x00, 0x21, 0x00, 0x21, 0x00, 0x21, 0x00, 0x21, 0x00, 0x41,
    0x00, 0x41, 0x00, 0x62, 0x00, 0x61, 0x00, 0x61, 0x00, 0x61, 0x00, 0x41, 0x00, 0x21, 0x00, 0x21,
    0x00, 0x21, 0x00, 0x21, 0x00, 0x21, 0x00, 0x01, 0x10, 0xE4, 0x3A, 0x6A, 0x5B, 0x4E, 0x63, 0x70,
    0x19, 0x26, 0x19, 0x06, 0x10, 0xA3, 0x00, 0x21, 0x00, 0x21, 0x00, 0x42, 0x00, 0x42, 0x29, 0xC7,
    0x6C, 0x31, 0x6C, 0xD4, 0x7D, 0x56, 0x75, 0x35, 0x6C, 0x52, 0x21, 0xA7, 0x00, 0x42, 0x00, 0x01,
    0x00, 0x01, 0x00, 0x42, 0x00, 0x42, 0x00, 0x62, 0x00, 0x62, 0x00, 0x41, 0x00, 0x62, 0x08, 0x82,
    0x00, 0x41, 0x00, 0x21, 0x00, 0x41, 0x00, 0x41, 0x00, 0x41, 0x00, 0x41, 0x00, 0x41, 0x00, 0x42,
    0x00, 0x83, 0x11, 0x28, 0x21, 0xCB, 0x19, 0xAB, 0x11, 0xAB, 0x11, 0xAB, 0x11, 0xCC, 0x19, 0xCC,
    0x19, 0xCC, 0x11, 0xAB, 0x09, 0x4A, 0x11, 0x6A, 0x19, 0xEC, 0x19, 0xCC, 0x19, 0xCC, 0x19, 0xCC,
    0x19, 0xCC, 0x19, 0xCC, 0x19, 0xCC, 0x11, 0x8B, 0x09, 0x6B, 0x09, 0x6A, 0x09, 0x4A, 0x09, 0x6A,
    0x11, 0x6A, 0x11, 0x6A, 0x11, 0xAB, 0x19, 0xEC, 0x11, 0xEC, 0x19, 0xEC, 0x1A, 0x0D, 0x1A, 0x0D,
    0x1A, 0x0D, 0x12, 0x0D, 0x12, 0x0D, 0x12, 0x0E, 0x12, 0x2E, 0x12, 0x0E, 0x12, 0x0D, 0x12, 0x0E,
    0x12, 0x2E, 0x12, 0x0E, 0x12, 0x0E, 0x0A, 0x0D, 0x0A, 0x0D, 0x0A, 0x0D, 0x0A, 0x2E, 0x0A, 0x4E,
    0x12, 0x2E, 0x12, 0x2E, 0x12, 0x2E, 0x0A, 0x2E, 0x0A, 0x2E, 0x0A, 0x0D, 0x0A, 0x0D, 0x12, 0x2E,
    0x12, 0x2E, 0x0A, 0x2E, 0x0A, 0x0D, 0x0A, 0x0D, 0x0A, 0x2E, 0x0A, 0x2E, 0x12, 0x2E, 0x12, 0x4E,
    0x12, 0x2E, 0x1A, 0x2E, 0x1A, 0x2E, 0x1A, 0x0E, 0x22, 0x0D, 0x2A, 0x0D, 0x21, 0xA8, 0x01, 0x06,
    0x3A, 0xAC, 0x64, 0x93, 0x75, 0x15, 0x6D, 0x15, 0x64, 0xD5, 0x54, 0x12, 0x5B, 0xB1, 0x00, 0x44,
    0x00, 0x22, 0x00, 0x22, 0x00, 0x21, 0x00, 0x21, 0x00, 0x21, 0x00, 0x21, 0x00, 0x41, 0x00, 0x41,
    0x00, 0x61, 0x00, 0x61, 0x00, 0x61, 0x08, 0x62, 0x00, 0x41, 0x00, 0x21, 0x00, 0x21, 0x00, 0x21,
    0x00, 0x41, 0x00, 0x21, 0x10, 0xC4, 0x31, 0xC8, 0x42, 0x8B, 0x5B, 0x4E, 0x31, 0xE9, 0x3A, 0x6B,
    0x5B, 0x6E, 0x42, 0x6A, 0x00, 0x62, 0x00, 0x21, 0x00, 0x42, 0x00, 0x22, 0x08, 0x63, 0x10, 0xC4,
    0x11, 0x05, 0x42, 0xCC, 0x21, 0xC8, 0x11, 0x25, 0x00, 0x62, 0x00, 0x21, 0x00, 0x21, 0x00, 0x21,
    0x00, 0x41, 0x00, 0x82, 0x00, 0x82, 0x00, 0x82, 0x00, 0x62, 0x00, 0x41, 0x00, 0x62, 0x00, 0x41,
    0x00, 0x21, 0x00, 0x21, 0x00, 0x21, 0x00, 0x41, 0x00, 0x41, 0x00, 0x41, 0x00, 0x41, 0x00, 0x63,
    0x00, 0x84, 0x08, 0xC6, 0x00, 0xC5, 0x00, 0xA5, 0x00, 0xA5, 0x00, 0xA5, 0x00, 0x85, 0x00, 0x84,
    0x00, 0x64, 0x00, 0x64, 0x00, 0x64, 0x00, 0x84, 0x00, 0x84, 0x00, 0xA5, 0x00, 0xC5, 0x00, 0xC6,
    0x08, 0xE6, 0x08, 0xE6, 0x00, 0xC6, 0x00, 0xC6, 0x00, 0xA5, 0x00, 0x84, 0x00, 0x43, 0x00, 0x43,
    0x00, 0x63, 0x00, 0xA4, 0x00, 0xE6, 0x00, 0xE6, 0x09, 0x07, 0x11, 0x69, 0x11, 0x8A, 0x11, 0xAB,
    0x11, 0xAB, 0x11, 0xCC, 0x11, 0xCC, 0x1A, 0x0D, 0x1A, 0x0D, 0x12, 0x0D, 0x12, 0x0D, 0x12, 0x0D,
    0x12, 0x0D, 0x12, 0x0D, 0x0A, 0x0C, 0x09, 0xED, 0x12, 0x0E, 0x12, 0x4E, 0x12, 0x4E, 0x12, 0x2E,
    0x12, 0x2E, 0x12, 0x2E, 0x0A, 0x2E, 0x0A, 0x0D, 0x0A, 0x0D, 0x12, 0x2E, 0x12, 0x2E, 0x12, 0x2E,
    0x09, 0xED, 0x09, 0xED, 0x09, 0xED, 0x0A, 0x0E, 0x0A, 0x2E, 0x0A, 0x2E, 0x12, 0x2E, 0x12, 0x2E,
    0x12, 0x2E, 0x1A, 0x2E, 0x1A, 0x0E, 0x22, 0x0E, 0x32, 0x0D, 0x74, 0xF5, 0x5B, 0xF1, 0x32, 0x6B,
    0x09, 0x05, 0x43, 0x4E, 0x75, 0x36, 0x6D, 0x57, 0x64, 0xB4, 0x3A, 0xAD, 0x00, 0x64, 0x00, 0x23,
    0x00, 0x22, 0x00, 0x21, 0x00, 0x21, 0x00, 0x21, 0x00, 0x21, 0x00, 0x21, 0x00, 0x41, 0x00, 0x41,
    0x00, 0x41, 0x00, 0x41, 0x00, 0x41, 0x00, 0x41, 0x00, 0x41, 0x00, 0x21, 0x00, 0x41, 0x21, 0x46,
    0x3A, 0x29, 0x5B, 0x4E, 0x6B, 0xD0, 0x5B, 0x8F, 0x4A, 0xCC, 0x29, 0xC8, 0x4A, 0xCC, 0x53, 0x0D,
    0x63, 0xAF, 0x32, 0x08, 0x08, 0x82, 0x00, 0x21, 0x00, 0x21, 0x10, 0xA3, 0x08, 0x62, 0x00, 0x21,
    0x00, 0x42, 0x32, 0x09, 0x53, 0x2D, 0x3A, 0x09, 0x00, 0x41, 0x00, 0x21, 0x00, 0x41, 0x00, 0x62,
    0x08, 0xA2, 0x00, 0x82, 0x08, 0xA2, 0x10, 0xC3, 0x08, 0xA3, 0x08, 0x82, 0x00, 0x61, 0x00, 0x41,
    0x00, 0x20, 0x00, 0x20, 0x00, 0x21, 0x00, 0x21, 0x00, 0x21, 0x00, 0x21, 0x00, 0x42, 0x00, 0x63,
    0x00, 0x22, 0x00, 0x22, 0x00, 0x22, 0x00, 0x22, 0x00, 0x22, 0x00, 0x42, 0x00, 0x22, 0x00, 0x22,
    0x00, 0x62, 0x00, 0x42, 0x00, 0x42, 0x00, 0x42, 0x00, 0x42, 0x00, 0x42, 0x00, 0x42, 0x00, 0x41,
    0x00, 0x21, 0x00, 0x21, 0x00, 0x21, 0x00, 0x21, 0x00, 0x21, 0x00, 0x21, 0x00, 0x21, 0x00, 0x41,
    0x00, 0x82, 0x08, 0xC4, 0x08, 0xC4, 0x00, 0x62, 0x00, 0x42, 0x00, 0x63, 0x00, 0x84, 0x00, 0x85,
    0x00, 0xC6, 0x01, 0x07, 0x09, 0x49, 0x11, 0xAB, 0x19, 0xEC, 0x11, 0xCC, 0x19, 0xEC, 0x19, 0xCC,
    0x09, 0x8B, 0x01, 0x6A, 0x12, 0x0D, 0x12, 0x2E, 0x1A, 0x6F, 0x1A, 0x6F, 0x0A, 0x2D, 0x12, 0x2E,
    0x12, 0x2E, 0x12, 0x0E, 0x12, 0x0D, 0x12, 0x0E, 0x1A, 0x4E, 0x1A, 0x4E, 0x09, 0xCC, 0x01, 0xAC,
    0x09, 0xED, 0x0A, 0x0D, 0x0A, 0x0E, 0x0A, 0x2E, 0x0A, 0x2E, 0x0A, 0x2E, 0x12, 0x2E, 0x12, 0x2E,
    0x12, 0x2E, 0x1A, 0x0E, 0x22, 0x0E, 0x32, 0x0D, 0x75, 0x76, 0x6C, 0xF5, 0x43, 0x6F, 0x00, 0xE5,
    0x3A, 0xCC, 0x6D, 0x16, 0x6D, 0xB7, 0x6D, 0x57, 0x54, 0x32, 0x4B, 0x6F, 0x21, 0xC9, 0x11, 0x06,
    0x00, 0x22, 0x00, 0x21, 0x00, 0x21, 0x00, 0x21, 0x00, 0x21, 0x00, 0x41, 0x00, 0x41, 0x00, 0x41,
    0x00, 0x41, 0x00, 0x41, 0x00, 0x41, 0x00, 0x41, 0x00, 0x21, 0x00, 0x21, 0x00, 0x42, 0x10, 0xC5,
    0x29, 0xC8, 0x3A, 0x4A, 0x42, 0x8B, 0x31, 0xC9, 0x19, 0x26, 0x08, 0x83, 0x00, 0x22, 0x08, 0x83,
    0x00, 0x62, 0x00, 0x42, 0x00, 0x41, 0x00, 0x21, 0x00, 0x21, 0x00, 0x21, 0x00, 0x21, 0x00, 0x42,
    0x00, 0x62, 0x00, 0x42, 0x00, 0x21, 0x00, 0x21, 0x00, 0x21, 0x00, 0x21, 0x00, 0x41, 0x00, 0x41,
    0x00, 0x41, 0x00, 0x41, 0x00, 0x62, 0x08, 0x62, 0x08, 0x82, 0x08, 0x82, 0x00, 0x41, 0x00, 0x20,
    0x00, 0x20, 0x00, 0x21, 0x00, 0x21, 0x00, 0x21, 0x00, 0x41, 0x00, 0x21, 0x00, 0x22, 0x00, 0x21,
    0x00, 0x01, 0x00, 0x21, 0x00, 0x21, 0x00, 0x21, 0x00, 0x21, 0x00, 0x41, 0x00, 0x21, 0x00, 0x41,
    0x00, 0x41, 0x00, 0x41, 0x00, 0x42, 0x00, 0x62, 0x00, 0x62, 0x00, 0x41, 0x00, 0x41, 0x00, 0x41,
    0x00, 0x21, 0x00, 0x21, 0x00, 0x21, 0x00, 0x21, 0x00, 0x21, 0x00, 0x41, 0x00, 0x41, 0x00, 0x41,
    0x00, 0x62, 0x08, 0xC3, 0x10, 0xE3, 0x00, 0x61, 0x00, 0x61, 0x00, 0x62, 0x00, 0x62, 0x00, 0x42,
    0x00, 0x42, 0x00, 0x43, 0x00, 0x84, 0x08, 0xE6, 0x00, 0xC6, 0x08, 0xE6, 0x00, 0xC6, 0x00, 0x65,
    0x09, 0x2A, 0x12, 0x0D, 0x1A, 0x6F, 0x22, 0x8F, 0x22, 0x8F, 0x12, 0x2E, 0x12, 0x2E, 0x12, 0x2D,
    0x12, 0x0D, 0x12, 0x0D, 0x12, 0x0D, 0x11, 0xED, 0x09, 0xAC, 0x01, 0x8B, 0x12, 0x0D, 0x0A, 0x0E,
    0x0A, 0x0D, 0x0A, 0x0E, 0x0A, 0x2E, 0x0A, 0x2E, 0x0A, 0x2E, 0x12, 0x2E, 0x12, 0x2E, 0x12, 0x0E,
    0x1A, 0x0D, 0x22, 0x0E, 0x31, 0xED, 0x7D, 0x56, 0x75, 0x15, 0x64, 0x73, 0x64, 0x73, 0x75, 0x77,
    0x6D, 0x98, 0x6D, 0xB8, 0x6D, 0xB8, 0x6D, 0x97, 0x75, 0x77, 0x6C, 0xD5, 0x43, 0x0E, 0x19, 0x67,
    0x00, 0x83, 0x00, 0x21, 0x00, 0x21, 0x00, 0x21, 0x00, 0x21, 0x00, 0x41, 0x00, 0x41, 0x00, 0x41,
    0x00, 0x41, 0x00, 0x41, 0x00, 0x41, 0x00, 0x21, 0x00, 0x21, 0x00, 0x42, 0x08, 0xA4, 0x08, 0xA4,
    0x08, 0xA5, 0x00, 0x84, 0x00, 0xA5, 0x10, 0xE6, 0x11, 0x27, 0x08, 0xE6, 0x00, 0xA5, 0x00, 0x64,
    0x00, 0x84, 0x08, 0x84, 0x00, 0x42, 0x00, 0x21, 0x00, 0x41, 0x08, 0x62, 0x00, 0x62, 0x00, 0x42,
    0x00, 0x41, 0x00, 0x21, 0x00, 0x21, 0x00, 0x21, 0x00, 0x21, 0x00, 0x21, 0x00, 0x21, 0x00, 0x21,
    0x00, 0x21, 0x00, 0x20, 0x00, 0x21, 0x08, 0x82, 0x08, 0x82, 0x00, 0x20, 0x00, 0x20, 0x00, 0x21,
    0x00, 0x41, 0x00, 0x41, 0x00, 0x41, 0x00, 0x41, 0x00, 0x21, 0x00, 0x21, 0x00, 0x20, 0x00, 0x21,
    0x00, 0x21, 0x00, 0x21, 0x00, 0x21, 0x00, 0x41, 0x00, 0x62, 0x00, 0x41, 0x00, 0x41, 0x00, 0x21,
    0x00, 0x21, 0x00, 0x21, 0x00, 0x42, 0x00, 0x62, 0x00, 0x42, 0x00, 0x42, 0x00, 0x41, 0x00, 0x41,
    0x00, 0x41, 0x00, 0x21, 0x00, 0x41, 0x00, 0x41, 0x00, 0x41, 0x00, 0x41, 0x00, 0x41, 0x00, 0x41,
    0x00, 0x62, 0x08, 0xA2, 0x00, 0x61, 0x00, 0x61, 0x00, 0x82, 0x08, 0xC3, 0x00, 0x61, 0x00, 0x41,
    0x00, 0x41, 0x00, 0x21, 0x00, 0x21, 0x00, 0x21, 0x00, 0x21, 0x00, 0x21, 0x00, 0x44, 0x09, 0x4A,
    0x12, 0x0D, 0x1A, 0x6E, 0x22, 0x6F, 0x22, 0x6F, 0x1A, 0x4E, 0x12, 0x2E, 0x12, 0x0D, 0x12, 0x0D,
    0x11, 0xED, 0x09, 0xAC, 0x01, 0x8B, 0x09, 0xAC, 0x12, 0x2E, 0x12, 0x2E, 0x0A, 0x0D, 0x0A, 0x0E,
    0x0A, 0x0E, 0x02, 0x2E, 0x0A, 0x2E, 0x0A, 0x2E, 0x12, 0x0E, 0x12, 0x0E, 0x12, 0x0E, 0x1A, 0x0E,
    0x22, 0x0D, 0x29, 0xAC, 0x4B, 0x0D, 0x63, 0xF0, 0x6C, 0x52, 0x6C, 0xD4, 0x7D, 0x97, 0x75, 0xB8,
    0x6D, 0xB8, 0x6D, 0xD9, 0x6D, 0xD9, 0x6D, 0xD8, 0x75, 0x98, 0x6D, 0x36, 0x5C, 0x73, 0x3A, 0xCD,
    0x11, 0x46, 0x00, 0x22, 0x00, 0x21, 0x00, 0x22, 0x00, 0x42, 0x00, 0x42, 0x00, 0x42, 0x00, 0x42,
    0x00, 0x41, 0x00, 0x41, 0x00, 0x21, 0x00, 0x21, 0x00, 0x21, 0x00, 0x21, 0x00, 0x21, 0x00, 0x41,
    0x00, 0x62, 0x00, 0xA4, 0x08, 0xE5, 0x11, 0x47, 0x11, 0x48, 0x11, 0x48, 0x11, 0x07, 0x10, 0xE6,
    0x08, 0xA4, 0x08, 0xA4, 0x08, 0x83, 0x00, 0x42, 0x00, 0x42, 0x00, 0x42, 0x00, 0x41, 0x00, 0x41,
    0x00, 0x41, 0x00, 0x41, 0x00, 0x41, 0x08, 0x82, 0x10, 0xA3, 0x08, 0x61, 0x00, 0x41, 0x00, 0x21,
    0x00, 0x21, 0x00, 0x41, 0x00, 0x21, 0x00, 0x21, 0x00, 0x20, 0x00, 0x41, 0x00, 0x41, 0x08, 0x61,
    0x00, 0x61, 0x00, 0x61, 0x00, 0x61, 0x00, 0x41, 0x00, 0x21, 0x00, 0x20, 0x00, 0x21, 0x00, 0x21,
    0x00, 0x21, 0x00, 0x41, 0x00, 0x41, 0x00, 0x61, 0x00, 0x41, 0x00, 0x21, 0x00, 0x21, 0x00, 0x41,
    0x00, 0x21, 0x00, 0x41, 0x08, 0x62, 0x00, 0x62, 0x00, 0x41, 0x00, 0x41, 0x00, 0x41, 0x00, 0x41,
    0x00, 0x41, 0x00, 0x41, 0x00, 0x41, 0x00, 0x41, 0x00, 0x61, 0x00, 0x41, 0x00, 0x41, 0x00, 0x41,
    0x00, 0x41, 0x00, 0x41, 0x00, 0x41, 0x00, 0x82, 0x10, 0xE4, 0x00, 0x62, 0x00, 0x41, 0x00, 0x21,
    0x00, 0x21, 0x00, 0x21, 0x00, 0x21, 0x00, 0x21, 0x00, 0x22, 0x00, 0xC6, 0x11, 0xCB, 0x12, 0x2D,
    0x12, 0x0D, 0x1A, 0x2E, 0x1A, 0x2E, 0x12, 0x2D, 0x12, 0x0D, 0x11, 0xED, 0x09, 0xAC, 0x01, 0x8B,
    0x01, 0x8B, 0x12, 0x0D, 0x12, 0x2E, 0x12, 0x4E, 0x12, 0x2E, 0x0A, 0x2E, 0x0A, 0x0E, 0x0A, 0x0E,
    0x0A, 0x0E, 0x0A, 0x0E, 0x0A, 0x0E, 0x12, 0x0E, 0x12, 0x0E, 0x1A, 0x2E, 0x1A, 0x0E, 0x19, 0xCC,
    0x21, 0x6B, 0x18, 0xC4, 0x00, 0x21, 0x00, 0x62, 0x11, 0x25, 0x5C, 0x11, 0x75, 0x77, 0x75, 0xB8,
    0x6D, 0xD8, 0x6D, 0xD8, 0x6D, 0xD9, 0x6D, 0xB8, 0x6D, 0xB8, 0x6D, 0x98, 0x75, 0x77, 0x6C, 0xF5,
    0x43, 0x6E, 0x21, 0xC8, 0x00, 0x84, 0x00, 0xA4, 0x00, 0x63, 0x00, 0x42, 0x00, 0x22, 0x00, 0x42,
    0x00, 0x42, 0x00, 0x41, 0x00, 0x21, 0x00, 0x21, 0x00, 0x21, 0x00, 0x21, 0x00, 0x41, 0x00, 0x41,
    0x00, 0x42, 0x00, 0x42, 0x00, 0x63, 0x00, 0x63, 0x00, 0x84, 0x00, 0x84, 0x00, 0x63, 0x00, 0x42,
    0x08, 0x83, 0x00, 0x62, 0x00, 0x41, 0x00, 0x41, 0x00, 0x21, 0x00, 0x21, 0x00, 0x41, 0x00, 0x41,
    0x00, 0x61, 0x00, 0x61, 0x10, 0xC3, 0x08, 0x82, 0x00, 0x62, 0x08, 0x62, 0x00, 0x41, 0x00, 0x61,
    0x08, 0x61, 0x00, 0x21, 0x00, 0x20, 0x00, 0x20, 0x00, 0x20, 0x00, 0x41, 0x00, 0x41, 0x00, 0x41,
    0x00, 0x61, 0x08, 0x61, 0x00, 0x41, 0x00, 0x21, 0x00, 0x21, 0x08, 0x61, 0x08, 0x62, 0x00, 0x61,
    0x00, 0x41, 0x00, 0x41, 0x00, 0x41, 0x00, 0x21, 0x00, 0x21, 0x00, 0x21, 0x00, 0x21, 0x00, 0x21,
    0x00, 0x41, 0x08, 0x82, 0x00, 0x41, 0x00, 0x21, 0x00, 0x21, 0x00, 0x20, 0x00, 0x20, 0x00, 0x20,
    0x00, 0x20, 0x00, 0x21, 0x00, 0x21, 0x00, 0x41, 0x00, 0x41, 0x00, 0x41, 0x00, 0x21, 0x00, 0x41,
    0x00, 0x21, 0x00, 0x41, 0x00, 0x61, 0x08, 0x82, 0x08, 0xC3, 0x08, 0xA2, 0x00, 0x41, 0x00, 0x41,
    0x00, 0x22, 0x00, 0x22, 0x00, 0x63, 0x00, 0xC6, 0x11, 0xAB, 0x1A, 0x2D, 0x1A, 0x2D, 0x12, 0x0D,
    0x12, 0x2D, 0x12, 0x2D, 0x09, 0xCC, 0x01, 0x8B, 0x09, 0x8C, 0x09, 0xAC, 0x11, 0xED, 0x12, 0x0D,
    0x12, 0x2E, 0x12, 0x2E, 0x12, 0x2E, 0x0A, 0x2E, 0x0A, 0x2E, 0x0A, 0x2E, 0x0A, 0x0E, 0x0A, 0x0E,
    0x0A, 0x0E, 0x12, 0x0E, 0x12, 0x0E, 0x1A, 0x2E, 0x1A, 0x0D, 0x11, 0xAC, 0x11, 0x6B, 0x29, 0xAC,
    0x10, 0xA3, 0x00, 0x21, 0x00, 0x21, 0x08, 0x02, 0x08, 0xC4, 0x5C, 0x52, 0x75, 0xB8, 0x6D, 0xB8,
    0x6D, 0xD9, 0x6D, 0xD9, 0x6D, 0xB8, 0x6D, 0xB8, 0x6D, 0xB8, 0x6D, 0xB8, 0x75, 0xB8, 0x75, 0x97,
    0x6D, 0x16, 0x3A, 0xCC, 0x00, 0xC5, 0x00, 0x84, 0x00, 0x64, 0x00, 0x23, 0x00, 0x23, 0x00, 0x43,
    0x00, 0x42, 0x00, 0x22, 0x00, 0x22, 0x00, 0x62, 0x00, 0x41, 0x00, 0x62, 0x00, 0x62, 0x00, 0x62,
    0x00, 0x42, 0x00, 0x42, 0x08, 0xC5, 0x11, 0x27, 0x19, 0x47, 0x08, 0xC5, 0x00, 0x42, 0x00, 0x42,
    0x00, 0x41, 0x00, 0x21, 0x00, 0x21, 0x00, 0x21, 0x00, 0x21, 0x00, 0x21, 0x00, 0x21, 0x00, 0x21,
    0x00, 0x21, 0x00, 0x41, 0x00, 0x41, 0x00, 0x41, 0x00, 0x61, 0x08, 0x61, 0x00, 0x41, 0x00, 0x41,
    0x08, 0x61, 0x00, 0x20, 0x00, 0x20, 0x00, 0x20, 0x00, 0x41, 0x00, 0x41, 0x00, 0x21, 0x00, 0x20,
    0x00, 0x21, 0x00, 0x21, 0x00, 0x21, 0x00, 0x21, 0x00, 0x41, 0x08, 0x62, 0x08, 0x62, 0x00, 0x41,
    0x00, 0x41, 0x00, 0x21, 0x00, 0x21, 0x00, 0x21, 0x00, 0x21, 0x00, 0x21, 0x00, 0x21, 0x00, 0x21,
    0x00, 0x21, 0x00, 0x21, 0x00, 0x20, 0x00, 0x20, 0x00, 0x20, 0x00, 0x20, 0x00, 0x20, 0x00, 0x21,
    0x00, 0x20, 0x00, 0x20, 0x00, 0x20, 0x00, 0x20, 0x00, 0x21, 0x00, 0x21, 0x00, 0x21, 0x00, 0x41,
    0x00, 0x41, 0x00, 0x41, 0x00, 0x82, 0x00, 0x82, 0x00, 0x82, 0x00, 0x62, 0x00, 0x63, 0x00, 0x23,
    0x00, 0x85, 0x11, 0x89, 0x19, 0xEC, 0x1A, 0x2D, 0x1A, 0x2D, 0x1A, 0x2D, 0x12, 0x0D, 0x11, 0xED,
    0x09, 0x8B, 0x01, 0x4A, 0x01, 0x8C, 0x11, 0xED, 0x12, 0x0D, 0x12, 0x0D, 0x12, 0x2E, 0x12, 0x2E,
    0x0A, 0x2E, 0x0A, 0x2E, 0x0A, 0x2E, 0x0A, 0x2E, 0x0A, 0x2E, 0x0A, 0x2E, 0x0A, 0x2E, 0x12, 0x2E,
    0x12, 0x2E, 0x12, 0x2E, 0x1A, 0x0E, 0x09, 0xAC, 0x11, 0xAC, 0x19, 0xCD, 0x29, 0xED, 0x08, 0x22,
    0x00, 0x01, 0x08, 0x01, 0x08, 0x22, 0x00, 0x43, 0x2A, 0x6B, 0x75, 0x77, 0x6D, 0xB8, 0x6D, 0xB9,
    0x6D, 0xD9, 0x6D, 0xB8, 0x65, 0xB8, 0x6D, 0xB8, 0x6D, 0xB8, 0x6D, 0xB8, 0x6D, 0xB8, 0x75, 0xB8,
    0x75, 0x77, 0x5C, 0x53, 0x19, 0xC9, 0x00, 0xE6, 0x00, 0xC5, 0x00, 0x64, 0x00, 0x44, 0x00, 0x64,
    0x00, 0x43, 0x00, 0x22, 0x00, 0x43, 0x00, 0x84, 0x00, 0xC4, 0x00, 0xA3, 0x00, 0x62, 0x00, 0x42,
    0x00, 0x63, 0x08, 0xC5, 0x08, 0xC5, 0x10, 0xE5, 0x08, 0xA4, 0x00, 0x83, 0x00, 0x62, 0x00, 0x42,
    0x00, 0x41, 0x00, 0x41, 0x00, 0x41, 0x00, 0x21, 0x00, 0x21, 0x00, 0x21, 0x00, 0x20, 0x00, 0x21,
    0x00, 0x21, 0x00, 0x41, 0x00, 0x41, 0x00, 0x21, 0x00, 0x21, 0x00, 0x21, 0x00, 0x41, 0x08, 0x61,
    0x00, 0x20, 0x00, 0x20, 0x00, 0x20, 0x00, 0x20, 0x00, 0x21, 0x00, 0x21, 0x00, 0x20, 0x00, 0x21,
    0x00, 0x21, 0x00, 0x41, 0x08, 0x82, 0x00, 0x41, 0x00, 0x20, 0x00, 0x21, 0x00, 0x21, 0x00, 0x21,
    0x00, 0x21, 0x00, 0x21, 0x00, 0x21, 0x00, 0x21, 0x00, 0x21, 0x00, 0x21, 0x00, 0x20, 0x00, 0x20,
    0x00, 0x21, 0x00, 0x20, 0x00, 0x20, 0x00, 0x20, 0x00, 0x20, 0x00, 0x20, 0x00, 0x20, 0x00, 0x20,
    0x00, 0x20, 0x00, 0x21, 0x00, 0x21, 0x00, 0x41, 0x00, 0x41, 0x00, 0x41, 0x00, 0x41, 0x00, 0x21,
    0x00, 0x42, 0x00, 0x83, 0x00, 0x63, 0x00, 0x64, 0x00, 0xA5, 0x00, 0xC6, 0x11, 0x69, 0x21, 0xEB,
    0x22, 0x2D, 0x22, 0x2D, 0x1A, 0x2D, 0x12, 0x0D, 0x09, 0x8B, 0x01, 0x6A, 0x01, 0x4A, 0x01, 0x6B,
    0x09, 0xCC, 0x12, 0x0D, 0x12, 0x2E, 0x12, 0x2E, 0x12, 0x2E, 0x0A, 0x2E, 0x0A, 0x2E, 0x0A, 0x2E,
    0x0A, 0x2E, 0x0A, 0x2E, 0x0A, 0x2E, 0x0A, 0x2E, 0x12, 0x2E, 0x12, 0x2E, 0x12, 0x2E, 0x12, 0x2E,
    0x12, 0x0E, 0x09, 0xAC, 0x11, 0xCD, 0x22, 0x2E, 0x22, 0x0D, 0x29, 0xED, 0x08, 0x22, 0x08, 0x22,
    0x08, 0x22, 0x18, 0xE5, 0x53, 0x2F, 0x53, 0xD1, 0x6D, 0x36, 0x6D, 0xB8, 0x6D, 0xB9, 0x6D, 0xB8,
    0x6D, 0xB8, 0x65, 0xB8, 0x65, 0xB8, 0x65, 0xB8, 0x65, 0xB8, 0x6D, 0xB9, 0x6D, 0xB8, 0x75, 0xB8,
    0x75, 0x98, 0x6D, 0x36, 0x43, 0x90, 0x09, 0x89, 0x01, 0x07, 0x00, 0x86, 0x00, 0xC7, 0x00, 0xE7,
    0x00, 0x44, 0x00, 0x44, 0x00, 0xA5, 0x00, 0xE5, 0x00, 0xA4, 0x00, 0x63, 0x00, 0x22, 0x00, 0x83,
    0x00, 0xA4, 0x00, 0x63, 0x00, 0x42, 0x00, 0x42, 0x00, 0x42, 0x00, 0x42, 0x00, 0x42, 0x00, 0x42,
    0x08, 0x62, 0x00, 0x41, 0x00, 0x41, 0x00, 0x21, 0x00, 0x41, 0x00, 0x41, 0x00, 0x21, 0x00, 0x21,
    0x00, 0x62, 0x00, 0x61, 0x00, 0x21, 0x00, 0x21, 0x00, 0x21, 0x00, 0x20, 0x00, 0x20, 0x00, 0x20,
    0x00, 0x20, 0x00, 0x20, 0x00, 0x20, 0x00, 0x21, 0x00, 0x21, 0x00, 0x20, 0x00, 0x21, 0x00, 0x41,
    0x10, 0xA3, 0x29, 0x66, 0x10, 0xC4, 0x00, 0x21, 0x00, 0x21, 0x00, 0x21, 0x00, 0x21, 0x00, 0x21,
    0x00, 0x21, 0x00, 0x21, 0x00, 0x21, 0x00, 0x21, 0x00, 0x21, 0x00, 0x21, 0x00, 0x21, 0x00, 0x21,
    0x00, 0x20, 0x00, 0x20, 0x00, 0x20, 0x00, 0x20, 0x00, 0x20, 0x00, 0x20, 0x00, 0x20, 0x00, 0x20,
    0x00, 0x21, 0x00, 0x41, 0x00, 0x42, 0x00, 0x42, 0x00, 0x42, 0x00, 0x43, 0x00, 0x43, 0x00, 0xC5,
    0x09, 0x48, 0x09, 0x69, 0x11, 0x8A, 0x19, 0xCC, 0x19, 0xCC, 0x19, 0xED, 0x19, 0xED, 0x22, 0x0D,
    0x19, 0xEC, 0x09, 0xAB, 0x01, 0x4A, 0x01, 0x4A, 0x09, 0xAC, 0x09, 0xED, 0x12, 0x0D, 0x12, 0x2E,
    0x12, 0x2E, 0x12, 0x2E, 0x12, 0x4E, 0x0A, 0x4E, 0x0A, 0x4E, 0x0A, 0x4E, 0x0A, 0x4E, 0x0A, 0x4E,
    0x0A, 0x2E, 0x0A, 0x4E, 0x0A, 0x4E, 0x12, 0x4E, 0x12, 0x4F, 0x12, 0x2E, 0x09, 0xED, 0x09, 0xAC,
    0x11, 0xED, 0x1A, 0x0E, 0x1A, 0x0E, 0x22, 0x0D, 0x29, 0xED, 0x10, 0xA4, 0x19, 0x06, 0x42, 0x6B,
    0x53, 0x6F, 0x75, 0x15, 0x75, 0x98, 0x6D, 0xB8, 0x65, 0xB8, 0x65, 0xB8, 0x65, 0xB8, 0x65, 0xB8,
    0x65, 0xB8, 0x65, 0xB8, 0x65, 0xB8, 0x65, 0xB8, 0x65, 0xB8, 0x6D, 0xB8, 0x6D, 0xB8, 0x6D, 0xB8,
    0x75, 0xB8, 0x75, 0x98, 0x5C, 0x94, 0x19, 0xCA, 0x01, 0x29, 0x01, 0xAB, 0x12, 0x0C, 0x11, 0xAB,
    0x09, 0x69, 0x09, 0x29, 0x00, 0xA6, 0x00, 0x85, 0x00, 0xA5, 0x00, 0x64, 0x00, 0x84, 0x00, 0xC5,
    0x00, 0x84, 0x00, 0x42, 0x00, 0x42, 0x00, 0x22, 0x00, 0x21, 0x00, 0x21, 0x00, 0x41, 0x00, 0x41,
    0x00, 0x41, 0x00, 0x41, 0x00, 0x41, 0x00, 0x62, 0x08, 0xA2, 0x00, 0x41, 0x00, 0x21, 0x00, 0x41,
    0x00, 0x41, 0x00, 0x21, 0x00, 0x21, 0x00, 0x41, 0x00, 0x21, 0x00, 0x21, 0x00, 0x20, 0x00, 0x20,
    0x00, 0x20, 0x00, 0x20, 0x00, 0x41, 0x00, 0x41, 0x00, 0x21, 0x00, 0x20, 0x00, 0x21, 0x00, 0x41,
    0x10, 0xC4, 0x00, 0x42, 0x00, 0x21, 0x00, 0x21, 0x00, 0x21, 0x00, 0x21, 0x00, 0x21, 0x00, 0x21,
    0x00, 0x21, 0x00, 0x21, 0x00, 0x41, 0x00, 0x21, 0x00, 0x21, 0x00, 0x21, 0x00, 0x20, 0x00, 0x20,
    0x00, 0x21, 0x00, 0x41, 0x00, 0x21, 0x00, 0x42, 0x00, 0x63, 0x00, 0x42, 0x00, 0x43, 0x00, 0x84,
    0x00, 0x84, 0x00, 0x85, 0x00, 0x85, 0x00, 0xE6, 0x01, 0x49, 0x01, 0x49, 0x09, 0x6B, 0x11, 0xCC,
    0x11, 0xEC, 0x11, 0xED, 0x19, 0xED, 0x19, 0xED, 0x1A, 0x0D, 0x11, 0xCC, 0x09, 0xAB, 0x01, 0x4A,
    0x01, 0x6B, 0x09, 0xCC, 0x11, 0xED, 0x12, 0x0D, 0x1A, 0x4E, 0x1A, 0x6F, 0x12, 0x4E, 0x12, 0x4E,
    0x12, 0x4E, 0x12, 0x4E, 0x0A, 0x4E, 0x0A, 0x4E, 0x0A, 0x4E, 0x0A, 0x2E, 0x0A, 0x2E, 0x0A, 0x2E,
    0x0A, 0x2E, 0x0A, 0x2E, 0x12, 0x2E, 0x12, 0x4E, 0x12, 0x0D, 0x01, 0xAC, 0x11, 0xED, 0x1A, 0x0E,
    0x1A, 0x0E, 0x1A, 0x2E, 0x22, 0x0E, 0x29, 0xED, 0x21, 0x88, 0x29, 0xC9, 0x74, 0x94, 0x75, 0x77,
    0x6D, 0x97, 0x6D, 0xB8, 0x65, 0xB9, 0x65, 0xB8, 0x65, 0xB8, 0x65, 0xB8, 0x65, 0xB8, 0x65, 0xB8,
    0x65, 0xB8, 0x65, 0xB8, 0x65, 0xB8, 0x65, 0xB8, 0x65, 0xB8, 0x65, 0xB8, 0x6D, 0xB8, 0x6D, 0xB8,
    0x75, 0xB8, 0x75, 0x98, 0x65, 0x17, 0x4B, 0xB2, 0x09, 0xCB, 0x01, 0xCC, 0x02, 0x0C, 0x0A, 0x0D,
    0x12, 0x0D, 0x11, 0xED, 0x11, 0xCC, 0x09, 0xAB, 0x01, 0x6A, 0x09, 0x49, 0x09, 0x28, 0x00, 0xE6,
    0x00, 0x84, 0x00, 0x42, 0x00, 0x21, 0x00, 0x21, 0x00, 0x21, 0x00, 0x21, 0x00, 0x21, 0x00, 0x21,
    0x00, 0x42, 0x00, 0x42, 0x00, 0x62, 0x00, 0x82, 0x00, 0x21, 0x00, 0x21, 0x00, 0x20, 0x00, 0x21,
    0x00, 0x21, 0x00, 0x41, 0x00, 0x41, 0x00, 0x41, 0x00, 0x41, 0x00, 0x41, 0x00, 0x20, 0x00, 0x20,
    0x00, 0x20, 0x00, 0x41, 0x00, 0x41, 0x00, 0x20, 0x00, 0x20, 0x00, 0x21, 0x00, 0x21, 0x00, 0x22,
    0x00, 0x22, 0x00, 0x21, 0x00, 0x21, 0x00, 0x21, 0x00, 0x42, 0x00, 0x41, 0x00, 0x42, 0x00, 0x42,
    0x00, 0x41, 0x00, 0x21, 0x00, 0x21, 0x00, 0x21, 0x00, 0x22, 0x00, 0x63, 0x00, 0x63, 0x00, 0x43,
    0x00, 0xC5, 0x00, 0xA5, 0x08, 0xE6, 0x11, 0x49, 0x09, 0x49, 0x11, 0xAA, 0x11, 0xCB, 0x09, 0xAB,
    0x09, 0xAB, 0x09, 0xCC, 0x01, 0xEC, 0x0A, 0x0D, 0x0A, 0x0D, 0x09, 0xED, 0x12, 0x0D, 0x12, 0x0D,
    0x11, 0xED, 0x11, 0xCC, 0x09, 0x6A, 0x01, 0x29, 0x01, 0x6A, 0x11, 0xEC, 0x11, 0xED, 0x12, 0x0D,
    0x12, 0x0D, 0x12, 0x0D, 0x12, 0x2E, 0x12, 0x4E, 0x1A, 0x6F, 0x12, 0x4E, 0x12, 0x4E, 0x12, 0x4E,
    0x12, 0x4E, 0x12, 0x2E, 0x0A, 0x2E, 0x0A, 0x2E, 0x0A, 0x2E, 0x0A, 0x2E, 0x0A, 0x2E, 0x0A, 0x2E,
    0x0A, 0x2E, 0x0A, 0x2E, 0x12, 0x2E, 0x12, 0x0E, 0x0A, 0x0D, 0x12, 0x0D, 0x12, 0x0E, 0x1A, 0x2E,
    0x1A, 0x2E, 0x22, 0x0E, 0x29, 0xED, 0x19, 0x87, 0x42, 0xCC, 0x75, 0x16, 0x6D, 0xB8, 0x6D, 0xB8,
    0x6D, 0xB9, 0x65, 0xB9, 0x65, 0xB9, 0x65, 0xB8, 0x65, 0xB8, 0x65, 0xB8, 0x65, 0xB8, 0x65, 0xB8,
    0x65, 0xB8, 0x65, 0xB8, 0x65, 0xB9, 0x65, 0xB9, 0x65, 0xB8, 0x65, 0xB8, 0x6D, 0xB8, 0x6D, 0xB8,
    0x6D, 0xB8, 0x6D, 0x98, 0x6D, 0x98, 0x5C, 0xD6, 0x33, 0x2F, 0x01, 0xCB, 0x01, 0xEC, 0x02, 0x0D,
    0x02, 0x0D, 0x0A, 0x0D, 0x0A, 0x0D, 0x12, 0x0D, 0x1A, 0x0D, 0x19, 0xEC, 0x11, 0xAB, 0x09, 0x07,
    0x00, 0x63, 0x00, 0x21, 0x00, 0x21, 0x00, 0x21, 0x00, 0x21, 0x00, 0x21, 0x00, 0x42, 0x00, 0x83,
    0x00, 0x63, 0x00, 0x63, 0x00, 0x42, 0x00, 0x21, 0x00, 0x21, 0x00, 0x21, 0x00, 0x21, 0x00, 0x21,
    0x00, 0x41, 0x00, 0x62, 0x00, 0x61, 0x00, 0x41, 0x00, 0x21, 0x00, 0x20, 0x00, 0x20, 0x00, 0x20,
    0x00, 0x20, 0x00, 0x21, 0x00, 0x20, 0x00, 0x20, 0x00, 0x21, 0x00, 0x22, 0x08, 0x63, 0x10, 0xE6,
    0x08, 0xC6, 0x08, 0xE6, 0x11, 0x27, 0x08, 0xC6, 0x00, 0x85, 0x00, 0x85, 0x00, 0x85, 0x00, 0x44,
    0x00, 0x85, 0x00, 0x65, 0x00, 0x45, 0x00, 0x86, 0x00, 0xC8, 0x00, 0xA7, 0x00, 0xC7, 0x11, 0x29,
    0x11, 0x6A, 0x19, 0xAB, 0x11, 0x6A, 0x09, 0x6A, 0x1A, 0x0C, 0x12, 0x0D, 0x09, 0xEC, 0x09, 0xED,
    0x0A, 0x0D, 0x12, 0x0D, 0x12, 0x0D, 0x12, 0x0D, 0x09, 0xEC, 0x09, 0xCC, 0x09, 0x6B, 0x01, 0x4A,
    0x01, 0x2A, 0x01, 0x4A, 0x09, 0xAC, 0x1A, 0x2E, 0x1A, 0x2E, 0x12, 0x2D, 0x12, 0x2D, 0x12, 0x2D,
    0x12, 0x2E, 0x12, 0x2E, 0x12, 0x4E, 0x12, 0x4E, 0x12, 0x2E, 0x12, 0x2E, 0x12, 0x2E, 0x12, 0x2E,
    0x12, 0x2E, 0x0A, 0x2E, 0x0A, 0x2E, 0x0A, 0x2E, 0x0A, 0x2E, 0x0A, 0x2E, 0x0A, 0x2E, 0x0A, 0x2E,
    0x12, 0x4E, 0x12, 0x2E, 0x12, 0x2E, 0x0A, 0x0D, 0x12, 0x0D, 0x12, 0x0E, 0x1A, 0x2E, 0x1A, 0x2E,
    0x1A, 0x0E, 0x29, 0xED, 0x10, 0xE5, 0x42, 0x8C, 0x75, 0x56, 0x6D, 0xB8, 0x6D, 0xB8, 0x6D, 0xB8,
    0x6D, 0xB8, 0x65, 0xB8, 0x65, 0xB9, 0x65, 0xB9, 0x65, 0xB9, 0x65, 0xB9, 0x65, 0xB8, 0x65, 0xB8,
    0x65, 0xB8, 0x65, 0xB9, 0x65, 0xB9, 0x65, 0xB8, 0x65, 0xB8, 0x65, 0xB8, 0x65, 0xB8, 0x6D, 0xB8,
    0x6D, 0xB8, 0x6D, 0xB8, 0x75, 0x98, 0x6D, 0x58, 0x54, 0x74, 0x22, 0xCE, 0x01, 0xEB, 0x01, 0xEC,
    0x02, 0x0D, 0x02, 0x0D, 0x0A, 0x2E, 0x12, 0x2E, 0x12, 0x0D, 0x19, 0xAA, 0x00, 0x64, 0x00, 0x21,
    0x00, 0x21, 0x00, 0x21, 0x00, 0x20, 0x00, 0x21, 0x00, 0x43, 0x11, 0x28, 0x19, 0xCB, 0x09, 0x69,
    0x00, 0xE7, 0x01, 0x07, 0x00, 0xC5, 0x00, 0x42, 0x00, 0x22, 0x00, 0x21, 0x00, 0x21, 0x00, 0x21,
    0x00, 0x42, 0x00, 0x41, 0x00, 0x21, 0x00, 0x21, 0x00, 0x21, 0x00, 0x20, 0x00, 0x20, 0x00, 0x20,
    0x00, 0x20, 0x00, 0x20, 0x00, 0x20, 0x00, 0x41, 0x00, 0x22, 0x08, 0x84, 0x11, 0x06, 0x00, 0xC7,
    0x11, 0x6A, 0x21, 0xCB, 0x19, 0xAB, 0x09, 0x4A, 0x01, 0x09, 0x01, 0x29, 0x01, 0x08, 0x01, 0x29,
    0x09, 0x4A, 0x09, 0x6A, 0x09, 0x6B, 0x09, 0x8C, 0x09, 0x8B, 0x11, 0xAB, 0x11, 0x6A, 0x09, 0x49,
    0x11, 0x69, 0x01, 0x07, 0x00, 0xC6, 0x09, 0x48, 0x09, 0x69, 0x01, 0x6A, 0x09, 0xCB, 0x19, 0xEC,
    0x1A, 0x0D, 0x11, 0xAC, 0x01, 0x4A, 0x01, 0x2A, 0x01, 0x09, 0x01, 0x2A, 0x09, 0x8B, 0x11, 0xED,
    0x12, 0x0D, 0x12, 0x0D, 0x12, 0x2E, 0x12, 0x2E, 0x12, 0x2D, 0x12, 0x2E, 0x12, 0x2E, 0x12, 0x2E,
    0x12, 0x2E, 0x12, 0x2E, 0x12, 0x2E, 0x12, 0x2E, 0x12, 0x2E, 0x12, 0x2E, 0x12, 0x2E, 0x12, 0x2E,
    0x0A, 0x2E, 0x0A, 0x2E, 0x0A, 0x2E, 0x0A, 0x2E, 0x0A, 0x2E, 0x0A, 0x2E, 0x0A, 0x2E, 0x12, 0x4E,
    0x12, 0x4E, 0x12, 0x4E, 0x0A, 0x2E, 0x12, 0x2E, 0x12, 0x2E, 0x1A, 0x2E, 0x1A, 0x2E, 0x1A, 0x0E,
    0x29, 0xED, 0x00, 0x43, 0x32, 0x4B, 0x75, 0x56, 0x65, 0xB8, 0x6D, 0xB9, 0x6D, 0xB8, 0x65, 0xB8,
    0x65, 0xB8, 0x65, 0xB8, 0x65, 0xB9, 0x65, 0xB9, 0x65, 0xB9, 0x65, 0xB8, 0x65, 0xB8, 0x65, 0xB8,
    0x65, 0xB9, 0x65, 0xB8, 0x65, 0xB8, 0x65, 0xB8, 0x65, 0xB8, 0x65, 0xB8, 0x65, 0xB8, 0x6D, 0xB8,
    0x6D, 0xB8, 0x75, 0xB8, 0x75, 0xB9, 0x75, 0x98, 0x6D, 0x58, 0x43, 0xF2, 0x12, 0x4D, 0x01, 0xEC,
    0x02, 0x0D, 0x02, 0x0D, 0x0A, 0x2D, 0x11, 0xEC, 0x00, 0xE6, 0x00, 0x22, 0x00, 0x21, 0x00, 0x21,
    0x00, 0x21, 0x00, 0x21, 0x00, 0x42, 0x00, 0xC6, 0x21, 0xCB, 0x19, 0xED, 0x19, 0xED, 0x09, 0xAC,
    0x09, 0xAC, 0x09, 0xAB, 0x01, 0x29, 0x09, 0x28, 0x08, 0xE7, 0x00, 0x85, 0x00, 0x23, 0x00, 0x43,
    0x00, 0x22, 0x00, 0x21, 0x00, 0x21, 0x00, 0x21, 0x00, 0x21, 0x00, 0x21, 0x00, 0x21, 0x00, 0x21,
    0x00, 0x21, 0x00, 0x41, 0x00, 0x41, 0x00, 0x21, 0x00, 0x22, 0x19, 0x47, 0x21, 0x8A, 0x19, 0xCB,
    0x19, 0xEC, 0x19, 0xEC, 0x1A, 0x0D, 0x1A, 0x0D, 0x1A, 0x0D, 0x19, 0xED, 0x11, 0xED, 0x11, 0xED,
    0x11, 0xED, 0x12, 0x0D, 0x12, 0x0D, 0x12, 0x0D, 0x11, 0xCB, 0x09, 0x28, 0x00, 0x84, 0x00, 0x43,
    0x00, 0x22, 0x00, 0x21, 0x00, 0x42, 0x00, 0x43, 0x00, 0x84, 0x01, 0x07, 0x09, 0x49, 0x01, 0x09,
    0x00, 0xE8, 0x01, 0x49, 0x09, 0x8B, 0x09, 0xAC, 0x09, 0xEC, 0x12, 0x0D, 0x0A, 0x2D, 0x0A, 0x2D,
    0x0A, 0x2D, 0x0A, 0x2E, 0x0A, 0x2E, 0x0A, 0x2E, 0x0A, 0x2E, 0x0A, 0x2E, 0x0A, 0x2E, 0x12, 0x2E,
    0x0A, 0x2E, 0x0A, 0x2E, 0x12, 0x2E, 0x12, 0x2E, 0x12, 0x2E, 0x12, 0x2E, 0x0A, 0x2E, 0x0A, 0x2E,
    0x0A, 0x4E, 0x0A, 0x2E, 0x0A, 0x2E, 0x0A, 0x2E, 0x0A, 0x2E, 0x0A, 0x2E, 0x0A, 0x4E, 0x12, 0x4F,
    0x12, 0x4E, 0x12, 0x2E, 0x12, 0x2E, 0x12, 0x2E, 0x1A, 0x4E, 0x1A, 0x2E, 0x1A, 0x0E, 0x29, 0xED,
    0x21, 0xA8, 0x4B, 0xB0, 0x6D, 0x77, 0x6D, 0xB8, 0x6D, 0xB9, 0x65, 0xB8, 0x65, 0xB8, 0x65, 0xB8,
    0x65, 0xB8, 0x65, 0xB9, 0x65, 0xB9, 0x65, 0xB9, 0x65, 0xB8, 0x65, 0xB8, 0x65, 0xB8, 0x65, 0xB9,
    0x65, 0xB8, 0x65, 0xB8, 0x65, 0xB8, 0x65, 0xB8, 0x65, 0xB8, 0x65, 0xB8, 0x6D, 0xB8, 0x6D, 0xB8,
    0x6D, 0xB8, 0x75, 0xB9, 0x6D, 0xB8, 0x75, 0xB9, 0x6D, 0x98, 0x65, 0x37, 0x3B, 0xB1, 0x0A, 0x2C,
    0x01, 0xEB, 0x02, 0x0C, 0x09, 0x8A, 0x00, 0x44, 0x00, 0x22, 0x00, 0x21, 0x00, 0x41, 0x00, 0x21,
    0x00, 0x21, 0x00, 0x43, 0x11, 0x49, 0x19, 0xEC, 0x1A, 0x0D, 0x1A, 0x2E, 0x12, 0x0E, 0x0A, 0x0D,
    0x0A, 0x0E, 0x12, 0x0D, 0x12, 0x0D, 0x19, 0xEC, 0x19, 0xCC, 0x21, 0xCB, 0x21, 0xCB, 0x00, 0xA6,
    0x00, 0x44, 0x00, 0x22, 0x00, 0x22, 0x00, 0x62, 0x00, 0x42, 0x00, 0x42, 0x08, 0x62, 0x00, 0x21,
    0x00, 0x41, 0x00, 0x21, 0x00, 0x21, 0x00, 0x22, 0x08, 0xA4, 0x21, 0xCA, 0x2A, 0x0C, 0x22, 0x2D,
    0x1A, 0x2D, 0x1A, 0x0D, 0x12, 0x0E, 0x12, 0x0E, 0x12, 0x0E, 0x12, 0x0D, 0x0A, 0x0D, 0x0A, 0x0D,
    0x0A, 0x0D, 0x0A, 0x0D, 0x09, 0xEB, 0x01, 0x28, 0x00, 0x44, 0x00, 0x21, 0x00, 0x21, 0x00, 0x20,
    0x00, 0x20, 0x00, 0x20, 0x00, 0x21, 0x00, 0x42, 0x00, 0x63, 0x00, 0xA6, 0x11, 0x49, 0x11, 0xAB,
    0x11, 0xEC, 0x11, 0xEC, 0x0A, 0x0D, 0x0A, 0x0D, 0x0A, 0x2D, 0x0A, 0x2E, 0x0A, 0x2E, 0x0A, 0x2E,
    0x0A, 0x4E, 0x0A, 0x4E, 0x0A, 0x2E, 0x0A, 0x2E, 0x0A, 0x2E, 0x0A, 0x2E, 0x0A, 0x2E, 0x0A, 0x2E,
    0x12, 0x2E, 0x12, 0x2E, 0x12, 0x4E, 0x0A, 0x2E, 0x0A, 0x2E, 0x0A, 0x2E, 0x0A, 0x2E, 0x0A, 0x2E,
    0x0A, 0x2E, 0x0A, 0x2E, 0x0A, 0x2E, 0x0A, 0x2E, 0x0A, 0x4E, 0x0A, 0x4E, 0x12, 0x4E, 0x12, 0x4E,
    0x12, 0x2E, 0x12, 0x2E, 0x12, 0x2E, 0x1A, 0x4E, 0x1A, 0x2E, 0x1A, 0x0E, 0x2A, 0x0D, 0x6C, 0xD5,
    0x6D, 0x57, 0x6D, 0xB8, 0x6D, 0xD9, 0x65, 0xB8, 0x65, 0xB9, 0x65, 0xB9, 0x65, 0xB9, 0x65, 0xB9,
    0x65, 0xB8, 0x65, 0xB8, 0x65, 0xB8, 0x65, 0xB8, 0x65, 0xB9, 0x65, 0xB9, 0x65, 0xB9, 0x65, 0xB8,
    0x65, 0xB8, 0x65, 0xB8, 0x65, 0xB8, 0x65, 0xB8, 0x65, 0xB8, 0x6D, 0xB8, 0x6D, 0xB8, 0x6D, 0xB8,
    0x6D, 0xB8, 0x6D, 0xB8, 0x6D, 0xB8, 0x6D, 0xB8, 0x75, 0xB8, 0x6D, 0x78, 0x64, 0xF7, 0x3B, 0x50,
    0x09, 0xCA, 0x01, 0x07, 0x00, 0x23, 0x00, 0x21, 0x00, 0x41, 0x00, 0x41, 0x00, 0x21, 0x00, 0x22,
    0x00, 0x64, 0x19, 0xAA, 0x19, 0xEC, 0x1A, 0x2D, 0x12, 0x4E, 0x0A, 0x2E, 0x0A, 0x2D, 0x0A, 0x2D,
    0x0A, 0x2E, 0x12, 0x2D, 0x12, 0x0D, 0x1A, 0x0D, 0x1A, 0x2D, 0x19, 0xEC, 0x09, 0x49, 0x01, 0x08,
    0x00, 0xA5, 0x00, 0x64, 0x00, 0x64, 0x00, 0x42, 0x00, 0x22, 0x00, 0x42, 0x00, 0x41, 0x00, 0x21,
    0x00, 0x21, 0x00, 0x41, 0x00, 0x42, 0x00, 0x42, 0x11, 0x26, 0x21, 0xCA, 0x22, 0x0C, 0x22, 0x2D,
    0x1A, 0x0D, 0x12, 0x0D, 0x0A, 0x0D, 0x0A, 0x0E, 0x0A, 0x0E, 0x0A, 0x0D, 0x0A, 0x0D, 0x0A, 0x0D,
    0x11, 0xEC, 0x09, 0x48, 0x00, 0x63, 0x00, 0x21, 0x00, 0x20, 0x00, 0x20, 0x00, 0x21, 0x00, 0x20,
    0x00, 0x21, 0x00, 0x21, 0x00, 0x22, 0x00, 0x22, 0x00, 0x64, 0x09, 0x28, 0x11, 0x8A, 0x11, 0xEC,
    0x0A, 0x0D, 0x12, 0x2E, 0x0A, 0x2E, 0x0A, 0x2E, 0x02, 0x2E, 0x0A, 0x2E, 0x0A, 0x4E, 0x0A, 0x4E,
    0x0A, 0x4E, 0x0A, 0x2E, 0x0A, 0x2E, 0x0A, 0x2E, 0x0A, 0x2E, 0x12, 0x2E, 0x12, 0x2E, 0x12, 0x2E,
    0x12, 0x4E, 0x12, 0x4E, 0x0A, 0x2E, 0x01, 0xCD, 0x01, 0xED, 0x0A, 0x0D, 0x0A, 0x2E, 0x0A, 0x2E,
    0x0A, 0x2E, 0x0A, 0x2E, 0x0A, 0x2E, 0x0A, 0x4E, 0x0A, 0x4E, 0x0A, 0x4E, 0x12, 0x2E, 0x12, 0x2E,
    0x12, 0x2E, 0x12, 0x2E, 0x1A, 0x4E, 0x1A, 0x2E, 0x1A, 0x2E, 0x2A, 0x0D, 0x6D, 0x98, 0x6D, 0xB8,
    0x6D, 0xB8, 0x6D, 0xB9, 0x6D, 0xB9, 0x65, 0xB9, 0x65, 0xB9, 0x65, 0xB9, 0x65, 0xB9, 0x65, 0xB8,
    0x65, 0xB8, 0x65, 0xB8, 0x65, 0xB8, 0x65, 0xB9, 0x65, 0xB9, 0x65, 0xB9, 0x65, 0xB8, 0x65, 0xB8,
    0x65, 0xB8, 0x65, 0xB8, 0x65, 0xB8, 0x65, 0xB8, 0x6D, 0xB8, 0x6D, 0xB8, 0x6D, 0xB8, 0x6D, 0xB8,
    0x6D, 0xB8, 0x6D, 0xB8, 0x6D, 0xB8, 0x6D, 0xB8, 0x6D, 0x98, 0x75, 0x98, 0x6D, 0x78, 0x64, 0xB5,
    0x43, 0x2E, 0x00, 0xC5, 0x00, 0x22, 0x00, 0x21, 0x00, 0x21, 0x00, 0x21, 0x00, 0x42, 0x00, 0x43,
    0x11, 0x49, 0x19, 0xCC, 0x1A, 0x0D, 0x12, 0x2E, 0x12, 0x2E, 0x0A, 0x2E, 0x0A, 0x2E, 0x0A, 0x2E,
    0x0A, 0x0E, 0x0A, 0x0E, 0x12, 0x0D, 0x12, 0x2E, 0x12, 0x2D, 0x11, 0xEC, 0x11, 0xCB, 0x09, 0x6A,
    0x01, 0x28, 0x00, 0xA6, 0x00, 0x64, 0x00, 0x43, 0x00, 0x42, 0x00, 0x22, 0x00, 0x21, 0x00, 0x21,
    0x00, 0x41, 0x00, 0x41, 0x00, 0x41, 0x00, 0x63, 0x00, 0x84, 0x11, 0x48, 0x11, 0x89, 0x11, 0xAB,
    0x09, 0xAB, 0x09, 0xEC, 0x12, 0x0D, 0x12, 0x0D, 0x12, 0x0D, 0x11, 0xEC, 0x09, 0x8A, 0x01, 0x07,
    0x00, 0x63, 0x00, 0x21, 0x00, 0x20, 0x00, 0x20, 0x00, 0x21, 0x00, 0x41, 0x00, 0x41, 0x00, 0x20,
    0x00, 0x21, 0x00, 0x21, 0x00, 0x21, 0x00, 0x23, 0x00, 0x85, 0x01, 0x49, 0x09, 0xEC, 0x0A, 0x0D,
    0x12, 0x2E, 0x0A, 0x2E, 0x0A, 0x2E, 0x0A, 0x2E, 0x0A, 0x2E, 0x12, 0x2E, 0x12, 0x4E, 0x12, 0x4E,
    0x12, 0x4E, 0x12, 0x2E, 0x12, 0x2E, 0x12, 0x4E, 0x12, 0x2E, 0x12, 0x2E, 0x12, 0x2E, 0x12, 0x2E,
    0x09, 0xED, 0x09, 0xED, 0x09, 0xED, 0x0A, 0x0E, 0x0A, 0x0D, 0x0A, 0x2E, 0x0A, 0x2E, 0x0A, 0x2E,
    0x0A, 0x2E, 0x0A, 0x4E, 0x0A, 0x4E, 0x0A, 0x4E, 0x0A, 0x4E, 0x12, 0x2E, 0x12, 0x2E, 0x12, 0x2E,
    0x12, 0x2E, 0x1A, 0x4E, 0x1A, 0x2E, 0x1A, 0x2E, 0x2A, 0x0D, 0x6D, 0xB8, 0x6D, 0xB8, 0x6D, 0xB9,
    0x65, 0xB9, 0x65, 0xB9, 0x65, 0xB9, 0x65, 0xB9, 0x65, 0xB9, 0x65, 0xB9, 0x65, 0xB8, 0x65, 0xB8,
    0x65, 0xB8, 0x65, 0xB9, 0x65, 0xB9, 0x65, 0xB9, 0x65, 0xB9, 0x65, 0xB8, 0x65, 0xB8, 0x65, 0xB8,
    0x65, 0xB8, 0x65, 0xB8, 0x65, 0xB8, 0x6D, 0xB8, 0x6D, 0xB8, 0x6D, 0xB8, 0x6D, 0xB8, 0x6D, 0xB8,
    0x6D, 0xB8, 0x6D, 0xB8, 0x6D, 0xB8, 0x6D, 0xB8, 0x6D, 0xB8, 0x75, 0xB9, 0x75, 0xB8, 0x75, 0x98,
    0x5C, 0x53, 0x19, 0x67, 0x00, 0x21, 0x00, 0x21, 0x00, 0x21, 0x00, 0x21, 0x00, 0x42, 0x00, 0x65,
    0x11, 0x69, 0x1A, 0x0C, 0x1A, 0x2E, 0x12, 0x4E, 0x12, 0x2E, 0x0A, 0x2E, 0x0A, 0x2E, 0x0A, 0x2E,
    0x0A, 0x2E, 0x12, 0x2E, 0x12, 0x2E, 0x12, 0x4E, 0x1A, 0x4E, 0x1A, 0x4E, 0x12, 0x0D, 0x12, 0x0D,
    0x11, 0xCC, 0x09, 0x49, 0x00, 0xE7, 0x00, 0x85, 0x00, 0x22, 0x00, 0x02, 0x00, 0x21, 0x00, 0x41,
    0x00, 0x41, 0x00, 0x21, 0x00, 0x62, 0x00, 0x42, 0x00, 0x23, 0x00, 0x85, 0x00, 0xC7, 0x01, 0x4A,
    0x09, 0x8B, 0x11, 0xAC, 0x09, 0x8B, 0x01, 0x4A, 0x01, 0x08, 0x00, 0xA6, 0x00, 0x22, 0x00, 0x22,
    0x00, 0x21, 0x00, 0x20, 0x00, 0x20, 0x00, 0x21, 0x08, 0x62, 0x08, 0x61, 0x00, 0x40, 0x00, 0x21,
    0x00, 0x21, 0x00, 0x21, 0x00, 0x23, 0x00, 0xA6, 0x09, 0x49, 0x09, 0xCC, 0x0A, 0x0D, 0x12, 0x2E,
    0x0A, 0x2E, 0x0A, 0x2E, 0x0A, 0x2E, 0x0A, 0x4E, 0x12, 0x4E, 0x12, 0x4E, 0x1A, 0x6F, 0x12, 0x4E,
    0x12, 0x4E, 0x1A, 0x4E, 0x1A, 0x6E, 0x1A, 0x6E, 0x12, 0x2E, 0x09, 0xED, 0x01, 0xCC, 0x09, 0xED,
    0x12, 0x2E, 0x12, 0x4F, 0x12, 0x4E, 0x0A, 0x2E, 0x0A, 0x2E, 0x0A, 0x2E, 0x0A, 0x2E, 0x0A, 0x2E,
    0x0A, 0x4E, 0x0A, 0x4E, 0x0A, 0x4E, 0x0A, 0x4E, 0x12, 0x4E, 0x12, 0x2E, 0x12, 0x2E, 0x12, 0x2E,
    0x1A, 0x2E, 0x1A, 0x2E, 0x1A, 0x2E, 0x2A, 0x0D, 0x6D, 0xB9, 0x6D, 0xB9, 0x6D, 0xB9, 0x65, 0xB9,
    0x65, 0xB9, 0x65, 0xB9, 0x65, 0xB9, 0x65, 0xB8, 0x65, 0xB8, 0x65, 0xB8, 0x65, 0xB8, 0x65, 0xB9,
    0x65, 0xB9, 0x65, 0xB9, 0x65, 0xB9, 0x65, 0xB9, 0x65, 0xB9, 0x65, 0xB8, 0x65, 0xB8, 0x65, 0xB8,
    0x6D, 0xB8, 0x6D, 0xB8, 0x6D, 0xB8, 0x6D, 0xB8, 0x6D, 0xB8, 0x6D, 0xB8, 0x6D, 0xB8, 0x6D, 0xB8,
    0x6D, 0xB8, 0x6D, 0xB8, 0x6D, 0xB8, 0x6D, 0xB8, 0x6D, 0xB8, 0x6D, 0xB8, 0x75, 0xB8, 0x75, 0x98,
    0x6C, 0xD4, 0x21, 0xE9, 0x00, 0x42, 0x00, 0x01, 0x00, 0x21, 0x00, 0x42, 0x00, 0x23, 0x00, 0xA6,
    0x09, 0x8A, 0x1A, 0x2D, 0x1A, 0x4E, 0x12, 0x4E, 0x12, 0x4E, 0x12, 0x4E, 0x1A, 0x4E, 0x12, 0x4E,
    0x12, 0x4E, 0x12, 0x2E, 0x12, 0x2E, 0x12, 0x2E, 0x12, 0x2E, 0x12, 0x2E, 0x12, 0x2E, 0x12, 0x0D,
    0x1A, 0x0D, 0x19, 0xEC, 0x11, 0x69, 0x00, 0x85, 0x00, 0x44, 0x00, 0x22, 0x00, 0x42, 0x00, 0x62,
    0x00, 0x21, 0x00, 0x42, 0x00, 0x23, 0x00, 0x65, 0x08, 0xE7, 0x00, 0xC7, 0x00, 0xC8, 0x00, 0xC8,
    0x00, 0xE9, 0x01, 0x09, 0x11, 0x6A, 0x11, 0x48, 0x00, 0x84, 0x00, 0x21, 0x00, 0x21, 0x00, 0x21,
    0x00, 0x40, 0x00, 0x20, 0x00, 0x21, 0x00, 0x61, 0x00, 0x41, 0x00, 0x21, 0x00, 0x41, 0x00, 0x41,
    0x00, 0x21, 0x00, 0x22, 0x00, 0x85, 0x09, 0x6A, 0x12, 0x0C, 0x12, 0x2D, 0x12, 0x2D, 0x0A, 0x2E,
    0x0A, 0x2E, 0x0A, 0x2E, 0x12, 0x4E, 0x12, 0x4E, 0x1A, 0x6E, 0x1A, 0x6F, 0x1A, 0x6E, 0x1A, 0x4E,
    0x1A, 0x2E, 0x12, 0x0D, 0x09, 0xCC, 0x01, 0xAB, 0x09, 0xCC, 0x12, 0x2E, 0x12, 0x2E, 0x12, 0x2E,
    0x12, 0x4E, 0x12, 0x4E, 0x0A, 0x2E, 0x0A, 0x2E, 0x0A, 0x2E, 0x0A, 0x2E, 0x0A, 0x2E, 0x0A, 0x2E,
    0x0A, 0x4E, 0x0A, 0x4E, 0x0A, 0x4E, 0x12, 0x4E, 0x12, 0x4E, 0x12, 0x4E, 0x1A, 0x2E, 0x1A, 0x2E,
    0x1A, 0x2E, 0x1A, 0x2E, 0x29, 0xED, 0x6D, 0xD9, 0x6D, 0xD9, 0x6D, 0xB9, 0x65, 0xB8, 0x65, 0xB8,
    0x65, 0xB8, 0x65, 0xB9, 0x65, 0xB9, 0x65, 0xB9, 0x65, 0xB8, 0x65, 0xB8, 0x65, 0xB8, 0x65, 0xB9,
    0x65, 0xB9, 0x65, 0xB9, 0x65, 0xB9, 0x65, 0xB8, 0x6D, 0xB8, 0x6D, 0xB8, 0x6D, 0x98, 0x6D, 0xB8,
    0x6D, 0xB8, 0x6D, 0xB8, 0x6D, 0xB8, 0x6D, 0xB8, 0x6D, 0xB8, 0x6D, 0xB8, 0x75, 0xB8, 0x6D, 0xB8,
    0x6D, 0xB8, 0x6D, 0xB8, 0x6D, 0xB8, 0x6D, 0xB8, 0x6D, 0xB8, 0x6D, 0xB8, 0x75, 0xB8, 0x7D, 0x98,
    0x5C, 0x11, 0x00, 0x83, 0x00, 0x01, 0x00, 0x21, 0x00, 0x42, 0x00, 0x43, 0x00, 0xA5, 0x11, 0xAA,
    0x22, 0x2D, 0x1A, 0x2D, 0x12, 0x0D, 0x12, 0x0D, 0x1A, 0x2E, 0x1A, 0x4E, 0x1A, 0x4E, 0x12, 0x2D,
    0x12, 0x2E, 0x12, 0x2D, 0x12, 0x2D, 0x12, 0x0D, 0x12, 0x0E, 0x1A, 0x0D, 0x11, 0xCC, 0x19, 0xCC,
    0x19, 0xCC, 0x11, 0x8A, 0x00, 0xE7, 0x00, 0xA6, 0x00, 0x64, 0x00, 0x84, 0x00, 0x64, 0x00, 0x64,
    0x00, 0xA5, 0x08, 0xE7, 0x09, 0x08, 0x09, 0x49, 0x09, 0x6A, 0x11, 0xAB, 0x19, 0xCC, 0x19, 0xED,
    0x11, 0xEC, 0x1A, 0x0C, 0x11, 0x68, 0x00, 0x43, 0x00, 0x21, 0x00, 0x21, 0x00, 0x20, 0x00, 0x40,
    0x00, 0x41, 0x00, 0x41, 0x08, 0x62, 0x08, 0x61, 0x00, 0x41, 0x00, 0x21, 0x00, 0x21, 0x00, 0x21,
    0x00, 0x22, 0x00, 0x44, 0x11, 0x69, 0x1A, 0x0C, 0x12, 0x2D, 0x12, 0x2D, 0x12, 0x2D, 0x12, 0x2E,
    0x12, 0x2E, 0x12, 0x2E, 0x1A, 0x4E, 0x1A, 0x4E, 0x12, 0x2D, 0x12, 0x0D, 0x11, 0xEC, 0x09, 0xCC,
    0x09, 0xAB, 0x09, 0xCC, 0x1A, 0x2D, 0x1A, 0x4E, 0x1A, 0x4E, 0x12, 0x2E, 0x12, 0x2E, 0x12, 0x4E,
    0x12, 0x4E, 0x0A, 0x2E, 0x0A, 0x2E, 0x0A, 0x2E, 0x0A, 0x2E, 0x0A, 0x2E, 0x0A, 0x4E, 0x0A, 0x4E,
    0x0A, 0x4E, 0x0A, 0x2E, 0x12, 0x2E, 0x12, 0x2E, 0x12, 0x2E, 0x1A, 0x2E, 0x1A, 0x2E, 0x1A, 0x4E,
    0x1A, 0x2E, 0x2A, 0x0D, 0x6D, 0xB9, 0x6D, 0xB9, 0x6D, 0xB9, 0x65, 0xB8, 0x65, 0xB8, 0x65, 0xB8,
    0x65, 0xB9, 0x65, 0xB9, 0x65, 0xB9, 0x65, 0xB9, 0x65, 0xB8, 0x6D, 0xB9, 0x65, 0xB8, 0x65, 0xB8,
    0x65, 0xB8, 0x65, 0xB8, 0x65, 0xB8, 0x6D, 0x98, 0x6D, 0x98, 0x6D, 0x77, 0x6D, 0x57, 0x6D, 0x56,
    0x6D, 0x36, 0x6D, 0x36, 0x6D, 0x36, 0x64, 0xD4, 0x6D, 0x15, 0x75, 0x97, 0x75, 0x98, 0x75, 0xB8,
    0x6D, 0xB8, 0x6D, 0x98, 0x6D, 0xB8, 0x6D, 0xB8, 0x6D, 0xB8, 0x6D, 0xB8, 0x75, 0xB8, 0x75, 0x56,
    0x5C, 0x11, 0x32, 0x29, 0x21, 0xC8, 0x29, 0xA8, 0x00, 0x84, 0x00, 0x65, 0x00, 0xC7, 0x11, 0x8A,
    0x11, 0x8A, 0x01, 0x4A, 0x01, 0x4A, 0x09, 0xAB, 0x11, 0xCC, 0x11, 0xAB, 0x09, 0xAB, 0x09, 0xAB,
    0x01, 0xAB, 0x01, 0x8B, 0x01, 0x8B, 0x01, 0x6A, 0x01, 0x2A, 0x01, 0x09, 0x01, 0x09, 0x01, 0x29,
    0x01, 0x49, 0x01, 0x49, 0x09, 0x4A, 0x11, 0x8A, 0x19, 0xCB, 0x11, 0x8A, 0x19, 0xAB, 0x19, 0xEC,
    0x19, 0xEC, 0x11, 0xEC, 0x11, 0xED, 0x11, 0xEC, 0x12, 0x0D, 0x1A, 0x2D, 0x12, 0x0D, 0x0A, 0x0C,
    0x09, 0x89, 0x00, 0xA4, 0x00, 0x62, 0x00, 0x62, 0x00, 0x41, 0x00, 0x20, 0x00, 0x20, 0x00, 0x41,
    0x00, 0x41, 0x08, 0x82, 0x08, 0x82, 0x00, 0x41, 0x00, 0x21, 0x00, 0x21, 0x00, 0x21, 0x00, 0x22,
    0x00, 0x43, 0x09, 0x08, 0x19, 0xEC, 0x1A, 0x2D, 0x12, 0x2D, 0x12, 0x2D, 0x12, 0x2E, 0x12, 0x2E,
    0x12, 0x0D, 0x12, 0x0D, 0x11, 0xEC, 0x09, 0xAB, 0x09, 0xAC, 0x11, 0xED, 0x1A, 0x2E, 0x1A, 0x2E,
    0x1A, 0x4E, 0x22, 0x6E, 0x1A, 0x6E, 0x1A, 0x4E, 0x12, 0x2E, 0x12, 0x2E, 0x12, 0x2E, 0x0A, 0x2E,
    0x0A, 0x2E, 0x0A, 0x2E, 0x0A, 0x2E, 0x0A, 0x2E, 0x0A, 0x4E, 0x0A, 0x4E, 0x0A, 0x4E, 0x0A, 0x4E,
    0x0A, 0x4E, 0x12, 0x2E, 0x12, 0x2E, 0x12, 0x2E, 0x1A, 0x2E, 0x1A, 0x4E, 0x1A, 0x4E, 0x1A, 0x2E,
    0x2A, 0x0E, 0x6D, 0xB9, 0x6D, 0xB9, 0x6D, 0xB9, 0x65, 0xB8, 0x65, 0xB8, 0x65, 0xB8, 0x65, 0xB9,
    0x65, 0xB9, 0x65, 0xB9, 0x65, 0xB9, 0x65, 0xB9, 0x6D, 0xB9, 0x65, 0xB8, 0x65, 0xB8, 0x65, 0xB8,
    0x65, 0xB8, 0x65, 0xB8, 0x6D, 0xB8, 0x6D, 0x77, 0x43, 0x8F, 0x32, 0xAC, 0x3A, 0xCC, 0x5B, 0xD0,
    0x43, 0x0D, 0x2A, 0x2A, 0x09, 0x05, 0x2A, 0x2A, 0x5C, 0x11, 0x6C, 0xB3, 0x6C, 0xD4, 0x6C, 0xD4,
    0x64, 0xD4, 0x6D, 0x15, 0x75, 0x36, 0x75, 0x16, 0x64, 0xD5, 0x64, 0xB4, 0x64, 0x94, 0x64, 0x32,
    0x53, 0x70, 0x4B, 0x2F, 0x3A, 0xAD, 0x11, 0x49, 0x09, 0x08, 0x11, 0x6A, 0x11, 0xAB, 0x11, 0xAB,
    0x01, 0x29, 0x01, 0x29, 0x11, 0xAB, 0x22, 0x0C, 0x11, 0xCB, 0x09, 0x8B, 0x11, 0xCC, 0x12, 0x0D,
    0x12, 0x0D, 0x12, 0x0D, 0x12, 0x0D, 0x1A, 0x0D, 0x22, 0x2E, 0x1A, 0x2E, 0x12, 0x0D, 0x12, 0x2D,
    0x0A, 0x2D, 0x12, 0x0D, 0x1A, 0x2D, 0x1A, 0x0D, 0x19, 0xCB, 0x11, 0x6A, 0x11, 0xAB, 0x11, 0xCB,
    0x11, 0xCB, 0x11, 0xEC, 0x11, 0xED, 0x12, 0x0D, 0x12, 0x2D, 0x0A, 0x0D, 0x09, 0x8A, 0x00, 0xA5,
    0x00, 0x83, 0x00, 0x82, 0x08, 0x83, 0x00, 0x62, 0x00, 0x41, 0x00, 0x21, 0x00, 0x20, 0x00, 0x41,
    0x00, 0x61, 0x00, 0x41, 0x00, 0x41, 0x00, 0x41, 0x00, 0x21, 0x00, 0x21, 0x00, 0x42, 0x00, 0x43,
    0x11, 0x48, 0x1A, 0x0C, 0x1A, 0x2D, 0x12, 0x0D, 0x12, 0x2D, 0x12, 0x0D, 0x09, 0xCC, 0x09, 0xAC,
    0x11, 0xEC, 0x12, 0x0D, 0x12, 0x0D, 0x1A, 0x4E, 0x1A, 0x4E, 0x1A, 0x4E, 0x1A, 0x4E, 0x1A, 0x4E,
    0x1A, 0x6E, 0x1A, 0x6F, 0x1A, 0x4E, 0x12, 0x4E, 0x12, 0x2E, 0x0A, 0x4E, 0x0A, 0x2E, 0x0A, 0x2E,
    0x0A, 0x2E, 0x0A, 0x4E, 0x0A, 0x4E, 0x0A, 0x4E, 0x0A, 0x4E, 0x0A, 0x4E, 0x0A, 0x4E, 0x0A, 0x2E,
    0x12, 0x4E, 0x12, 0x2E, 0x12, 0x2E, 0x12, 0x2E, 0x12, 0x2E, 0x1A, 0x2E, 0x1A, 0x2E, 0x29, 0xED,
    0x6D, 0xB9, 0x6D, 0xB9, 0x6D, 0xB8, 0x65, 0xB8, 0x65, 0xB8, 0x65, 0xB8, 0x65, 0xB9, 0x65, 0xB9,
    0x65, 0xB9, 0x65, 0xB9, 0x65, 0xB9, 0x6D, 0xB8, 0x65, 0xB8, 0x65, 0xB8, 0x65, 0xB8, 0x65, 0xB8,
    0x65, 0xB8, 0x6D, 0x98, 0x6D, 0x15, 0x2A, 0x4A, 0x00, 0x22, 0x00, 0x22, 0x00, 0x42, 0x08, 0xA4,
    0x29, 0xC8, 0x08, 0xC4, 0x3A, 0x2A, 0x08, 0xC4, 0x00, 0xA3, 0x08, 0xA4, 0x00, 0x83, 0x09, 0x05,
    0x19, 0x87, 0x21, 0xE9, 0x11, 0x47, 0x00, 0xE6, 0x00, 0xE6, 0x01, 0x07, 0x01, 0x27, 0x01, 0x48,
    0x11, 0xA9, 0x11, 0xAA, 0x09, 0x8A, 0x11, 0xAA, 0x09, 0x8A, 0x11, 0xAB, 0x11, 0xCB, 0x09, 0x8A,
    0x22, 0x0C, 0x22, 0x2D, 0x21, 0xEC, 0x09, 0x8B, 0x01, 0x4A, 0x01, 0x4A, 0x09, 0xAC, 0x11, 0xEC,
    0x1A, 0x0D, 0x12, 0x0D, 0x12, 0x0D, 0x1A, 0x0D, 0x12, 0x0D, 0x12, 0x0D, 0x12, 0x2D, 0x12, 0x2D,
    0x12, 0x0C, 0x11, 0xCB, 0x11, 0x89, 0x00, 0xC6, 0x00, 0x64, 0x00, 0x64, 0x00, 0x64, 0x01, 0x07,
    0x19, 0xEC, 0x1A, 0x2D, 0x12, 0x2D, 0x09, 0xEC, 0x09, 0x69, 0x00, 0xC6, 0x00, 0x43, 0x00, 0x63,
    0x00, 0x83, 0x00, 0x63, 0x00, 0x42, 0x00, 0x42, 0x00, 0x21, 0x00, 0x20, 0x00, 0x21, 0x00, 0x41,
    0x00, 0x61, 0x00, 0x61, 0x00, 0x41, 0x00, 0x41, 0x00, 0x21, 0x00, 0x21, 0x00, 0x42, 0x11, 0x27,
    0x11, 0xAA, 0x11, 0xCB, 0x01, 0x8A, 0x01, 0x8B, 0x01, 0xAB, 0x09, 0xCC, 0x12, 0x0D, 0x12, 0x2E,
    0x12, 0x2E, 0x12, 0x2E, 0x1A, 0x2E, 0x1A, 0x2E, 0x1A, 0x4E, 0x1A, 0x4E, 0x12, 0x2E, 0x12, 0x4E,
    0x1A, 0x4E, 0x12, 0x4E, 0x12, 0x4E, 0x0A, 0x2E, 0x0A, 0x4E, 0x0A, 0x2E, 0x0A, 0x2E, 0x0A, 0x4E,
    0x0A, 0x4E, 0x0A, 0x4E, 0x0A, 0x4E, 0x0A, 0x4E, 0x0A, 0x4E, 0x0A, 0x4E, 0x0A, 0x4E, 0x0A, 0x2E,
    0x12, 0x2E, 0x12, 0x2E, 0x12, 0x4E, 0x12, 0x4E, 0x1A, 0x2E, 0x1A, 0x0E, 0x29, 0xED, 0x65, 0x98,
    0x6D, 0xB8, 0x65, 0xB8, 0x65, 0xB8, 0x65, 0xB8, 0x65, 0xB8, 0x65, 0xB8, 0x65, 0xB9, 0x65, 0xB9,
    0x65, 0xB9, 0x65, 0xB9, 0x6D, 0xB9, 0x6D, 0xB8, 0x65, 0xB8, 0x65, 0xB8, 0x6D, 0xB8, 0x6D, 0xB8,
    0x75, 0x77, 0x3B, 0x0D, 0x00, 0x83, 0x00, 0x21, 0x00, 0x21, 0x00, 0x22, 0x00, 0x22, 0x21, 0x67,
    0x11, 0x05, 0x6C, 0x11, 0x42, 0x6A, 0x00, 0x62, 0x00, 0x01, 0x00, 0x21, 0x00, 0x62, 0x32, 0x09,
    0x6C, 0x11, 0x6C, 0x32, 0x5B, 0xD1, 0x53, 0xF1, 0x54, 0x12, 0x54, 0x12, 0x5C, 0x33, 0x5C, 0x33,
    0x5C, 0x33, 0x5C, 0x33, 0x5C, 0x13, 0x5B, 0xF3, 0x64, 0x35, 0x4B, 0x92, 0x32, 0xF0, 0x32, 0xCF,
    0x22, 0x2E, 0x1A, 0x0D, 0x1A, 0x0D, 0x11, 0xED, 0x09, 0xAC, 0x11, 0xAC, 0x09, 0xAB, 0x01, 0x4A,
    0x09, 0x8B, 0x01, 0x8B, 0x01, 0x6A, 0x01, 0x6A, 0x09, 0xAB, 0x09, 0xAB, 0x09, 0x89, 0x09, 0x68,
    0x00, 0x84, 0x00, 0x84, 0x00, 0x42, 0x00, 0x21, 0x00, 0x21, 0x00, 0x21, 0x00, 0x43, 0x11, 0x28,
    0x19, 0xCB, 0x11, 0xEB, 0x01, 0x49, 0x00, 0x44, 0x00, 0x22, 0x00, 0x63, 0x10, 0xE6, 0x10, 0xE7,
    0x00, 0x85, 0x00, 0x63, 0x00, 0x42, 0x00, 0x21, 0x00, 0x20, 0x00, 0x21, 0x00, 0x41, 0x08, 0x82,
    0x08, 0x82, 0x08, 0x62, 0x00, 0x41, 0x00, 0x21, 0x00, 0x21, 0x00, 0x22, 0x00, 0x64, 0x09, 0x28,
    0x11, 0xAB, 0x11, 0xEC, 0x1A, 0x2D, 0x12, 0x2E, 0x12, 0x2D, 0x12, 0x2D, 0x12, 0x2E, 0x12, 0x2E,
    0x12, 0x2E, 0x12, 0x2E, 0x12, 0x2E, 0x12, 0x2E, 0x12, 0x4E, 0x12, 0x2E, 0x12, 0x4E, 0x12, 0x4E,
    0x12, 0x4E, 0x12, 0x4E, 0x0A, 0x4E, 0x0A, 0x4E, 0x0A, 0x2E, 0x0A, 0x4E, 0x0A, 0x4E, 0x0A, 0x4E,
    0x0A, 0x4E, 0x0A, 0x4E, 0x0A, 0x4E, 0x0A, 0x4E, 0x0A, 0x4E, 0x0A, 0x4E, 0x0A, 0x2E, 0x0A, 0x4E,
    0x12, 0x2E, 0x12, 0x2E, 0x12, 0x2E, 0x12, 0x2E, 0x1A, 0x0E, 0x32, 0x0D, 0x65, 0x98, 0x65, 0xB8,
    0x65, 0xB9, 0x65, 0xB8, 0x65, 0xB8, 0x65, 0xB8, 0x65, 0xB8, 0x65, 0xB8, 0x65, 0xB9, 0x65, 0xB8,
    0x65, 0xB8, 0x6D, 0xB9, 0x6D, 0xB8, 0x6D, 0xB8, 0x6D, 0xB8, 0x6D, 0xB8, 0x6D, 0xB8, 0x6D, 0x36,
    0x19, 0xA8, 0x00, 0x22, 0x00, 0x22, 0x00, 0x42, 0x00, 0x62, 0x00, 0x62, 0x08, 0x83, 0x00, 0x83,
    0x5B, 0x6E, 0x3A, 0x49, 0x00, 0x62, 0x00, 0x21, 0x00, 0x21, 0x00, 0x21, 0x00, 0x62, 0x42, 0xEC,
    0x3A, 0xAC, 0x64, 0x52, 0x6C, 0xF5, 0x75, 0x77, 0x75, 0x98, 0x75, 0xB8, 0x7D, 0xB8, 0x7D, 0xB8,
    0x7D, 0x78, 0x6C, 0xF7, 0x53, 0xF3, 0x2A, 0x8E, 0x09, 0xCC, 0x12, 0x0D, 0x12, 0x0D, 0x12, 0x0D,
    0x12, 0x0D, 0x12, 0x2E, 0x12, 0x0D, 0x12, 0x0D, 0x1A, 0x2E, 0x1A, 0x2D, 0x1A, 0x0D, 0x11, 0xEC,
    0x11, 0xAB, 0x09, 0x49, 0x00, 0xE7, 0x00, 0xE6, 0x00, 0xA5, 0x00, 0x83, 0x00, 0x42, 0x00, 0x41,
    0x00, 0x41, 0x00, 0x41, 0x00, 0x61, 0x00, 0x41, 0x00, 0x21, 0x00, 0x22, 0x00, 0x64, 0x00, 0xC6,
    0x09, 0x28, 0x00, 0xA5, 0x00, 0x22, 0x00, 0x22, 0x00, 0x64, 0x19, 0x48, 0x19, 0x49, 0x00, 0xA6,
    0x00, 0x64, 0x00, 0x43, 0x00, 0x22, 0x00, 0x21, 0x00, 0x21, 0x08, 0x61, 0x08, 0x62, 0x08, 0x82,
    0x08, 0x82, 0x00, 0x41, 0x00, 0x41, 0x00, 0x21, 0x00, 0x21, 0x00, 0x43, 0x11, 0x69, 0x1A, 0x0C,
    0x1A, 0x2D, 0x1A, 0x2E, 0x12, 0x2E, 0x0A, 0x2E, 0x0A, 0x2E, 0x0A, 0x2E, 0x0A, 0x2E, 0x0A, 0x2E,
    0x12, 0x2E, 0x12, 0x2E, 0x12, 0x2E, 0x12, 0x2E, 0x12, 0x4E, 0x12, 0x4E, 0x12, 0x2E, 0x12, 0x2E,
    0x12, 0x2E, 0x0A, 0x2E, 0x0A, 0x2E, 0x0A, 0x4E, 0x0A, 0x4E, 0x0A, 0x4E, 0x0A, 0x4E, 0x12, 0x4E,
    0x12, 0x4E, 0x12, 0x4E, 0x12, 0x4E, 0x12, 0x4E, 0x12, 0x2E, 0x12, 0x2E, 0x0A, 0x2E, 0x0A, 0x2E,
    0x0A, 0x2E, 0x0A, 0x2E, 0x12, 0x2E, 0x1A, 0x0E, 0x29, 0xEE, 0x65, 0xB8, 0x65, 0xB8, 0x65, 0xB8,
    0x65, 0xB8, 0x65, 0xB8, 0x65, 0xB8, 0x65, 0xB8, 0x65, 0xB9, 0x65, 0xB9, 0x65, 0xB8, 0x65, 0xB8,
    0x65, 0xB8, 0x6D, 0xB8, 0x6D, 0xB8, 0x6D, 0xB8, 0x6D, 0xB8, 0x6D, 0xB8, 0x6D, 0x57, 0x21, 0xE9,
    0x00, 0x22, 0x00, 0x22, 0x00, 0x42, 0x08, 0x83, 0x00, 0x82, 0x00, 0x62, 0x00, 0x62, 0x00, 0xA3,
    0x00, 0x82, 0x00, 0x62, 0x00, 0x41, 0x00, 0x21, 0x00, 0x21, 0x00, 0x21, 0x00, 0x62, 0x08, 0xE4,
    0x6C, 0x72, 0x6D, 0x15, 0x75, 0x97, 0x75, 0xB8, 0x75, 0x99, 0x75, 0x78, 0x64, 0xD6, 0x3B, 0x91,
    0x0A, 0x2D, 0x02, 0x0C, 0x02, 0x0C, 0x02, 0x0D, 0x0A, 0x0D, 0x0A, 0x0D, 0x0A, 0x0D, 0x12, 0x2E,
    0x12, 0x2E, 0x12, 0x2D, 0x0A, 0x2D, 0x0A, 0x2D, 0x0A, 0x2D, 0x09, 0xCB, 0x09, 0x28, 0x00, 0xA5,
    0x00, 0x84, 0x00, 0x43, 0x00, 0x43, 0x00, 0x42, 0x00, 0x42, 0x00, 0x21, 0x00, 0x21, 0x00, 0x61,
    0x00, 0x61, 0x08, 0x82, 0x00, 0x62, 0x00, 0x42, 0x10, 0xA4, 0x11, 0x06, 0x00, 0xA5, 0x00, 0x43,
    0x00, 0x22, 0x00, 0x21, 0x00, 0x21, 0x00, 0x43, 0x11, 0x08, 0x11, 0x6A, 0x09, 0x49, 0x09, 0x07,
    0x00, 0x85, 0x00, 0x22, 0x00, 0x21, 0x00, 0x21, 0x08, 0x62, 0x00, 0x62, 0x08, 0x82, 0x08, 0xA2,
    0x08, 0x61, 0x00, 0x41, 0x00, 0x21, 0x00, 0x21, 0x00, 0x22, 0x11, 0x48, 0x22, 0x0C, 0x1A, 0x4D,
    0x12, 0x4D, 0x12, 0x4E, 0x0A, 0x4E, 0x0A, 0x2E, 0x02, 0x2D, 0x02, 0x2E, 0x0A, 0x2E, 0x0A, 0x2E,
    0x0A, 0x2E, 0x12, 0x2E, 0x12, 0x2E, 0x12, 0x2E, 0x12, 0x2E, 0x12, 0x2E, 0x12, 0x2E, 0x0A, 0x2E,
    0x0A, 0x2E, 0x0A, 0x2E, 0x0A, 0x2E, 0x0A, 0x4E, 0x0A, 0x4E, 0x0A, 0x4E, 0x12, 0x4E, 0x12, 0x4E,
    0x12, 0x4E, 0x12, 0x4E, 0x12, 0x4E, 0x12, 0x4E, 0x12, 0x4E, 0x0A, 0x2E, 0x0A, 0x2E, 0x0A, 0x2E,
    0x0A, 0x2E, 0x12, 0x2E, 0x1A, 0x0E, 0x29, 0xEE, 0x6D, 0xB8, 0x6D, 0xB8, 0x6D, 0xB8, 0x6D, 0xB8,
    0x6D, 0xB8, 0x6D, 0xB8, 0x65, 0xB8, 0x65, 0xB9, 0x6D, 0xB9, 0x6D, 0xB9, 0x6D, 0xB8, 0x6D, 0xB8,
    0x6D, 0xB8, 0x6D, 0xB8, 0x6D, 0xB8, 0x6D, 0xB9, 0x6D, 0xD9, 0x75, 0xB8, 0x64, 0xB4, 0x11, 0x66,
    0x00, 0x42, 0x00, 0x42, 0x00, 0x83, 0x08, 0xA3, 0x00, 0xA2, 0x00, 0x82, 0x00, 0x82, 0x00, 0x82,
    0x00, 0x62, 0x00, 0x61, 0x00, 0x41, 0x00, 0x21, 0x00, 0x21, 0x00, 0x21, 0x11, 0x04, 0x74, 0xB3,
    0x7D, 0x56, 0x7D, 0x77, 0x6D, 0x16, 0x54, 0x33, 0x2A, 0xCE, 0x01, 0xCB, 0x02, 0x0C, 0x02, 0x2D,
    0x02, 0x4E, 0x02, 0x2D, 0x02, 0x2D, 0x0A, 0x0E, 0x0A, 0x0D, 0x09, 0xED, 0x12, 0x0D, 0x0A, 0x0D,
    0x0A, 0x2E, 0x0A, 0x2E, 0x0A, 0x2D, 0x0A, 0x2D, 0x09, 0xCB, 0x00, 0x84, 0x00, 0x21, 0x00, 0x20,
    0x00, 0x21, 0x00, 0x41, 0x00, 0x41, 0x00, 0x41, 0x00, 0x41, 0x00, 0x41, 0x08, 0x82, 0x00, 0x61,
    0x00, 0x41, 0x00, 0x41, 0x00, 0x42, 0x08, 0xA4, 0x08, 0xA4, 0x00, 0x63, 0x00, 0x21, 0x00, 0x21,
    0x00, 0x21, 0x00, 0x22, 0x00, 0x64, 0x21, 0xAA, 0x21, 0xED, 0x19, 0xED, 0x19, 0xCC, 0x11, 0x69,
    0x00, 0x64, 0x00, 0x22, 0x00, 0x42, 0x08, 0x82, 0x00, 0x62, 0x00, 0x41, 0x00, 0x41, 0x00, 0x41,
    0x00, 0x41, 0x00, 0x41, 0x00, 0x21, 0x00, 0x22, 0x08, 0xE6, 0x22, 0x0C, 0x22, 0x4D, 0x1A, 0x4E,
    0x12, 0x4E, 0x0A, 0x2E, 0x0A, 0x2E, 0x02, 0x2E, 0x02, 0x2E, 0x0A, 0x2E, 0x0A, 0x2E, 0x0A, 0x2E,
    0x12, 0x2E, 0x12, 0x2E, 0x12, 0x2E, 0x12, 0x2E, 0x12, 0x2E, 0x12, 0x2E, 0x0A, 0x2E, 0x0A, 0x2E,
    0x0A, 0x2E, 0x0A, 0x2E, 0x0A, 0x2E, 0x0A, 0x2E, 0x12, 0x2E, 0x12, 0x4E, 0x12, 0x4E, 0x12, 0x4E,
    0x12, 0x4E, 0x12, 0x4E, 0x1A, 0x4F, 0x12, 0x4E, 0x12, 0x2E, 0x0A, 0x2E, 0x0A, 0x2E, 0x12, 0x2E,
    0x12, 0x0E, 0x1A, 0x0E, 0x29, 0xEE, 0x6D, 0xB9, 0x6D, 0xB9, 0x6D, 0xB8, 0x6D, 0xB8, 0x6D, 0xB8,
    0x6D, 0xB8, 0x6D, 0xB8, 0x6D, 0xB8, 0x6D, 0xB8, 0x6D, 0xB9, 0x6D, 0xB9, 0x6D, 0xB9, 0x6D, 0xB9,
    0x6D, 0xB9, 0x6D, 0xB9, 0x6D, 0xB9, 0x6D, 0xB9, 0x75, 0xB8, 0x75, 0x97, 0x32, 0xAC, 0x00, 0x63,
    0x00, 0x42, 0x00, 0x62, 0x08, 0xA3, 0x08, 0x82, 0x00, 0x82, 0x00, 0x62, 0x00, 0x62, 0x00, 0x41,
    0x00, 0x41, 0x00, 0x41, 0x00, 0x21, 0x00, 0x21, 0x00, 0x21, 0x00, 0x41, 0x4A, 0xEC, 0x74, 0x73,
    0x4B, 0x6F, 0x11, 0x89, 0x01, 0xAB, 0x01, 0xCB, 0x02, 0x0C, 0x02, 0x2D, 0x02, 0x4E, 0x02, 0x2E,
    0x02, 0x2E, 0x02, 0x2E, 0x0A, 0x0E, 0x09, 0xED, 0x09, 0xCC, 0x01, 0x6B, 0x01, 0x6B, 0x09, 0xAB,
    0x09, 0xED, 0x0A, 0x0D, 0x0A, 0x0D, 0x09, 0xAA, 0x00, 0x43, 0x00, 0x21, 0x00, 0x20, 0x00, 0x41,
    0x08, 0x62, 0x00, 0x41, 0x00, 0x41, 0x08, 0x62, 0x10, 0xA3, 0x08, 0x82, 0x08, 0x82, 0x08, 0x82,
    0x00, 0x41, 0x00, 0x21, 0x00, 0x42, 0x00, 0x42, 0x00, 0x42, 0x08, 0x62, 0x00, 0x41, 0x00, 0x21,
    0x00, 0x42, 0x08, 0xE6, 0x21, 0xCB, 0x1A, 0x0D, 0x12, 0x0D, 0x1A, 0x0D, 0x19, 0xEC, 0x09, 0x08,
    0x00, 0x43, 0x00, 0x42, 0x08, 0x62, 0x08, 0x62, 0x00, 0x61, 0x00, 0x41, 0x00, 0x41, 0x08, 0x41,
    0x00, 0x41, 0x00, 0x21, 0x00, 0x22, 0x00, 0x84, 0x22, 0x0B, 0x22, 0x4D, 0x1A, 0x2D, 0x12, 0x2E,
    0x0A, 0x0E, 0x0A, 0x0E, 0x02, 0x0E, 0x02, 0x0E, 0x02, 0x2E, 0x0A, 0x2E, 0x0A, 0x2E, 0x0A, 0x2E,
    0x0A, 0x2E, 0x12, 0x2E, 0x0A, 0x2E, 0x0A, 0x0E, 0x0A, 0x2E, 0x0A, 0x2E, 0x02, 0x0E, 0x02, 0x0D,
    0x02, 0x0D, 0x02, 0x0D, 0x0A, 0x2E, 0x0A, 0x2E, 0x0A, 0x2E, 0x12, 0x2E, 0x12, 0x2E, 0x12, 0x2E,
    0x12, 0x4E, 0x1A, 0x4F, 0x12, 0x2E, 0x12, 0x2E, 0x12, 0x2E, 0x12, 0x2E, 0x12, 0x2E, 0x12, 0x0E,
    0x1A, 0x0E, 0x29, 0xED, 0x6D, 0xB8, 0x6D, 0xB8, 0x6D, 0xB8, 0x6D, 0xB8, 0x6D, 0xB8, 0x6D, 0xB8,
    0x6D, 0xB8, 0x6D, 0xB8, 0x6D, 0xB8, 0x6D, 0xB8, 0x6D, 0xB9, 0x6D, 0xB8, 0x6D, 0xB8, 0x6D, 0xB8,
    0x6D, 0xB8, 0x6D, 0xB8, 0x75, 0xB8, 0x75, 0xB8, 0x6D, 0x98, 0x6C, 0xF5, 0x2A, 0x4A, 0x00, 0x83,
    0x00, 0x42, 0x08, 0x42, 0x00, 0x41, 0x00, 0x61, 0x00, 0x42, 0x00, 0x41, 0x00, 0x41, 0x00, 0x41,
    0x00, 0x41, 0x00, 0x41, 0x00, 0x41, 0x00, 0x21, 0x00, 0x21, 0x00, 0x62, 0x08, 0xA4, 0x00, 0xC5,
    0x09, 0x49, 0x01, 0xCC, 0x02, 0x0D, 0x02, 0x0D, 0x02, 0x0D, 0x02, 0x0D, 0x02, 0x0D, 0x0A, 0x2D,
    0x0A, 0x2E, 0x12, 0x2D, 0x11, 0xEC, 0x09, 0x49, 0x00, 0x66, 0x00, 0x25, 0x08, 0xE8, 0x11, 0x8B,
    0x11, 0xEC, 0x11, 0xCB, 0x00, 0xE6, 0x00, 0x01, 0x00, 0x01, 0x00, 0x20, 0x08, 0x41, 0x00, 0x41,
    0x00, 0x41, 0x08, 0x21, 0x08, 0x41, 0x08, 0x41, 0x00, 0x21, 0x00, 0x41, 0x00, 0x41, 0x08, 0x41,
    0x08, 0x41, 0x00, 0x41, 0x00, 0x42, 0x10, 0xA3, 0x18, 0xC3, 0x00, 0x41, 0x00, 0x41, 0x00, 0x42,
    0x08, 0xA4, 0x19, 0x89, 0x21, 0xEC, 0x1A, 0x0D, 0x1A, 0x2D, 0x1A, 0x0D, 0x19, 0xAA, 0x08, 0xA5,
    0x00, 0x63, 0x08, 0x62, 0x08, 0x82, 0x10, 0x82, 0x08, 0x41, 0x00, 0x41, 0x00, 0x21, 0x00, 0x21,
    0x00, 0x21, 0x00, 0x21, 0x00, 0x22, 0x19, 0x68, 0x22, 0x0C, 0x12, 0x0D, 0x0A, 0x0D, 0x0A, 0x0D,
    0x0A, 0x0D, 0x0A, 0x0D, 0x0A, 0x0D, 0x0A, 0x0D, 0x0A, 0x0D, 0x0A, 0x0D, 0x12, 0x2D, 0x0A, 0x2D,
    0x0A, 0x0D, 0x12, 0x2D, 0x0A, 0x0D, 0x02, 0x0D, 0x02, 0x0D, 0x02, 0x0D, 0x02, 0x0D, 0x02, 0x0D,
    0x0A, 0x2D, 0x12, 0x0D, 0x12, 0x2D, 0x12, 0x2E, 0x12, 0x2D, 0x12, 0x2D, 0x12, 0x2D, 0x12, 0x2E,
    0x12, 0x2E, 0x12, 0x2E, 0x1A, 0x2E, 0x12, 0x0E, 0x12, 0x0E, 0x1A, 0x0E, 0x1A, 0x0E, 0x22, 0x0E,
    0x31, 0xED, 0x85, 0xD9, 0x85, 0xF9, 0x85, 0xF9, 0x85, 0xD9, 0x85, 0xD9, 0x85, 0xB9, 0x85, 0xD9,
    0x85, 0xB9, 0x85, 0xD9, 0x85, 0xD9, 0x85, 0xD9, 0x85, 0xD9, 0x85, 0xD9, 0x85, 0xD9, 0x85, 0xD9,
    0x85, 0xD9, 0x8D, 0xF9, 0x85, 0xD8, 0x7D, 0xB8, 0x85, 0xB8, 0x85, 0x56, 0x5B, 0x4E, 0x00, 0x21,
    0x08, 0x21, 0x08, 0x21, 0x00, 0x41, 0x08, 0x42, 0x08, 0x62, 0x08, 0x62, 0x00, 0x61, 0x00, 0x62,
    0x00, 0x41, 0x00, 0x41, 0x00, 0x41, 0x00, 0x21, 0x00, 0x21, 0x00, 0x22, 0x08, 0xA5, 0x29, 0xCA,
    0x19, 0xEC, 0x1A, 0x0C, 0x1A, 0x0C, 0x1A, 0x0C, 0x1A, 0x2C, 0x22, 0x2D, 0x22, 0x4D, 0x22, 0x2D,
    0x2A, 0x0C, 0x21, 0x8A, 0x18, 0xE7, 0x08, 0x24, 0x10, 0x43, 0x20, 0xA5, 0x20, 0xE7, 0x20, 0xE7,
    0x20, 0xC6, 0x10, 0x43, 0x08, 0x00, 0x00, 0x00, 0x00, 0x20, 0x08, 0x20, 0x08, 0x20, 0x08, 0x20,
    0x10, 0x41, 0x08, 0x20, 0x08, 0x20, 0x00, 0x20, 0x00, 0x20, 0x00, 0x41, 0x00, 0x61, 0x00, 0x41,
    0x00, 0x41, 0x08, 0x62, 0x10, 0x82, 0x18, 0xC3, 0x08, 0x61, 0x08, 0x41, 0x08, 0x42, 0x00, 0x62,
    0x00, 0xA4, 0x21, 0xA9, 0x2A, 0x0C, 0x2A, 0x2D, 0x2A, 0x2D, 0x32, 0x0B, 0x31, 0xC9, 0x21, 0x05,
    0x10, 0x62, 0x18, 0xC3, 0x21, 0x04, 0x10, 0x82, 0x08, 0x62, 0x08, 0x41, 0x08, 0x21, 0x08, 0x21,
    0x08, 0x21, 0x10, 0x62, 0x18, 0xC6, 0x29, 0xAA, 0x19, 0xCB, 0x19, 0xEC, 0x19, 0xEC, 0x1A, 0x0C,
    0x22, 0x2D, 0x19, 0xEC, 0x19, 0xEC, 0x22, 0x0D, 0x22, 0x2D, 0x22, 0x4D, 0x22, 0x0D, 0x19, 0xEC,
    0x22, 0x2D, 0x1A, 0x0D, 0x1A, 0x0D, 0x11, 0xEC, 0x11, 0xCC, 0x19, 0xEC, 0x22, 0x2D, 0x22, 0x2D,
    0x22, 0x0D, 0x2A, 0x2D, 0x2A, 0x2D, 0x2A, 0x4D, 0x2A, 0x4D, 0x22, 0x0D, 0x22, 0x0D, 0x21, 0xED,
    0x22, 0x0D, 0x22, 0x0D, 0x22, 0x0D, 0x22, 0x0D, 0x22, 0x0D, 0x21, 0xED, 0x29, 0xED, 0x31, 0xEC,
};
// clang-format on
